pagina,tipo_pagina,localidad,marca,capacidad_frigorias,origen,imagen,existe,tamano_kb,formato,ancho_px,alto_px,webp_servido,webp_en_disco,alt,texto_alt,width_height,loading_lazy,linea,repetida_en_paginas
aires-acondicionados/capacidades/2000-frigorias-arenys-de-mar.html,capacidad/ciudad,Arenys de Mar,,2000,picture,aires-acondicionados/img/logo_zervitecnics.png,sí,31,png,560,120,sí,sí,sí,Zervitecnics,sí,no,148,676
aires-acondicionados/capacidades/2000-frigorias-arenys-de-mar.html,capacidad/ciudad,Arenys de Mar,,2000,picture,aires-acondicionados/img/hero_split.jpg,sí,91,jpg,1200,900,sí,sí,sí,2000 frigorías en Arenys de Mar,no,sí,175,621
aires-acondicionados/capacidades/2000-frigorias-arenys-de-mar.html,capacidad/ciudad,Arenys de Mar,,2000,picture,aires-acondicionados/img/logo_zervitecnics.png,sí,31,png,560,120,sí,sí,sí,Zervitecnics,no,no,343,676
aires-acondicionados/capacidades/2000-frigorias-arenys-de-mar.html,capacidad/ciudad,Arenys de Mar,,2000,og:image,aires-acondicionados/img/hero_main.jpg,sí,115,jpg,1400,787,no,sí,,,,,41,5
aires-acondicionados/capacidades/2000-frigorias-argentona.html,capacidad/ciudad,Argentona,,2000,picture,aires-acondicionados/img/logo_zervitecnics.png,sí,31,png,560,120,sí,sí,sí,Zervitecnics,sí,no,148,676
aires-acondicionados/capacidades/2000-frigorias-argentona.html,capacidad/ciudad,Argentona,,2000,picture,aires-acondicionados/img/hero_split.jpg,sí,91,jpg,1200,900,sí,sí,sí,2000 frigorías en Argentona,no,sí,175,621
aires-acondicionados/capacidades/2000-frigorias-argentona.html,capacidad/ciudad,Argentona,,2000,picture,aires-acondicionados/img/logo_zervitecnics.png,sí,31,png,560,120,sí,sí,sí,Zervitecnics,no,no,343,676
aires-acondicionados/capacidades/2000-frigorias-argentona.html,capacidad/ciudad,Argentona,,2000,og:image,aires-acondicionados/img/hero_main.jpg,sí,115,jpg,1400,787,no,sí,,,,,41,5
aires-acondicionados/capacidades/2000-frigorias-badalona.html,capacidad/ciudad,Badalona,,2000,picture,aires-acondicionados/img/logo_zervitecnics.png,sí,31,png,560,120,sí,sí,sí,Zervitecnics,sí,no,148,676
aires-acondicionados/capacidades/2000-frigorias-badalona.html,capacidad/ciudad,Badalona,,2000,picture,aires-acondicionados/img/hero_split.jpg,sí,91,jpg,1200,900,sí,sí,sí,2000 frigorías en Badalona,no,sí,175,621
aires-acondicionados/capacidades/2000-frigorias-badalona.html,capacidad/ciudad,Badalona,,2000,picture,aires-acondicionados/img/logo_zervitecnics.png,sí,31,png,560,120,sí,sí,sí,Zervitecnics,no,no,374,676
aires-acondicionados/capacidades/2000-frigorias-badalona.html,capacidad/ciudad,Badalona,,2000,og:image,aires-acondicionados/img/hero_main.jpg,sí,115,jpg,1400,787,no,sí,,,,,41,5
aires-acondicionados/capacidades/2000-frigorias-barbera-del-valles.html,capacidad/ciudad,Barberà del Vallès,,2000,picture,aires-acondicionados/img/logo_zervitecnics.png,sí,31,png,560,120,sí,sí,sí,Zervitecnics,sí,no,148,676
aires-acondicionados/capacidades/2000-frigorias-barbera-del-valles.html,capacidad/ciudad,Barberà del Vallès,,2000,picture,aires-acondicionados/img/hero_split.jpg,sí,91,jpg,1200,900,sí,sí,sí,2000 frigorías en Barberà del Vallès,no,sí,175,621
aires-acondicionados/capacidades/2000-frigorias-barbera-del-valles.html,capacidad/ciudad,Barberà del Vallès,,2000,picture,aires-acondicionados/img/logo_zervitecnics.png,sí,31,png,560,120,sí,sí,sí,Zervitecnics,no,no,343,676
aires-acondicionados/capacidades/2000-frigorias-barbera-del-valles.html,capacidad/ciudad,Barberà del Vallès,,2000,og:image,aires-acondicionados/img/hero_main.jpg,sí,115,jpg,1400,787,no,sí,,,,,41,5
aires-acondicionados/capacidades/2000-frigorias-barcelona.html,capacidad/ciudad,Barcelona,,2000,picture,aires-acondicionados/img/logo_zervitecnics.png,sí,31,png,560,120,sí,sí,sí,Zervitecnics,sí,no,148,676
aires-acondicionados/capacidades/2000-frigorias-barcelona.html,capacidad/ciudad,Barcelona,,2000,picture,aires-acondicionados/img/hero_split.jpg,sí,91,jpg,1200,900,sí,sí,sí,2000 frigorías en Barcelona,no,sí,175,621
aires-acondicionados/capacidades/2000-frigorias-barcelona.html,capacidad/ciudad,Barcelona,,2000,picture,aires-acondicionados/img/logo_zervitecnics.png,sí,31,png,560,120,sí,sí,sí,Zervitecnics,no,no,373,676
aires-acondicionados/capacidades/2000-frigorias-barcelona.html,capacidad/ciudad,Barcelona,,2000,og:image,aires-acondicionados/img/hero_main.jpg,sí,115,jpg,1400,787,no,sí,,,,,41,5
aires-acondicionados/capacidades/2000-frigorias-cabrils.html,capacidad/ciudad,Cabrils,,2000,picture,aires-acondicionados/img/logo_zervitecnics.png,sí,31,png,560,120,sí,sí,sí,Zervitecnics,sí,no,148,676
aires-acondicionados/capacidades/2000-frigorias-cabrils.html,capacidad/ciudad,Cabrils,,2000,picture,aires-acondicionados/img/hero_split.jpg,sí,91,jpg,1200,900,sí,sí,sí,2000 frigorías en Cabrils,no,sí,175,621
aires-acondicionados/capacidades/2000-frigorias-cabrils.html,capacidad/ciudad,Cabrils,,2000,picture,aires-acondicionados/img/logo_zervitecnics.png,sí,31,png,560,120,sí,sí,sí,Zervitecnics,no,no,343,676
aires-acondicionados/capacidades/2000-frigorias-cabrils.html,capacidad/ciudad,Cabrils,,2000,og:image,aires-acondicionados/img/hero_main.jpg,sí,115,jpg,1400,787,no,sí,,,,,41,5
aires-acondicionados/capacidades/2000-frigorias-caldes-de-montbui.html,capacidad/ciudad,Caldes de Montbui,,2000,picture,aires-acondicionados/img/logo_zervitecnics.png,sí,31,png,560,120,sí,sí,sí,Zervitecnics,sí,no,148,676
aires-acondicionados/capacidades/2000-frigorias-caldes-de-montbui.html,capacidad/ciudad,Caldes de Montbui,,2000,picture,aires-acondicionados/img/hero_split.jpg,sí,91,jpg,1200,900,sí,sí,sí,2000 frigorías en Caldes de Montbui,no,sí,175,621
aires-acondicionados/capacidades/2000-frigorias-caldes-de-montbui.html,capacidad/ciudad,Caldes de Montbui,,2000,picture,aires-acondicionados/img/logo_zervitecnics.png,sí,31,png,560,120,sí,sí,sí,Zervitecnics,no,no,343,676
aires-acondicionados/capacidades/2000-frigorias-caldes-de-montbui.html,capacidad/ciudad,Caldes de Montbui,,2000,og:image,aires-acondicionados/img/hero_main.jpg,sí,115,jpg,1400,787,no,sí,,,,,41,5
aires-acondicionados/capacidades/2000-frigorias-calella.html,capacidad/ciudad,Calella,,2000,picture,aires-acondicionados/img/logo_zervitecnics.png,sí,31,png,560,120,sí,sí,sí,Zervitecnics,sí,no,148,676
aires-acondicionados/capacidades/2000-frigorias-calella.html,capacidad/ciudad,Calella,,2000,picture,aires-acondicionados/img/hero_split.jpg,sí,91,jpg,1200,900,sí,sí,sí,2000 frigorías en Calella,no,sí,175,621
aires-acondicionados/capacidades/2000-frigorias-calella.html,capacidad/ciudad,Calella,,2000,picture,aires-acondicionados/img/logo_zervitecnics.png,sí,31,png,560,120,sí,sí,sí,Zervitecnics,no,no,343,676
aires-acondicionados/capacidades/2000-frigorias-calella.html,capacidad/ciudad,Calella,,2000,og:image,aires-acondicionados/img/hero_main.jpg,sí,115,jpg,1400,787,no,sí,,,,,41,5
aires-acondicionados/capacidades/2000-frigorias-canet-de-mar.html,capacidad/ciudad,Canet de Mar,,2000,picture,aires-acondicionados/img/logo_zervitecnics.png,sí,31,png,560,120,sí,sí,sí,Zervitecnics,sí,no,148,676
aires-acondicionados/capacidades/2000-frigorias-canet-de-mar.html,capacidad/ciudad,Canet de Mar,,2000,picture,aires-acondicionados/img/hero_split.jpg,sí,91,jpg,1200,900,sí,sí,sí,2000 frigorías en Canet de Mar,no,sí,175,621
aires-acondicionados/capacidades/2000-frigorias-canet-de-mar.html,capacidad/ciudad,Canet de Mar,,2000,picture,aires-acondicionados/img/logo_zervitecnics.png,sí,31,png,560,120,sí,sí,sí,Zervitecnics,no,no,343,676
aires-acondicionados/capacidades/2000-frigorias-canet-de-mar.html,capacidad/ciudad,Canet de Mar,,2000,og:image,aires-acondicionados/img/hero_main.jpg,sí,115,jpg,1400,787,no,sí,,,,,41,5
aires-acondicionados/capacidades/2000-frigorias-cardedeu.html,capacidad/ciudad,Cardedeu,,2000,picture,aires-acondicionados/img/logo_zervitecnics.png,sí,31,png,560,120,sí,sí,sí,Zervitecnics,sí,no,148,676
aires-acondicionados/capacidades/2000-frigorias-cardedeu.html,capacidad/ciudad,Cardedeu,,2000,picture,aires-acondicionados/img/hero_split.jpg,sí,91,jpg,1200,900,sí,sí,sí,2000 frigorías en Cardedeu,no,sí,175,621
aires-acondicionados/capacidades/2000-frigorias-cardedeu.html,capacidad/ciudad,Cardedeu,,2000,picture,aires-acondicionados/img/logo_zervitecnics.png,sí,31,png,560,120,sí,sí,sí,Zervitecnics,no,no,343,676
aires-acondicionados/capacidades/2000-frigorias-cardedeu.html,capacidad/ciudad,Cardedeu,,2000,og:image,aires-acondicionados/img/hero_main.jpg,sí,115,jpg,1400,787,no,sí,,,,,41,5
aires-acondicionados/capacidades/2000-frigorias-castellar-del-valles.html,capacidad/ciudad,Castellar del Vallès,,2000,picture,aires-acondicionados/img/logo_zervitecnics.png,sí,31,png,560,120,sí,sí,sí,Zervitecnics,sí,no,148,676
aires-acondicionados/capacidades/2000-frigorias-castellar-del-valles.html,capacidad/ciudad,Castellar del Vallès,,2000,picture,aires-acondicionados/img/hero_split.jpg,sí,91,jpg,1200,900,sí,sí,sí,2000 frigorías en Castellar del Vallès,no,sí,175,621
aires-acondicionados/capacidades/2000-frigorias-castellar-del-valles.html,capacidad/ciudad,Castellar del Vallès,,2000,picture,aires-acondicionados/img/logo_zervitecnics.png,sí,31,png,560,120,sí,sí,sí,Zervitecnics,no,no,343,676
aires-acondicionados/capacidades/2000-frigorias-castellar-del-valles.html,capacidad/ciudad,Castellar del Vallès,,2000,og:image,aires-acondicionados/img/hero_main.jpg,sí,115,jpg,1400,787,no,sí,,,,,41,5
aires-acondicionados/capacidades/2000-frigorias-castelldefels.html,capacidad/ciudad,Castelldefels,,2000,picture,aires-acondicionados/img/logo_zervitecnics.png,sí,31,png,560,120,sí,sí,sí,Zervitecnics,sí,no,148,676
aires-acondicionados/capacidades/2000-frigorias-castelldefels.html,capacidad/ciudad,Castelldefels,,2000,picture,aires-acondicionados/img/hero_split.jpg,sí,91,jpg,1200,900,sí,sí,sí,2000 frigorías en Castelldefels,no,sí,175,621
aires-acondicionados/capacidades/2000-frigorias-castelldefels.html,capacidad/ciudad,Castelldefels,,2000,picture,aires-acondicionados/img/logo_zervitecnics.png,sí,31,png,560,120,sí,sí,sí,Zervitecnics,no,no,374,676
aires-acondicionados/capacidades/2000-frigorias-castelldefels.html,capacidad/ciudad,Castelldefels,,2000,og:image,aires-acondicionados/img/hero_main.jpg,sí,115,jpg,1400,787,no,sí,,,,,41,5
aires-acondicionados/capacidades/2000-frigorias-cerdanyola-del-valles.html,capacidad/ciudad,Cerdanyola del Vallès,,2000,picture,aires-acondicionados/img/logo_zervitecnics.png,sí,31,png,560,120,sí,sí,sí,Zervitecnics,sí,no,148,676
aires-acondicionados/capacidades/2000-frigorias-cerdanyola-del-valles.html,capacidad/ciudad,Cerdanyola del Vallès,,2000,picture,aires-acondicionados/img/hero_split.jpg,sí,91,jpg,1200,900,sí,sí,sí,2000 frigorías en Cerdanyola del Vallès,no,sí,175,621
aires-acondicionados/capacidades/2000-frigorias-cerdanyola-del-valles.html,capacidad/ciudad,Cerdanyola del Vallès,,2000,picture,aires-acondicionados/img/logo_zervitecnics.png,sí,31,png,560,120,sí,sí,sí,Zervitecnics,no,no,343,676
aires-acondicionados/capacidades/2000-frigorias-cerdanyola-del-valles.html,capacidad/ciudad,Cerdanyola del Vallès,,2000,og:image,aires-acondicionados/img/hero_main.jpg,sí,115,jpg,1400,787,no,sí,,,,,41,5
aires-acondicionados/capacidades/2000-frigorias-cornella-de-llobregat.html,capacidad/ciudad,Cornellà de Llobregat,,2000,picture,aires-acondicionados/img/logo_zervitecnics.png,sí,31,png,560,120,sí,sí,sí,Zervitecnics,sí,no,148,676
aires-acondicionados/capacidades/2000-frigorias-cornella-de-llobregat.html,capacidad/ciudad,Cornellà de Llobregat,,2000,picture,aires-acondicionados/img/hero_split.jpg,sí,91,jpg,1200,900,sí,sí,sí,2000 frigorías en Cornellà de Llobregat,no,sí,175,621
aires-acondicionados/capacidades/2000-frigorias-cornella-de-llobregat.html,capacidad/ciudad,Cornellà de Llobregat,,2000,picture,aires-acondicionados/img/logo_zervitecnics.png,sí,31,png,560,120,sí,sí,sí,Zervitecnics,no,no,374,676
aires-acondicionados/capacidades/2000-frigorias-cornella-de-llobregat.html,capacidad/ciudad,Cornellà de Llobregat,,2000,og:image,aires-acondicionados/img/hero_main.jpg,sí,115,jpg,1400,787,no,sí,,,,,41,5
aires-acondicionados/capacidades/2000-frigorias-el-masnou.html,capacidad/ciudad,El Masnou,,2000,picture,aires-acondicionados/img/logo_zervitecnics.png,sí,31,png,560,120,sí,sí,sí,Zervitecnics,sí,no,148,676
aires-acondicionados/capacidades/2000-frigorias-el-masnou.html,capacidad/ciudad,El Masnou,,2000,picture,aires-acondicionados/img/hero_split.jpg,sí,91,jpg,1200,900,sí,sí,sí,2000 frigorías en El Masnou,no,sí,175,621
aires-acondicionados/capacidades/2000-frigorias-el-masnou.html,capacidad/ciudad,El Masnou,,2000,picture,aires-acondicionados/img/logo_zervitecnics.png,sí,31,png,560,120,sí,sí,sí,Zervitecnics,no,no,343,676
aires-acondicionados/capacidades/2000-frigorias-el-masnou.html,capacidad/ciudad,El Masnou,,2000,og:image,aires-acondicionados/img/hero_main.jpg,sí,115,jpg,1400,787,no,sí,,,,,41,5
aires-acondicionados/capacidades/2000-frigorias-el-prat-de-llobregat.html,capacidad/ciudad,El Prat de Llobregat,,2000,picture,aires-acondicionados/img/logo_zervitecnics.png,sí,31,png,560,120,sí,sí,sí,Zervitecnics,sí,no,148,676
aires-acondicionados/capacidades/2000-frigorias-el-prat-de-llobregat.html,capacidad/ciudad,El Prat de Llobregat,,2000,picture,aires-acondicionados/img/hero_split.jpg,sí,91,jpg,1200,900,sí,sí,sí,2000 frigorías en El Prat de Llobregat,no,sí,175,621
aires-acondicionados/capacidades/2000-frigorias-el-prat-de-llobregat.html,capacidad/ciudad,El Prat de Llobregat,,2000,picture,aires-acondicionados/img/logo_zervitecnics.png,sí,31,png,560,120,sí,sí,sí,Zervitecnics,no,no,373,676
aires-acondicionados/capacidades/2000-frigorias-el-prat-de-llobregat.html,capacidad/ciudad,El Prat de Llobregat,,2000,og:image,aires-acondicionados/img/hero_main.jpg,sí,115,jpg,1400,787,no,sí,,,,,41,5
aires-acondicionados/capacidades/2000-frigorias-esplugues-de-llobregat.html,capacidad/ciudad,Esplugues de Llobregat,,2000,picture,aires-acondicionados/img/logo_zervitecnics.png,sí,31,png,560,120,sí,sí,sí,Zervitecnics,sí,no,148,676
aires-acondicionados/capacidades/2000-frigorias-esplugues-de-llobregat.html,capacidad/ciudad,Esplugues de Llobregat,,2000,picture,aires-acondicionados/img/hero_split.jpg,sí,91,jpg,1200,900,sí,sí,sí,2000 frigorías en Esplugues de Llobregat,no,sí,175,621
aires-acondicionados/capacidades/2000-frigorias-esplugues-de-llobregat.html,capacidad/ciudad,Esplugues de Llobregat,,2000,picture,aires-acondicionados/img/logo_zervitecnics.png,sí,31,png,560,120,sí,sí,sí,Zervitecnics,no,no,373,676
aires-acondicionados/capacidades/2000-frigorias-esplugues-de-llobregat.html,capacidad/ciudad,Esplugues de Llobregat,,2000,og:image,aires-acondicionados/img/hero_main.jpg,sí,115,jpg,1400,787,no,sí,,,,,41,5
aires-acondicionados/capacidades/2000-frigorias-gava.html,capacidad/ciudad,Gavà,,2000,picture,aires-acondicionados/img/logo_zervitecnics.png,sí,31,png,560,120,sí,sí,sí,Zervitecnics,sí,no,148,676
aires-acondicionados/capacidades/2000-frigorias-gava.html,capacidad/ciudad,Gavà,,2000,picture,aires-acondicionados/img/hero_split.jpg,sí,91,jpg,1200,900,sí,sí,sí,2000 frigorías en Gavà,no,sí,175,621
aires-acondicionados/capacidades/2000-frigorias-gava.html,capacidad/ciudad,Gavà,,2000,picture,aires-acondicionados/img/logo_zervitecnics.png,sí,31,png,560,120,sí,sí,sí,Zervitecnics,no,no,373,676
aires-acondicionados/capacidades/2000-frigorias-gava.html,capacidad/ciudad,Gavà,,2000,og:image,aires-acondicionados/img/hero_main.jpg,sí,115,jpg,1400,787,no,sí,,,,,41,5
aires-acondicionados/capacidades/2000-frigorias-granollers.html,capacidad/ciudad,Granollers,,2000,picture,aires-acondicionados/img/logo_zervitecnics.png,sí,31,png,560,120,sí,sí,sí,Zervitecnics,sí,no,148,676
aires-acondicionados/capacidades/2000-frigorias-granollers.html,capacidad/ciudad,Granollers,,2000,picture,aires-acondicionados/img/hero_split.jpg,sí,91,jpg,1200,900,sí,sí,sí,2000 frigorías en Granollers,no,sí,175,621
aires-acondicionados/capacidades/2000-frigorias-granollers.html,capacidad/ciudad,Granollers,,2000,picture,aires-acondicionados/img/logo_zervitecnics.png,sí,31,png,560,120,sí,sí,sí,Zervitecnics,no,no,343,676
aires-acondicionados/capacidades/2000-frigorias-granollers.html,capacidad/ciudad,Granollers,,2000,og:image,aires-acondicionados/img/hero_main.jpg,sí,115,jpg,1400,787,no,sí,,,,,41,5
aires-acondicionados/capacidades/2000-frigorias-hospitalet-de-llobregat.html,capacidad/ciudad,L'Hospitalet de Llobregat,,2000,picture,aires-acondicionados/img/logo_zervitecnics.png,sí,31,png,560,120,sí,sí,sí,Zervitecnics,sí,no,148,676
aires-acondicionados/capacidades/2000-frigorias-hospitalet-de-llobregat.html,capacidad/ciudad,L'Hospitalet de Llobregat,,2000,picture,aires-acondicionados/img/hero_split.jpg,sí,91,jpg,1200,900,sí,sí,sí,2000 frigorías en L'Hospitalet de Llobregat,no,sí,175,621
aires-acondicionados/capacidades/2000-frigorias-hospitalet-de-llobregat.html,capacidad/ciudad,L'Hospitalet de Llobregat,,2000,picture,aires-acondicionados/img/logo_zervitecnics.png,sí,31,png,560,120,sí,sí,sí,Zervitecnics,no,no,374,676
aires-acondicionados/capacidades/2000-frigorias-hospitalet-de-llobregat.html,capacidad/ciudad,L'Hospitalet de Llobregat,,2000,og:image,aires-acondicionados/img/hero_main.jpg,sí,115,jpg,1400,787,no,sí,,,,,41,5
aires-acondicionados/capacidades/2000-frigorias-la-garriga.html,capacidad/ciudad,La Garriga,,2000,picture,aires-acondicionados/img/logo_zervitecnics.png,sí,31,png,560,120,sí,sí,sí,Zervitecnics,sí,no,148,676
aires-acondicionados/capacidades/2000-frigorias-la-garriga.html,capacidad/ciudad,La Garriga,,2000,picture,aires-acondicionados/img/hero_split.jpg,sí,91,jpg,1200,900,sí,sí,sí,2000 frigorías en La Garriga,no,sí,175,621
aires-acondicionados/capacidades/2000-frigorias-la-garriga.html,capacidad/ciudad,La Garriga,,2000,picture,aires-acondicionados/img/logo_zervitecnics.png,sí,31,png,560,120,sí,sí,sí,Zervitecnics,no,no,343,676
aires-acondicionados/capacidades/2000-frigorias-la-garriga.html,capacidad/ciudad,La Garriga,,2000,og:image,aires-acondicionados/img/hero_main.jpg,sí,115,jpg,1400,787,no,sí,,,,,41,5
aires-acondicionados/capacidades/2000-frigorias-mataro.html,capacidad/ciudad,Mataró,,2000,picture,aires-acondicionados/img/logo_zervitecnics.png,sí,31,png,560,120,sí,sí,sí,Zervitecnics,sí,no,148,676
aires-acondicionados/capacidades/2000-frigorias-mataro.html,capacidad/ciudad,Mataró,,2000,picture,aires-acondicionados/img/hero_split.jpg,sí,91,jpg,1200,900,sí,sí,sí,2000 frigorías en Mataró,no,sí,175,621
aires-acondicionados/capacidades/2000-frigorias-mataro.html,capacidad/ciudad,Mataró,,2000,picture,aires-acondicionados/img/logo_zervitecnics.png,sí,31,png,560,120,sí,sí,sí,Zervitecnics,no,no,343,676
aires-acondicionados/capacidades/2000-frigorias-mataro.html,capacidad/ciudad,Mataró,,2000,og:image,aires-acondicionados/img/hero_main.jpg,sí,115,jpg,1400,787,no,sí,,,,,41,5
aires-acondicionados/capacidades/2000-frigorias-mollet-del-valles.html,capacidad/ciudad,Mollet del Vallès,,2000,picture,aires-acondicionados/img/logo_zervitecnics.png,sí,31,png,560,120,sí,sí,sí,Zervitecnics,sí,no,148,676
aires-acondicionados/capacidades/2000-frigorias-mollet-del-valles.html,capacidad/ciudad,Mollet del Vallès,,2000,picture,aires-acondicionados/img/hero_split.jpg,sí,91,jpg,1200,900,sí,sí,sí,2000 frigorías en Mollet del Vallès,no,sí,175,621
aires-acondicionados/capacidades/2000-frigorias-mollet-del-valles.html,capacidad/ciudad,Mollet del Vallès,,2000,picture,aires-acondicionados/img/logo_zervitecnics.png,sí,31,png,560,120,sí,sí,sí,Zervitecnics,no,no,343,676
aires-acondicionados/capacidades/2000-frigorias-mollet-del-valles.html,capacidad/ciudad,Mollet del Vallès,,2000,og:image,aires-acondicionados/img/hero_main.jpg,sí,115,jpg,1400,787,no,sí,,,,,41,5
aires-acondicionados/capacidades/2000-frigorias-parets-del-valles.html,capacidad/ciudad,Parets del Vallès,,2000,picture,aires-acondicionados/img/logo_zervitecnics.png,sí,31,png,560,120,sí,sí,sí,Zervitecnics,sí,no,148,676
aires-acondicionados/capacidades/2000-frigorias-parets-del-valles.html,capacidad/ciudad,Parets del Vallès,,2000,picture,aires-acondicionados/img/hero_split.jpg,sí,91,jpg,1200,900,sí,sí,sí,2000 frigorías en Parets del Vallès,no,sí,175,621
aires-acondicionados/capacidades/2000-frigorias-parets-del-valles.html,capacidad/ciudad,Parets del Vallès,,2000,picture,aires-acondicionados/img/logo_zervitecnics.png,sí,31,png,560,120,sí,sí,sí,Zervitecnics,no,no,343,676
aires-acondicionados/capacidades/2000-frigorias-parets-del-valles.html,capacidad/ciudad,Parets del Vallès,,2000,og:image,aires-acondicionados/img/hero_main.jpg,sí,115,jpg,1400,787,no,sí,,,,,41,5
aires-acondicionados/capacidades/2000-frigorias-pineda-de-mar.html,capacidad/ciudad,Pineda de Mar,,2000,picture,aires-acondicionados/img/logo_zervitecnics.png,sí,31,png,560,120,sí,sí,sí,Zervitecnics,sí,no,148,676
aires-acondicionados/capacidades/2000-frigorias-pineda-de-mar.html,capacidad/ciudad,Pineda de Mar,,2000,picture,aires-acondicionados/img/hero_split.jpg,sí,91,jpg,1200,900,sí,sí,sí,2000 frigorías en Pineda de Mar,no,sí,175,621
aires-acondicionados/capacidades/2000-frigorias-pineda-de-mar.html,capacidad/ciudad,Pineda de Mar,,2000,picture,aires-acondicionados/img/logo_zervitecnics.png,sí,31,png,560,120,sí,sí,sí,Zervitecnics,no,no,343,676
aires-acondicionados/capacidades/2000-frigorias-pineda-de-mar.html,capacidad/ciudad,Pineda de Mar,,2000,og:image,aires-acondicionados/img/hero_main.jpg,sí,115,jpg,1400,787,no,sí,,,,,41,5
aires-acondicionados/capacidades/2000-frigorias-premia-de-mar.html,capacidad/ciudad,Premià de Mar,,2000,picture,aires-acondicionados/img/logo_zervitecnics.png,sí,31,png,560,120,sí,sí,sí,Zervitecnics,sí,no,148,676
aires-acondicionados/capacidades/2000-frigorias-premia-de-mar.html,capacidad/ciudad,Premià de Mar,,2000,picture,aires-acondicionados/img/hero_split.jpg,sí,91,jpg,1200,900,sí,sí,sí,2000 frigorías en Premià de Mar,no,sí,175,621
aires-acondicionados/capacidades/2000-frigorias-premia-de-mar.html,capacidad/ciudad,Premià de Mar,,2000,picture,aires-acondicionados/img/logo_zervitecnics.png,sí,31,png,560,120,sí,sí,sí,Zervitecnics,no,no,343,676
aires-acondicionados/capacidades/2000-frigorias-premia-de-mar.html,capacidad/ciudad,Premià de Mar,,2000,og:image,aires-acondicionados/img/hero_main.jpg,sí,115,jpg,1400,787,no,sí,,,,,41,5
aires-acondicionados/capacidades/2000-frigorias-rubi.html,capacidad/ciudad,Rubí,,2000,picture,aires-acondicionados/img/logo_zervitecnics.png,sí,31,png,560,120,sí,sí,sí,Zervitecnics,sí,no,148,676
aires-acondicionados/capacidades/2000-frigorias-rubi.html,capacidad/ciudad,Rubí,,2000,picture,aires-acondicionados/img/hero_split.jpg,sí,91,jpg,1200,900,sí,sí,sí,2000 frigorías en Rubí,no,sí,175,621
aires-acondicionados/capacidades/2000-frigorias-rubi.html,capacidad/ciudad,Rubí,,2000,picture,aires-acondicionados/img/logo_zervitecnics.png,sí,31,png,560,120,sí,sí,sí,Zervitecnics,no,no,343,676
aires-acondicionados/capacidades/2000-frigorias-rubi.html,capacidad/ciudad,Rubí,,2000,og:image,aires-acondicionados/img/hero_main.jpg,sí,115,jpg,1400,787,no,sí,,,,,41,5
aires-acondicionados/capacidades/2000-frigorias-sabadell.html,capacidad/ciudad,Sabadell,,2000,picture,aires-acondicionados/img/logo_zervitecnics.png,sí,31,png,560,120,sí,sí,sí,Zervitecnics,sí,no,148,676
aires-acondicionados/capacidades/2000-frigorias-sabadell.html,capacidad/ciudad,Sabadell,,2000,picture,aires-acondicionados/img/hero_split.jpg,sí,91,jpg,1200,900,sí,sí,sí,2000 frigorías en Sabadell,no,sí,175,621
aires-acondicionados/capacidades/2000-frigorias-sabadell.html,capacidad/ciudad,Sabadell,,2000,picture,aires-acondicionados/img/logo_zervitecnics.png,sí,31,png,560,120,sí,sí,sí,Zervitecnics,no,no,374,676
aires-acondicionados/capacidades/2000-frigorias-sabadell.html,capacidad/ciudad,Sabadell,,2000,og:image,aires-acondicionados/img/hero_main.jpg,sí,115,jpg,1400,787,no,sí,,,,,41,5
aires-acondicionados/capacidades/2000-frigorias-sant-adria-de-besos.html,capacidad/ciudad,Sant Adrià de Besòs,,2000,picture,aires-acondicionados/img/logo_zervitecnics.png,sí,31,png,560,120,sí,sí,sí,Zervitecnics,sí,no,148,676
aires-acondicionados/capacidades/2000-frigorias-sant-adria-de-besos.html,capacidad/ciudad,Sant Adrià de Besòs,,2000,picture,aires-acondicionados/img/hero_split.jpg,sí,91,jpg,1200,900,sí,sí,sí,2000 frigorías en Sant Adrià de Besòs,no,sí,175,621
aires-acondicionados/capacidades/2000-frigorias-sant-adria-de-besos.html,capacidad/ciudad,Sant Adrià de Besòs,,2000,picture,aires-acondicionados/img/logo_zervitecnics.png,sí,31,png,560,120,sí,sí,sí,Zervitecnics,no,no,373,676
aires-acondicionados/capacidades/2000-frigorias-sant-adria-de-besos.html,capacidad/ciudad,Sant Adrià de Besòs,,2000,og:image,aires-acondicionados/img/hero_main.jpg,sí,115,jpg,1400,787,no,sí,,,,,41,5
aires-acondicionados/capacidades/2000-frigorias-sant-boi-de-llobregat.html,capacidad/ciudad,Sant Boi de Llobregat,,2000,picture,aires-acondicionados/img/logo_zervitecnics.png,sí,31,png,560,120,sí,sí,sí,Zervitecnics,sí,no,148,676
aires-acondicionados/capacidades/2000-frigorias-sant-boi-de-llobregat.html,capacidad/ciudad,Sant Boi de Llobregat,,2000,picture,aires-acondicionados/img/hero_split.jpg,sí,91,jpg,1200,900,sí,sí,sí,2000 frigorías en Sant Boi de Llobregat,no,sí,175,621
aires-acondicionados/capacidades/2000-frigorias-sant-boi-de-llobregat.html,capacidad/ciudad,Sant Boi de Llobregat,,2000,picture,aires-acondicionados/img/logo_zervitecnics.png,sí,31,png,560,120,sí,sí,sí,Zervitecnics,no,no,373,676
aires-acondicionados/capacidades/2000-frigorias-sant-boi-de-llobregat.html,capacidad/ciudad,Sant Boi de Llobregat,,2000,og:image,aires-acondicionados/img/hero_main.jpg,sí,115,jpg,1400,787,no,sí,,,,,41,5
aires-acondicionados/capacidades/2000-frigorias-sant-celoni.html,capacidad/ciudad,Sant Celoni,,2000,picture,aires-acondicionados/img/logo_zervitecnics.png,sí,31,png,560,120,sí,sí,sí,Zervitecnics,sí,no,148,676
aires-acondicionados/capacidades/2000-frigorias-sant-celoni.html,capacidad/ciudad,Sant Celoni,,2000,picture,aires-acondicionados/img/hero_split.jpg,sí,91,jpg,1200,900,sí,sí,sí,2000 frigorías en Sant Celoni,no,sí,175,621
aires-acondicionados/capacidades/2000-frigorias-sant-celoni.html,capacidad/ciudad,Sant Celoni,,2000,picture,aires-acondicionados/img/logo_zervitecnics.png,sí,31,png,560,120,sí,sí,sí,Zervitecnics,no,no,343,676
aires-acondicionados/capacidades/2000-frigorias-sant-celoni.html,capacidad/ciudad,Sant Celoni,,2000,og:image,aires-acondicionados/img/hero_main.jpg,sí,115,jpg,1400,787,no,sí,,,,,41,5
aires-acondicionados/capacidades/2000-frigorias-sant-cugat-del-valles.html,capacidad/ciudad,Sant Cugat del Vallès,,2000,picture,aires-acondicionados/img/logo_zervitecnics.png,sí,31,png,560,120,sí,sí,sí,Zervitecnics,sí,no,148,676
aires-acondicionados/capacidades/2000-frigorias-sant-cugat-del-valles.html,capacidad/ciudad,Sant Cugat del Vallès,,2000,picture,aires-acondicionados/img/hero_split.jpg,sí,91,jpg,1200,900,sí,sí,sí,2000 frigorías en Sant Cugat del Vallès,no,sí,175,621
aires-acondicionados/capacidades/2000-frigorias-sant-cugat-del-valles.html,capacidad/ciudad,Sant Cugat del Vallès,,2000,picture,aires-acondicionados/img/logo_zervitecnics.png,sí,31,png,560,120,sí,sí,sí,Zervitecnics,no,no,374,676
aires-acondicionados/capacidades/2000-frigorias-sant-cugat-del-valles.html,capacidad/ciudad,Sant Cugat del Vallès,,2000,og:image,aires-acondicionados/img/hero_main.jpg,sí,115,jpg,1400,787,no,sí,,,,,41,5
aires-acondicionados/capacidades/2000-frigorias-sant-joan-despi.html,capacidad/ciudad,Sant Joan Despí,,2000,picture,aires-acondicionados/img/logo_zervitecnics.png,sí,31,png,560,120,sí,sí,sí,Zervitecnics,sí,no,148,676
aires-acondicionados/capacidades/2000-frigorias-sant-joan-despi.html,capacidad/ciudad,Sant Joan Despí,,2000,picture,aires-acondicionados/img/hero_split.jpg,sí,91,jpg,1200,900,sí,sí,sí,2000 frigorías en Sant Joan Despí,no,sí,175,621
aires-acondicionados/capacidades/2000-frigorias-sant-joan-despi.html,capacidad/ciudad,Sant Joan Despí,,2000,picture,aires-acondicionados/img/logo_zervitecnics.png,sí,31,png,560,120,sí,sí,sí,Zervitecnics,no,no,373,676
aires-acondicionados/capacidades/2000-frigorias-sant-joan-despi.html,capacidad/ciudad,Sant Joan Despí,,2000,og:image,aires-acondicionados/img/hero_main.jpg,sí,115,jpg,1400,787,no,sí,,,,,41,5
aires-acondicionados/capacidades/2000-frigorias-sant-just-desvern.html,capacidad/ciudad,Sant Just Desvern,,2000,picture,aires-acondicionados/img/logo_zervitecnics.png,sí,31,png,560,120,sí,sí,sí,Zervitecnics,sí,no,148,676
aires-acondicionados/capacidades/2000-frigorias-sant-just-desvern.html,capacidad/ciudad,Sant Just Desvern,,2000,picture,aires-acondicionados/img/hero_split.jpg,sí,91,jpg,1200,900,sí,sí,sí,2000 frigorías en Sant Just Desvern,no,sí,175,621
aires-acondicionados/capacidades/2000-frigorias-sant-just-desvern.html,capacidad/ciudad,Sant Just Desvern,,2000,picture,aires-acondicionados/img/logo_zervitecnics.png,sí,31,png,560,120,sí,sí,sí,Zervitecnics,no,no,373,676
aires-acondicionados/capacidades/2000-frigorias-sant-just-desvern.html,capacidad/ciudad,Sant Just Desvern,,2000,og:image,aires-acondicionados/img/hero_main.jpg,sí,115,jpg,1400,787,no,sí,,,,,41,5
aires-acondicionados/capacidades/2000-frigorias-sant-quirze-del-valles.html,capacidad/ciudad,Sant Quirze del Vallès,,2000,picture,aires-acondicionados/img/logo_zervitecnics.png,sí,31,png,560,120,sí,sí,sí,Zervitecnics,sí,no,148,676
aires-acondicionados/capacidades/2000-frigorias-sant-quirze-del-valles.html,capacidad/ciudad,Sant Quirze del Vallès,,2000,picture,aires-acondicionados/img/hero_split.jpg,sí,91,jpg,1200,900,sí,sí,sí,2000 frigorías en Sant Quirze del Vallès,no,sí,175,621
aires-acondicionados/capacidades/2000-frigorias-sant-quirze-del-valles.html,capacidad/ciudad,Sant Quirze del Vallès,,2000,picture,aires-acondicionados/img/logo_zervitecnics.png,sí,31,png,560,120,sí,sí,sí,Zervitecnics,no,no,343,676
aires-acondicionados/capacidades/2000-frigorias-sant-quirze-del-valles.html,capacidad/ciudad,Sant Quirze del Vallès,,2000,og:image,aires-acondicionados/img/hero_main.jpg,sí,115,jpg,1400,787,no,sí,,,,,41,5
aires-acondicionados/capacidades/2000-frigorias-santa-coloma-de-gramenet.html,capacidad/ciudad,Santa Coloma de Gramenet,,2000,picture,aires-acondicionados/img/logo_zervitecnics.png,sí,31,png,560,120,sí,sí,sí,Zervitecnics,sí,no,148,676
aires-acondicionados/capacidades/2000-frigorias-santa-coloma-de-gramenet.html,capacidad/ciudad,Santa Coloma de Gramenet,,2000,picture,aires-acondicionados/img/hero_split.jpg,sí,91,jpg,1200,900,sí,sí,sí,2000 frigorías en Santa Coloma de Gramenet,no,sí,175,621
aires-acondicionados/capacidades/2000-frigorias-santa-coloma-de-gramenet.html,capacidad/ciudad,Santa Coloma de Gramenet,,2000,picture,aires-acondicionados/img/logo_zervitecnics.png,sí,31,png,560,120,sí,sí,sí,Zervitecnics,no,no,373,676
aires-acondicionados/capacidades/2000-frigorias-santa-coloma-de-gramenet.html,capacidad/ciudad,Santa Coloma de Gramenet,,2000,og:image,aires-acondicionados/img/hero_main.jpg,sí,115,jpg,1400,787,no,sí,,,,,41,5
aires-acondicionados/capacidades/2000-frigorias-sitges.html,capacidad/ciudad,Sitges,,2000,picture,aires-acondicionados/img/logo_zervitecnics.png,sí,31,png,560,120,sí,sí,sí,Zervitecnics,sí,no,148,676
aires-acondicionados/capacidades/2000-frigorias-sitges.html,capacidad/ciudad,Sitges,,2000,picture,aires-acondicionados/img/hero_split.jpg,sí,91,jpg,1200,900,sí,sí,sí,2000 frigorías en Sitges,no,sí,175,621
aires-acondicionados/capacidades/2000-frigorias-sitges.html,capacidad/ciudad,Sitges,,2000,picture,aires-acondicionados/img/logo_zervitecnics.png,sí,31,png,560,120,sí,sí,sí,Zervitecnics,no,no,343,676
aires-acondicionados/capacidades/2000-frigorias-sitges.html,capacidad/ciudad,Sitges,,2000,og:image,aires-acondicionados/img/hero_main.jpg,sí,115,jpg,1400,787,no,sí,,,,,41,5
aires-acondicionados/capacidades/2000-frigorias-terrassa.html,capacidad/ciudad,Terrassa,,2000,picture,aires-acondicionados/img/logo_zervitecnics.png,sí,31,png,560,120,sí,sí,sí,Zervitecnics,sí,no,148,676
aires-acondicionados/capacidades/2000-frigorias-terrassa.html,capacidad/ciudad,Terrassa,,2000,picture,aires-acondicionados/img/hero_split.jpg,sí,91,jpg,1200,900,sí,sí,sí,2000 frigorías en Terrassa,no,sí,175,621
aires-acondicionados/capacidades/2000-frigorias-terrassa.html,capacidad/ciudad,Terrassa,,2000,picture,aires-acondicionados/img/logo_zervitecnics.png,sí,31,png,560,120,sí,sí,sí,Zervitecnics,no,no,374,676
aires-acondicionados/capacidades/2000-frigorias-terrassa.html,capacidad/ciudad,Terrassa,,2000,og:image,aires-acondicionados/img/hero_main.jpg,sí,115,jpg,1400,787,no,sí,,,,,41,5
aires-acondicionados/capacidades/2000-frigorias-viladecans.html,capacidad/ciudad,Viladecans,,2000,picture,aires-acondicionados/img/logo_zervitecnics.png,sí,31,png,560,120,sí,sí,sí,Zervitecnics,sí,no,148,676
aires-acondicionados/capacidades/2000-frigorias-viladecans.html,capacidad/ciudad,Viladecans,,2000,picture,aires-acondicionados/img/hero_split.jpg,sí,91,jpg,1200,900,sí,sí,sí,2000 frigorías en Viladecans,no,sí,175,621
aires-acondicionados/capacidades/2000-frigorias-viladecans.html,capacidad/ciudad,Viladecans,,2000,picture,aires-acondicionados/img/logo_zervitecnics.png,sí,31,png,560,120,sí,sí,sí,Zervitecnics,no,no,373,676
aires-acondicionados/capacidades/2000-frigorias-viladecans.html,capacidad/ciudad,Viladecans,,2000,og:image,aires-acondicionados/img/hero_main.jpg,sí,115,jpg,1400,787,no,sí,,,,,41,5
aires-acondicionados/capacidades/2000-frigorias-vilassar-de-mar.html,capacidad/ciudad,Vilassar de Mar,,2000,picture,aires-acondicionados/img/logo_zervitecnics.png,sí,31,png,560,120,sí,sí,sí,Zervitecnics,sí,no,148,676
aires-acondicionados/capacidades/2000-frigorias-vilassar-de-mar.html,capacidad/ciudad,Vilassar de Mar,,2000,picture,aires-acondicionados/img/hero_split.jpg,sí,91,jpg,1200,900,sí,sí,sí,2000 frigorías en Vilassar de Mar,no,sí,175,621
aires-acondicionados/capacidades/2000-frigorias-vilassar-de-mar.html,capacidad/ciudad,Vilassar de Mar,,2000,picture,aires-acondicionados/img/logo_zervitecnics.png,sí,31,png,560,120,sí,sí,sí,Zervitecnics,no,no,343,676
aires-acondicionados/capacidades/2000-frigorias-vilassar-de-mar.html,capacidad/ciudad,Vilassar de Mar,,2000,og:image,aires-acondicionados/img/hero_main.jpg,sí,115,jpg,1400,787,no,sí,,,,,41,5
aires-acondicionados/capacidades/2500-frigorias-arenys-de-mar.html,capacidad/ciudad,Arenys de Mar,,2500,picture,aires-acondicionados/img/logo_zervitecnics.png,sí,31,png,560,120,sí,sí,sí,Zervitecnics,sí,no,148,676
aires-acondicionados/capacidades/2500-frigorias-arenys-de-mar.html,capacidad/ciudad,Arenys de Mar,,2500,picture,aires-acondicionados/img/hero_split.jpg,sí,91,jpg,1200,900,sí,sí,sí,2500 frigorías en Arenys de Mar,no,sí,175,621
aires-acondicionados/capacidades/2500-frigorias-arenys-de-mar.html,capacidad/ciudad,Arenys de Mar,,2500,picture,aires-acondicionados/img/logo_zervitecnics.png,sí,31,png,560,120,sí,sí,sí,Zervitecnics,no,no,343,676
aires-acondicionados/capacidades/2500-frigorias-arenys-de-mar.html,capacidad/ciudad,Arenys de Mar,,2500,og:image,aires-acondicionados/img/hero_main.jpg,sí,115,jpg,1400,787,no,sí,,,,,41,5
aires-acondicionados/capacidades/2500-frigorias-argentona.html,capacidad/ciudad,Argentona,,2500,picture,aires-acondicionados/img/logo_zervitecnics.png,sí,31,png,560,120,sí,sí,sí,Zervitecnics,sí,no,148,676
aires-acondicionados/capacidades/2500-frigorias-argentona.html,capacidad/ciudad,Argentona,,2500,picture,aires-acondicionados/img/hero_split.jpg,sí,91,jpg,1200,900,sí,sí,sí,2500 frigorías en Argentona,no,sí,175,621
aires-acondicionados/capacidades/2500-frigorias-argentona.html,capacidad/ciudad,Argentona,,2500,picture,aires-acondicionados/img/logo_zervitecnics.png,sí,31,png,560,120,sí,sí,sí,Zervitecnics,no,no,343,676
aires-acondicionados/capacidades/2500-frigorias-argentona.html,capacidad/ciudad,Argentona,,2500,og:image,aires-acondicionados/img/hero_main.jpg,sí,115,jpg,1400,787,no,sí,,,,,41,5
aires-acondicionados/capacidades/2500-frigorias-badalona.html,capacidad/ciudad,Badalona,,2500,picture,aires-acondicionados/img/logo_zervitecnics.png,sí,31,png,560,120,sí,sí,sí,Zervitecnics,sí,no,148,676
aires-acondicionados/capacidades/2500-frigorias-badalona.html,capacidad/ciudad,Badalona,,2500,picture,aires-acondicionados/img/hero_split.jpg,sí,91,jpg,1200,900,sí,sí,sí,2500 frigorías en Badalona,no,sí,175,621
aires-acondicionados/capacidades/2500-frigorias-badalona.html,capacidad/ciudad,Badalona,,2500,picture,aires-acondicionados/img/logo_zervitecnics.png,sí,31,png,560,120,sí,sí,sí,Zervitecnics,no,no,374,676
aires-acondicionados/capacidades/2500-frigorias-badalona.html,capacidad/ciudad,Badalona,,2500,og:image,aires-acondicionados/img/hero_main.jpg,sí,115,jpg,1400,787,no,sí,,,,,41,5
aires-acondicionados/capacidades/2500-frigorias-barbera-del-valles.html,capacidad/ciudad,Barberà del Vallès,,2500,picture,aires-acondicionados/img/logo_zervitecnics.png,sí,31,png,560,120,sí,sí,sí,Zervitecnics,sí,no,148,676
aires-acondicionados/capacidades/2500-frigorias-barbera-del-valles.html,capacidad/ciudad,Barberà del Vallès,,2500,picture,aires-acondicionados/img/hero_split.jpg,sí,91,jpg,1200,900,sí,sí,sí,2500 frigorías en Barberà del Vallès,no,sí,175,621
aires-acondicionados/capacidades/2500-frigorias-barbera-del-valles.html,capacidad/ciudad,Barberà del Vallès,,2500,picture,aires-acondicionados/img/logo_zervitecnics.png,sí,31,png,560,120,sí,sí,sí,Zervitecnics,no,no,343,676
aires-acondicionados/capacidades/2500-frigorias-barbera-del-valles.html,capacidad/ciudad,Barberà del Vallès,,2500,og:image,aires-acondicionados/img/hero_main.jpg,sí,115,jpg,1400,787,no,sí,,,,,41,5
aires-acondicionados/capacidades/2500-frigorias-barcelona.html,capacidad/ciudad,Barcelona,,2500,picture,aires-acondicionados/img/logo_zervitecnics.png,sí,31,png,560,120,sí,sí,sí,Zervitecnics,sí,no,148,676
aires-acondicionados/capacidades/2500-frigorias-barcelona.html,capacidad/ciudad,Barcelona,,2500,picture,aires-acondicionados/img/hero_split.jpg,sí,91,jpg,1200,900,sí,sí,sí,2500 frigorías en Barcelona,no,sí,175,621
aires-acondicionados/capacidades/2500-frigorias-barcelona.html,capacidad/ciudad,Barcelona,,2500,picture,aires-acondicionados/img/logo_zervitecnics.png,sí,31,png,560,120,sí,sí,sí,Zervitecnics,no,no,373,676
aires-acondicionados/capacidades/2500-frigorias-barcelona.html,capacidad/ciudad,Barcelona,,2500,og:image,aires-acondicionados/img/hero_main.jpg,sí,115,jpg,1400,787,no,sí,,,,,41,5
aires-acondicionados/capacidades/2500-frigorias-cabrils.html,capacidad/ciudad,Cabrils,,2500,picture,aires-acondicionados/img/logo_zervitecnics.png,sí,31,png,560,120,sí,sí,sí,Zervitecnics,sí,no,148,676
aires-acondicionados/capacidades/2500-frigorias-cabrils.html,capacidad/ciudad,Cabrils,,2500,picture,aires-acondicionados/img/hero_split.jpg,sí,91,jpg,1200,900,sí,sí,sí,2500 frigorías en Cabrils,no,sí,175,621
aires-acondicionados/capacidades/2500-frigorias-cabrils.html,capacidad/ciudad,Cabrils,,2500,picture,aires-acondicionados/img/logo_zervitecnics.png,sí,31,png,560,120,sí,sí,sí,Zervitecnics,no,no,343,676
aires-acondicionados/capacidades/2500-frigorias-cabrils.html,capacidad/ciudad,Cabrils,,2500,og:image,aires-acondicionados/img/hero_main.jpg,sí,115,jpg,1400,787,no,sí,,,,,41,5
aires-acondicionados/capacidades/2500-frigorias-caldes-de-montbui.html,capacidad/ciudad,Caldes de Montbui,,2500,picture,aires-acondicionados/img/logo_zervitecnics.png,sí,31,png,560,120,sí,sí,sí,Zervitecnics,sí,no,148,676
aires-acondicionados/capacidades/2500-frigorias-caldes-de-montbui.html,capacidad/ciudad,Caldes de Montbui,,2500,picture,aires-acondicionados/img/hero_split.jpg,sí,91,jpg,1200,900,sí,sí,sí,2500 frigorías en Caldes de Montbui,no,sí,175,621
aires-acondicionados/capacidades/2500-frigorias-caldes-de-montbui.html,capacidad/ciudad,Caldes de Montbui,,2500,picture,aires-acondicionados/img/logo_zervitecnics.png,sí,31,png,560,120,sí,sí,sí,Zervitecnics,no,no,343,676
aires-acondicionados/capacidades/2500-frigorias-caldes-de-montbui.html,capacidad/ciudad,Caldes de Montbui,,2500,og:image,aires-acondicionados/img/hero_main.jpg,sí,115,jpg,1400,787,no,sí,,,,,41,5
aires-acondicionados/capacidades/2500-frigorias-calella.html,capacidad/ciudad,Calella,,2500,picture,aires-acondicionados/img/logo_zervitecnics.png,sí,31,png,560,120,sí,sí,sí,Zervitecnics,sí,no,148,676
aires-acondicionados/capacidades/2500-frigorias-calella.html,capacidad/ciudad,Calella,,2500,picture,aires-acondicionados/img/hero_split.jpg,sí,91,jpg,1200,900,sí,sí,sí,2500 frigorías en Calella,no,sí,175,621
aires-acondicionados/capacidades/2500-frigorias-calella.html,capacidad/ciudad,Calella,,2500,picture,aires-acondicionados/img/logo_zervitecnics.png,sí,31,png,560,120,sí,sí,sí,Zervitecnics,no,no,343,676
aires-acondicionados/capacidades/2500-frigorias-calella.html,capacidad/ciudad,Calella,,2500,og:image,aires-acondicionados/img/hero_main.jpg,sí,115,jpg,1400,787,no,sí,,,,,41,5
aires-acondicionados/capacidades/2500-frigorias-canet-de-mar.html,capacidad/ciudad,Canet de Mar,,2500,picture,aires-acondicionados/img/logo_zervitecnics.png,sí,31,png,560,120,sí,sí,sí,Zervitecnics,sí,no,148,676
aires-acondicionados/capacidades/2500-frigorias-canet-de-mar.html,capacidad/ciudad,Canet de Mar,,2500,picture,aires-acondicionados/img/hero_split.jpg,sí,91,jpg,1200,900,sí,sí,sí,2500 frigorías en Canet de Mar,no,sí,175,621
aires-acondicionados/capacidades/2500-frigorias-canet-de-mar.html,capacidad/ciudad,Canet de Mar,,2500,picture,aires-acondicionados/img/logo_zervitecnics.png,sí,31,png,560,120,sí,sí,sí,Zervitecnics,no,no,343,676
aires-acondicionados/capacidades/2500-frigorias-canet-de-mar.html,capacidad/ciudad,Canet de Mar,,2500,og:image,aires-acondicionados/img/hero_main.jpg,sí,115,jpg,1400,787,no,sí,,,,,41,5
aires-acondicionados/capacidades/2500-frigorias-cardedeu.html,capacidad/ciudad,Cardedeu,,2500,picture,aires-acondicionados/img/logo_zervitecnics.png,sí,31,png,560,120,sí,sí,sí,Zervitecnics,sí,no,148,676
aires-acondicionados/capacidades/2500-frigorias-cardedeu.html,capacidad/ciudad,Cardedeu,,2500,picture,aires-acondicionados/img/hero_split.jpg,sí,91,jpg,1200,900,sí,sí,sí,2500 frigorías en Cardedeu,no,sí,175,621
aires-acondicionados/capacidades/2500-frigorias-cardedeu.html,capacidad/ciudad,Cardedeu,,2500,picture,aires-acondicionados/img/logo_zervitecnics.png,sí,31,png,560,120,sí,sí,sí,Zervitecnics,no,no,343,676
aires-acondicionados/capacidades/2500-frigorias-cardedeu.html,capacidad/ciudad,Cardedeu,,2500,og:image,aires-acondicionados/img/hero_main.jpg,sí,115,jpg,1400,787,no,sí,,,,,41,5
aires-acondicionados/capacidades/2500-frigorias-castellar-del-valles.html,capacidad/ciudad,Castellar del Vallès,,2500,picture,aires-acondicionados/img/logo_zervitecnics.png,sí,31,png,560,120,sí,sí,sí,Zervitecnics,sí,no,148,676
aires-acondicionados/capacidades/2500-frigorias-castellar-del-valles.html,capacidad/ciudad,Castellar del Vallès,,2500,picture,aires-acondicionados/img/hero_split.jpg,sí,91,jpg,1200,900,sí,sí,sí,2500 frigorías en Castellar del Vallès,no,sí,175,621
aires-acondicionados/capacidades/2500-frigorias-castellar-del-valles.html,capacidad/ciudad,Castellar del Vallès,,2500,picture,aires-acondicionados/img/logo_zervitecnics.png,sí,31,png,560,120,sí,sí,sí,Zervitecnics,no,no,343,676
aires-acondicionados/capacidades/2500-frigorias-castellar-del-valles.html,capacidad/ciudad,Castellar del Vallès,,2500,og:image,aires-acondicionados/img/hero_main.jpg,sí,115,jpg,1400,787,no,sí,,,,,41,5
aires-acondicionados/capacidades/2500-frigorias-castelldefels.html,capacidad/ciudad,Castelldefels,,2500,picture,aires-acondicionados/img/logo_zervitecnics.png,sí,31,png,560,120,sí,sí,sí,Zervitecnics,sí,no,148,676
aires-acondicionados/capacidades/2500-frigorias-castelldefels.html,capacidad/ciudad,Castelldefels,,2500,picture,aires-acondicionados/img/hero_split.jpg,sí,91,jpg,1200,900,sí,sí,sí,2500 frigorías en Castelldefels,no,sí,175,621
aires-acondicionados/capacidades/2500-frigorias-castelldefels.html,capacidad/ciudad,Castelldefels,,2500,picture,aires-acondicionados/img/logo_zervitecnics.png,sí,31,png,560,120,sí,sí,sí,Zervitecnics,no,no,374,676
aires-acondicionados/capacidades/2500-frigorias-castelldefels.html,capacidad/ciudad,Castelldefels,,2500,og:image,aires-acondicionados/img/hero_main.jpg,sí,115,jpg,1400,787,no,sí,,,,,41,5
aires-acondicionados/capacidades/2500-frigorias-cerdanyola-del-valles.html,capacidad/ciudad,Cerdanyola del Vallès,,2500,picture,aires-acondicionados/img/logo_zervitecnics.png,sí,31,png,560,120,sí,sí,sí,Zervitecnics,sí,no,148,676
aires-acondicionados/capacidades/2500-frigorias-cerdanyola-del-valles.html,capacidad/ciudad,Cerdanyola del Vallès,,2500,picture,aires-acondicionados/img/hero_split.jpg,sí,91,jpg,1200,900,sí,sí,sí,2500 frigorías en Cerdanyola del Vallès,no,sí,175,621
aires-acondicionados/capacidades/2500-frigorias-cerdanyola-del-valles.html,capacidad/ciudad,Cerdanyola del Vallès,,2500,picture,aires-acondicionados/img/logo_zervitecnics.png,sí,31,png,560,120,sí,sí,sí,Zervitecnics,no,no,343,676
aires-acondicionados/capacidades/2500-frigorias-cerdanyola-del-valles.html,capacidad/ciudad,Cerdanyola del Vallès,,2500,og:image,aires-acondicionados/img/hero_main.jpg,sí,115,jpg,1400,787,no,sí,,,,,41,5
aires-acondicionados/capacidades/2500-frigorias-cornella-de-llobregat.html,capacidad/ciudad,Cornellà de Llobregat,,2500,picture,aires-acondicionados/img/logo_zervitecnics.png,sí,31,png,560,120,sí,sí,sí,Zervitecnics,sí,no,148,676
aires-acondicionados/capacidades/2500-frigorias-cornella-de-llobregat.html,capacidad/ciudad,Cornellà de Llobregat,,2500,picture,aires-acondicionados/img/hero_split.jpg,sí,91,jpg,1200,900,sí,sí,sí,2500 frigorías en Cornellà de Llobregat,no,sí,175,621
aires-acondicionados/capacidades/2500-frigorias-cornella-de-llobregat.html,capacidad/ciudad,Cornellà de Llobregat,,2500,picture,aires-acondicionados/img/logo_zervitecnics.png,sí,31,png,560,120,sí,sí,sí,Zervitecnics,no,no,374,676
aires-acondicionados/capacidades/2500-frigorias-cornella-de-llobregat.html,capacidad/ciudad,Cornellà de Llobregat,,2500,og:image,aires-acondicionados/img/hero_main.jpg,sí,115,jpg,1400,787,no,sí,,,,,41,5
aires-acondicionados/capacidades/2500-frigorias-el-masnou.html,capacidad/ciudad,El Masnou,,2500,picture,aires-acondicionados/img/logo_zervitecnics.png,sí,31,png,560,120,sí,sí,sí,Zervitecnics,sí,no,148,676
aires-acondicionados/capacidades/2500-frigorias-el-masnou.html,capacidad/ciudad,El Masnou,,2500,picture,aires-acondicionados/img/hero_split.jpg,sí,91,jpg,1200,900,sí,sí,sí,2500 frigorías en El Masnou,no,sí,175,621
aires-acondicionados/capacidades/2500-frigorias-el-masnou.html,capacidad/ciudad,El Masnou,,2500,picture,aires-acondicionados/img/logo_zervitecnics.png,sí,31,png,560,120,sí,sí,sí,Zervitecnics,no,no,343,676
aires-acondicionados/capacidades/2500-frigorias-el-masnou.html,capacidad/ciudad,El Masnou,,2500,og:image,aires-acondicionados/img/hero_main.jpg,sí,115,jpg,1400,787,no,sí,,,,,41,5
aires-acondicionados/capacidades/2500-frigorias-el-prat-de-llobregat.html,capacidad/ciudad,El Prat de Llobregat,,2500,picture,aires-acondicionados/img/logo_zervitecnics.png,sí,31,png,560,120,sí,sí,sí,Zervitecnics,sí,no,148,676
aires-acondicionados/capacidades/2500-frigorias-el-prat-de-llobregat.html,capacidad/ciudad,El Prat de Llobregat,,2500,picture,aires-acondicionados/img/hero_split.jpg,sí,91,jpg,1200,900,sí,sí,sí,2500 frigorías en El Prat de Llobregat,no,sí,175,621
aires-acondicionados/capacidades/2500-frigorias-el-prat-de-llobregat.html,capacidad/ciudad,El Prat de Llobregat,,2500,picture,aires-acondicionados/img/logo_zervitecnics.png,sí,31,png,560,120,sí,sí,sí,Zervitecnics,no,no,373,676
aires-acondicionados/capacidades/2500-frigorias-el-prat-de-llobregat.html,capacidad/ciudad,El Prat de Llobregat,,2500,og:image,aires-acondicionados/img/hero_main.jpg,sí,115,jpg,1400,787,no,sí,,,,,41,5
aires-acondicionados/capacidades/2500-frigorias-esplugues-de-llobregat.html,capacidad/ciudad,Esplugues de Llobregat,,2500,picture,aires-acondicionados/img/logo_zervitecnics.png,sí,31,png,560,120,sí,sí,sí,Zervitecnics,sí,no,148,676
aires-acondicionados/capacidades/2500-frigorias-esplugues-de-llobregat.html,capacidad/ciudad,Esplugues de Llobregat,,2500,picture,aires-acondicionados/img/hero_split.jpg,sí,91,jpg,1200,900,sí,sí,sí,2500 frigorías en Esplugues de Llobregat,no,sí,175,621
aires-acondicionados/capacidades/2500-frigorias-esplugues-de-llobregat.html,capacidad/ciudad,Esplugues de Llobregat,,2500,picture,aires-acondicionados/img/logo_zervitecnics.png,sí,31,png,560,120,sí,sí,sí,Zervitecnics,no,no,373,676
aires-acondicionados/capacidades/2500-frigorias-esplugues-de-llobregat.html,capacidad/ciudad,Esplugues de Llobregat,,2500,og:image,aires-acondicionados/img/hero_main.jpg,sí,115,jpg,1400,787,no,sí,,,,,41,5
aires-acondicionados/capacidades/2500-frigorias-gava.html,capacidad/ciudad,Gavà,,2500,picture,aires-acondicionados/img/logo_zervitecnics.png,sí,31,png,560,120,sí,sí,sí,Zervitecnics,sí,no,148,676
aires-acondicionados/capacidades/2500-frigorias-gava.html,capacidad/ciudad,Gavà,,2500,picture,aires-acondicionados/img/hero_split.jpg,sí,91,jpg,1200,900,sí,sí,sí,2500 frigorías en Gavà,no,sí,175,621
aires-acondicionados/capacidades/2500-frigorias-gava.html,capacidad/ciudad,Gavà,,2500,picture,aires-acondicionados/img/logo_zervitecnics.png,sí,31,png,560,120,sí,sí,sí,Zervitecnics,no,no,373,676
aires-acondicionados/capacidades/2500-frigorias-gava.html,capacidad/ciudad,Gavà,,2500,og:image,aires-acondicionados/img/hero_main.jpg,sí,115,jpg,1400,787,no,sí,,,,,41,5
aires-acondicionados/capacidades/2500-frigorias-granollers.html,capacidad/ciudad,Granollers,,2500,picture,aires-acondicionados/img/logo_zervitecnics.png,sí,31,png,560,120,sí,sí,sí,Zervitecnics,sí,no,148,676
aires-acondicionados/capacidades/2500-frigorias-granollers.html,capacidad/ciudad,Granollers,,2500,picture,aires-acondicionados/img/hero_split.jpg,sí,91,jpg,1200,900,sí,sí,sí,2500 frigorías en Granollers,no,sí,175,621
aires-acondicionados/capacidades/2500-frigorias-granollers.html,capacidad/ciudad,Granollers,,2500,picture,aires-acondicionados/img/logo_zervitecnics.png,sí,31,png,560,120,sí,sí,sí,Zervitecnics,no,no,343,676
aires-acondicionados/capacidades/2500-frigorias-granollers.html,capacidad/ciudad,Granollers,,2500,og:image,aires-acondicionados/img/hero_main.jpg,sí,115,jpg,1400,787,no,sí,,,,,41,5
aires-acondicionados/capacidades/2500-frigorias-hospitalet-de-llobregat.html,capacidad/ciudad,L'Hospitalet de Llobregat,,2500,picture,aires-acondicionados/img/logo_zervitecnics.png,sí,31,png,560,120,sí,sí,sí,Zervitecnics,sí,no,148,676
aires-acondicionados/capacidades/2500-frigorias-hospitalet-de-llobregat.html,capacidad/ciudad,L'Hospitalet de Llobregat,,2500,picture,aires-acondicionados/img/hero_split.jpg,sí,91,jpg,1200,900,sí,sí,sí,2500 frigorías en L'Hospitalet de Llobregat,no,sí,175,621
aires-acondicionados/capacidades/2500-frigorias-hospitalet-de-llobregat.html,capacidad/ciudad,L'Hospitalet de Llobregat,,2500,picture,aires-acondicionados/img/logo_zervitecnics.png,sí,31,png,560,120,sí,sí,sí,Zervitecnics,no,no,374,676
aires-acondicionados/capacidades/2500-frigorias-hospitalet-de-llobregat.html,capacidad/ciudad,L'Hospitalet de Llobregat,,2500,og:image,aires-acondicionados/img/hero_main.jpg,sí,115,jpg,1400,787,no,sí,,,,,41,5
aires-acondicionados/capacidades/2500-frigorias-la-garriga.html,capacidad/ciudad,La Garriga,,2500,picture,aires-acondicionados/img/logo_zervitecnics.png,sí,31,png,560,120,sí,sí,sí,Zervitecnics,sí,no,148,676
aires-acondicionados/capacidades/2500-frigorias-la-garriga.html,capacidad/ciudad,La Garriga,,2500,picture,aires-acondicionados/img/hero_split.jpg,sí,91,jpg,1200,900,sí,sí,sí,2500 frigorías en La Garriga,no,sí,175,621
aires-acondicionados/capacidades/2500-frigorias-la-garriga.html,capacidad/ciudad,La Garriga,,2500,picture,aires-acondicionados/img/logo_zervitecnics.png,sí,31,png,560,120,sí,sí,sí,Zervitecnics,no,no,343,676
aires-acondicionados/capacidades/2500-frigorias-la-garriga.html,capacidad/ciudad,La Garriga,,2500,og:image,aires-acondicionados/img/hero_main.jpg,sí,115,jpg,1400,787,no,sí,,,,,41,5
aires-acondicionados/capacidades/2500-frigorias-mataro.html,capacidad/ciudad,Mataró,,2500,picture,aires-acondicionados/img/logo_zervitecnics.png,sí,31,png,560,120,sí,sí,sí,Zervitecnics,sí,no,148,676
aires-acondicionados/capacidades/2500-frigorias-mataro.html,capacidad/ciudad,Mataró,,2500,picture,aires-acondicionados/img/hero_split.jpg,sí,91,jpg,1200,900,sí,sí,sí,2500 frigorías en Mataró,no,sí,175,621
aires-acondicionados/capacidades/2500-frigorias-mataro.html,capacidad/ciudad,Mataró,,2500,picture,aires-acondicionados/img/logo_zervitecnics.png,sí,31,png,560,120,sí,sí,sí,Zervitecnics,no,no,343,676
aires-acondicionados/capacidades/2500-frigorias-mataro.html,capacidad/ciudad,Mataró,,2500,og:image,aires-acondicionados/img/hero_main.jpg,sí,115,jpg,1400,787,no,sí,,,,,41,5
aires-acondicionados/capacidades/2500-frigorias-mollet-del-valles.html,capacidad/ciudad,Mollet del Vallès,,2500,picture,aires-acondicionados/img/logo_zervitecnics.png,sí,31,png,560,120,sí,sí,sí,Zervitecnics,sí,no,148,676
aires-acondicionados/capacidades/2500-frigorias-mollet-del-valles.html,capacidad/ciudad,Mollet del Vallès,,2500,picture,aires-acondicionados/img/hero_split.jpg,sí,91,jpg,1200,900,sí,sí,sí,2500 frigorías en Mollet del Vallès,no,sí,175,621
aires-acondicionados/capacidades/2500-frigorias-mollet-del-valles.html,capacidad/ciudad,Mollet del Vallès,,2500,picture,aires-acondicionados/img/logo_zervitecnics.png,sí,31,png,560,120,sí,sí,sí,Zervitecnics,no,no,343,676
aires-acondicionados/capacidades/2500-frigorias-mollet-del-valles.html,capacidad/ciudad,Mollet del Vallès,,2500,og:image,aires-acondicionados/img/hero_main.jpg,sí,115,jpg,1400,787,no,sí,,,,,41,5
aires-acondicionados/capacidades/2500-frigorias-parets-del-valles.html,capacidad/ciudad,Parets del Vallès,,2500,picture,aires-acondicionados/img/logo_zervitecnics.png,sí,31,png,560,120,sí,sí,sí,Zervitecnics,sí,no,148,676
aires-acondicionados/capacidades/2500-frigorias-parets-del-valles.html,capacidad/ciudad,Parets del Vallès,,2500,picture,aires-acondicionados/img/hero_split.jpg,sí,91,jpg,1200,900,sí,sí,sí,2500 frigorías en Parets del Vallès,no,sí,175,621
aires-acondicionados/capacidades/2500-frigorias-parets-del-valles.html,capacidad/ciudad,Parets del Vallès,,2500,picture,aires-acondicionados/img/logo_zervitecnics.png,sí,31,png,560,120,sí,sí,sí,Zervitecnics,no,no,343,676
aires-acondicionados/capacidades/2500-frigorias-parets-del-valles.html,capacidad/ciudad,Parets del Vallès,,2500,og:image,aires-acondicionados/img/hero_main.jpg,sí,115,jpg,1400,787,no,sí,,,,,41,5
aires-acondicionados/capacidades/2500-frigorias-pineda-de-mar.html,capacidad/ciudad,Pineda de Mar,,2500,picture,aires-acondicionados/img/logo_zervitecnics.png,sí,31,png,560,120,sí,sí,sí,Zervitecnics,sí,no,148,676
aires-acondicionados/capacidades/2500-frigorias-pineda-de-mar.html,capacidad/ciudad,Pineda de Mar,,2500,picture,aires-acondicionados/img/hero_split.jpg,sí,91,jpg,1200,900,sí,sí,sí,2500 frigorías en Pineda de Mar,no,sí,175,621
aires-acondicionados/capacidades/2500-frigorias-pineda-de-mar.html,capacidad/ciudad,Pineda de Mar,,2500,picture,aires-acondicionados/img/logo_zervitecnics.png,sí,31,png,560,120,sí,sí,sí,Zervitecnics,no,no,343,676
aires-acondicionados/capacidades/2500-frigorias-pineda-de-mar.html,capacidad/ciudad,Pineda de Mar,,2500,og:image,aires-acondicionados/img/hero_main.jpg,sí,115,jpg,1400,787,no,sí,,,,,41,5
aires-acondicionados/capacidades/2500-frigorias-premia-de-mar.html,capacidad/ciudad,Premià de Mar,,2500,picture,aires-acondicionados/img/logo_zervitecnics.png,sí,31,png,560,120,sí,sí,sí,Zervitecnics,sí,no,148,676
aires-acondicionados/capacidades/2500-frigorias-premia-de-mar.html,capacidad/ciudad,Premià de Mar,,2500,picture,aires-acondicionados/img/hero_split.jpg,sí,91,jpg,1200,900,sí,sí,sí,2500 frigorías en Premià de Mar,no,sí,175,621
aires-acondicionados/capacidades/2500-frigorias-premia-de-mar.html,capacidad/ciudad,Premià de Mar,,2500,picture,aires-acondicionados/img/logo_zervitecnics.png,sí,31,png,560,120,sí,sí,sí,Zervitecnics,no,no,343,676
aires-acondicionados/capacidades/2500-frigorias-premia-de-mar.html,capacidad/ciudad,Premià de Mar,,2500,og:image,aires-acondicionados/img/hero_main.jpg,sí,115,jpg,1400,787,no,sí,,,,,41,5
aires-acondicionados/capacidades/2500-frigorias-rubi.html,capacidad/ciudad,Rubí,,2500,picture,aires-acondicionados/img/logo_zervitecnics.png,sí,31,png,560,120,sí,sí,sí,Zervitecnics,sí,no,148,676
aires-acondicionados/capacidades/2500-frigorias-rubi.html,capacidad/ciudad,Rubí,,2500,picture,aires-acondicionados/img/hero_split.jpg,sí,91,jpg,1200,900,sí,sí,sí,2500 frigorías en Rubí,no,sí,175,621
aires-acondicionados/capacidades/2500-frigorias-rubi.html,capacidad/ciudad,Rubí,,2500,picture,aires-acondicionados/img/logo_zervitecnics.png,sí,31,png,560,120,sí,sí,sí,Zervitecnics,no,no,343,676
aires-acondicionados/capacidades/2500-frigorias-rubi.html,capacidad/ciudad,Rubí,,2500,og:image,aires-acondicionados/img/hero_main.jpg,sí,115,jpg,1400,787,no,sí,,,,,41,5
aires-acondicionados/capacidades/2500-frigorias-sabadell.html,capacidad/ciudad,Sabadell,,2500,picture,aires-acondicionados/img/logo_zervitecnics.png,sí,31,png,560,120,sí,sí,sí,Zervitecnics,sí,no,148,676
aires-acondicionados/capacidades/2500-frigorias-sabadell.html,capacidad/ciudad,Sabadell,,2500,picture,aires-acondicionados/img/hero_split.jpg,sí,91,jpg,1200,900,sí,sí,sí,2500 frigorías en Sabadell,no,sí,175,621
aires-acondicionados/capacidades/2500-frigorias-sabadell.html,capacidad/ciudad,Sabadell,,2500,picture,aires-acondicionados/img/logo_zervitecnics.png,sí,31,png,560,120,sí,sí,sí,Zervitecnics,no,no,374,676
aires-acondicionados/capacidades/2500-frigorias-sabadell.html,capacidad/ciudad,Sabadell,,2500,og:image,aires-acondicionados/img/hero_main.jpg,sí,115,jpg,1400,787,no,sí,,,,,41,5
aires-acondicionados/capacidades/2500-frigorias-sant-adria-de-besos.html,capacidad/ciudad,Sant Adrià de Besòs,,2500,picture,aires-acondicionados/img/logo_zervitecnics.png,sí,31,png,560,120,sí,sí,sí,Zervitecnics,sí,no,148,676
aires-acondicionados/capacidades/2500-frigorias-sant-adria-de-besos.html,capacidad/ciudad,Sant Adrià de Besòs,,2500,picture,aires-acondicionados/img/hero_split.jpg,sí,91,jpg,1200,900,sí,sí,sí,2500 frigorías en Sant Adrià de Besòs,no,sí,175,621
aires-acondicionados/capacidades/2500-frigorias-sant-adria-de-besos.html,capacidad/ciudad,Sant Adrià de Besòs,,2500,picture,aires-acondicionados/img/logo_zervitecnics.png,sí,31,png,560,120,sí,sí,sí,Zervitecnics,no,no,373,676
aires-acondicionados/capacidades/2500-frigorias-sant-adria-de-besos.html,capacidad/ciudad,Sant Adrià de Besòs,,2500,og:image,aires-acondicionados/img/hero_main.jpg,sí,115,jpg,1400,787,no,sí,,,,,41,5
aires-acondicionados/capacidades/2500-frigorias-sant-boi-de-llobregat.html,capacidad/ciudad,Sant Boi de Llobregat,,2500,picture,aires-acondicionados/img/logo_zervitecnics.png,sí,31,png,560,120,sí,sí,sí,Zervitecnics,sí,no,148,676
aires-acondicionados/capacidades/2500-frigorias-sant-boi-de-llobregat.html,capacidad/ciudad,Sant Boi de Llobregat,,2500,picture,aires-acondicionados/img/hero_split.jpg,sí,91,jpg,1200,900,sí,sí,sí,2500 frigorías en Sant Boi de Llobregat,no,sí,175,621
aires-acondicionados/capacidades/2500-frigorias-sant-boi-de-llobregat.html,capacidad/ciudad,Sant Boi de Llobregat,,2500,picture,aires-acondicionados/img/logo_zervitecnics.png,sí,31,png,560,120,sí,sí,sí,Zervitecnics,no,no,373,676
aires-acondicionados/capacidades/2500-frigorias-sant-boi-de-llobregat.html,capacidad/ciudad,Sant Boi de Llobregat,,2500,og:image,aires-acondicionados/img/hero_main.jpg,sí,115,jpg,1400,787,no,sí,,,,,41,5
aires-acondicionados/capacidades/2500-frigorias-sant-celoni.html,capacidad/ciudad,Sant Celoni,,2500,picture,aires-acondicionados/img/logo_zervitecnics.png,sí,31,png,560,120,sí,sí,sí,Zervitecnics,sí,no,148,676
aires-acondicionados/capacidades/2500-frigorias-sant-celoni.html,capacidad/ciudad,Sant Celoni,,2500,picture,aires-acondicionados/img/hero_split.jpg,sí,91,jpg,1200,900,sí,sí,sí,2500 frigorías en Sant Celoni,no,sí,175,621
aires-acondicionados/capacidades/2500-frigorias-sant-celoni.html,capacidad/ciudad,Sant Celoni,,2500,picture,aires-acondicionados/img/logo_zervitecnics.png,sí,31,png,560,120,sí,sí,sí,Zervitecnics,no,no,343,676
aires-acondicionados/capacidades/2500-frigorias-sant-celoni.html,capacidad/ciudad,Sant Celoni,,2500,og:image,aires-acondicionados/img/hero_main.jpg,sí,115,jpg,1400,787,no,sí,,,,,41,5
aires-acondicionados/capacidades/2500-frigorias-sant-cugat-del-valles.html,capacidad/ciudad,Sant Cugat del Vallès,,2500,picture,aires-acondicionados/img/logo_zervitecnics.png,sí,31,png,560,120,sí,sí,sí,Zervitecnics,sí,no,148,676
aires-acondicionados/capacidades/2500-frigorias-sant-cugat-del-valles.html,capacidad/ciudad,Sant Cugat del Vallès,,2500,picture,aires-acondicionados/img/hero_split.jpg,sí,91,jpg,1200,900,sí,sí,sí,2500 frigorías en Sant Cugat del Vallès,no,sí,175,621
aires-acondicionados/capacidades/2500-frigorias-sant-cugat-del-valles.html,capacidad/ciudad,Sant Cugat del Vallès,,2500,picture,aires-acondicionados/img/logo_zervitecnics.png,sí,31,png,560,120,sí,sí,sí,Zervitecnics,no,no,374,676
aires-acondicionados/capacidades/2500-frigorias-sant-cugat-del-valles.html,capacidad/ciudad,Sant Cugat del Vallès,,2500,og:image,aires-acondicionados/img/hero_main.jpg,sí,115,jpg,1400,787,no,sí,,,,,41,5
aires-acondicionados/capacidades/2500-frigorias-sant-joan-despi.html,capacidad/ciudad,Sant Joan Despí,,2500,picture,aires-acondicionados/img/logo_zervitecnics.png,sí,31,png,560,120,sí,sí,sí,Zervitecnics,sí,no,148,676
aires-acondicionados/capacidades/2500-frigorias-sant-joan-despi.html,capacidad/ciudad,Sant Joan Despí,,2500,picture,aires-acondicionados/img/hero_split.jpg,sí,91,jpg,1200,900,sí,sí,sí,2500 frigorías en Sant Joan Despí,no,sí,175,621
aires-acondicionados/capacidades/2500-frigorias-sant-joan-despi.html,capacidad/ciudad,Sant Joan Despí,,2500,picture,aires-acondicionados/img/logo_zervitecnics.png,sí,31,png,560,120,sí,sí,sí,Zervitecnics,no,no,373,676
aires-acondicionados/capacidades/2500-frigorias-sant-joan-despi.html,capacidad/ciudad,Sant Joan Despí,,2500,og:image,aires-acondicionados/img/hero_main.jpg,sí,115,jpg,1400,787,no,sí,,,,,41,5
aires-acondicionados/capacidades/2500-frigorias-sant-just-desvern.html,capacidad/ciudad,Sant Just Desvern,,2500,picture,aires-acondicionados/img/logo_zervitecnics.png,sí,31,png,560,120,sí,sí,sí,Zervitecnics,sí,no,148,676
aires-acondicionados/capacidades/2500-frigorias-sant-just-desvern.html,capacidad/ciudad,Sant Just Desvern,,2500,picture,aires-acondicionados/img/hero_split.jpg,sí,91,jpg,1200,900,sí,sí,sí,2500 frigorías en Sant Just Desvern,no,sí,175,621
aires-acondicionados/capacidades/2500-frigorias-sant-just-desvern.html,capacidad/ciudad,Sant Just Desvern,,2500,picture,aires-acondicionados/img/logo_zervitecnics.png,sí,31,png,560,120,sí,sí,sí,Zervitecnics,no,no,373,676
aires-acondicionados/capacidades/2500-frigorias-sant-just-desvern.html,capacidad/ciudad,Sant Just Desvern,,2500,og:image,aires-acondicionados/img/hero_main.jpg,sí,115,jpg,1400,787,no,sí,,,,,41,5
aires-acondicionados/capacidades/2500-frigorias-sant-quirze-del-valles.html,capacidad/ciudad,Sant Quirze del Vallès,,2500,picture,aires-acondicionados/img/logo_zervitecnics.png,sí,31,png,560,120,sí,sí,sí,Zervitecnics,sí,no,148,676
aires-acondicionados/capacidades/2500-frigorias-sant-quirze-del-valles.html,capacidad/ciudad,Sant Quirze del Vallès,,2500,picture,aires-acondicionados/img/hero_split.jpg,sí,91,jpg,1200,900,sí,sí,sí,2500 frigorías en Sant Quirze del Vallès,no,sí,175,621
aires-acondicionados/capacidades/2500-frigorias-sant-quirze-del-valles.html,capacidad/ciudad,Sant Quirze del Vallès,,2500,picture,aires-acondicionados/img/logo_zervitecnics.png,sí,31,png,560,120,sí,sí,sí,Zervitecnics,no,no,343,676
aires-acondicionados/capacidades/2500-frigorias-sant-quirze-del-valles.html,capacidad/ciudad,Sant Quirze del Vallès,,2500,og:image,aires-acondicionados/img/hero_main.jpg,sí,115,jpg,1400,787,no,sí,,,,,41,5
aires-acondicionados/capacidades/2500-frigorias-santa-coloma-de-gramenet.html,capacidad/ciudad,Santa Coloma de Gramenet,,2500,picture,aires-acondicionados/img/logo_zervitecnics.png,sí,31,png,560,120,sí,sí,sí,Zervitecnics,sí,no,148,676
aires-acondicionados/capacidades/2500-frigorias-santa-coloma-de-gramenet.html,capacidad/ciudad,Santa Coloma de Gramenet,,2500,picture,aires-acondicionados/img/hero_split.jpg,sí,91,jpg,1200,900,sí,sí,sí,2500 frigorías en Santa Coloma de Gramenet,no,sí,175,621
aires-acondicionados/capacidades/2500-frigorias-santa-coloma-de-gramenet.html,capacidad/ciudad,Santa Coloma de Gramenet,,2500,picture,aires-acondicionados/img/logo_zervitecnics.png,sí,31,png,560,120,sí,sí,sí,Zervitecnics,no,no,373,676
aires-acondicionados/capacidades/2500-frigorias-santa-coloma-de-gramenet.html,capacidad/ciudad,Santa Coloma de Gramenet,,2500,og:image,aires-acondicionados/img/hero_main.jpg,sí,115,jpg,1400,787,no,sí,,,,,41,5
aires-acondicionados/capacidades/2500-frigorias-sitges.html,capacidad/ciudad,Sitges,,2500,picture,aires-acondicionados/img/logo_zervitecnics.png,sí,31,png,560,120,sí,sí,sí,Zervitecnics,sí,no,148,676
aires-acondicionados/capacidades/2500-frigorias-sitges.html,capacidad/ciudad,Sitges,,2500,picture,aires-acondicionados/img/hero_split.jpg,sí,91,jpg,1200,900,sí,sí,sí,2500 frigorías en Sitges,no,sí,175,621
aires-acondicionados/capacidades/2500-frigorias-sitges.html,capacidad/ciudad,Sitges,,2500,picture,aires-acondicionados/img/logo_zervitecnics.png,sí,31,png,560,120,sí,sí,sí,Zervitecnics,no,no,343,676
aires-acondicionados/capacidades/2500-frigorias-sitges.html,capacidad/ciudad,Sitges,,2500,og:image,aires-acondicionados/img/hero_main.jpg,sí,115,jpg,1400,787,no,sí,,,,,41,5
aires-acondicionados/capacidades/2500-frigorias-terrassa.html,capacidad/ciudad,Terrassa,,2500,picture,aires-acondicionados/img/logo_zervitecnics.png,sí,31,png,560,120,sí,sí,sí,Zervitecnics,sí,no,148,676
aires-acondicionados/capacidades/2500-frigorias-terrassa.html,capacidad/ciudad,Terrassa,,2500,picture,aires-acondicionados/img/hero_split.jpg,sí,91,jpg,1200,900,sí,sí,sí,2500 frigorías en Terrassa,no,sí,175,621
aires-acondicionados/capacidades/2500-frigorias-terrassa.html,capacidad/ciudad,Terrassa,,2500,picture,aires-acondicionados/img/logo_zervitecnics.png,sí,31,png,560,120,sí,sí,sí,Zervitecnics,no,no,374,676
aires-acondicionados/capacidades/2500-frigorias-terrassa.html,capacidad/ciudad,Terrassa,,2500,og:image,aires-acondicionados/img/hero_main.jpg,sí,115,jpg,1400,787,no,sí,,,,,41,5
aires-acondicionados/capacidades/2500-frigorias-viladecans.html,capacidad/ciudad,Viladecans,,2500,picture,aires-acondicionados/img/logo_zervitecnics.png,sí,31,png,560,120,sí,sí,sí,Zervitecnics,sí,no,148,676
aires-acondicionados/capacidades/2500-frigorias-viladecans.html,capacidad/ciudad,Viladecans,,2500,picture,aires-acondicionados/img/hero_split.jpg,sí,91,jpg,1200,900,sí,sí,sí,2500 frigorías en Viladecans,no,sí,175,621
aires-acondicionados/capacidades/2500-frigorias-viladecans.html,capacidad/ciudad,Viladecans,,2500,picture,aires-acondicionados/img/logo_zervitecnics.png,sí,31,png,560,120,sí,sí,sí,Zervitecnics,no,no,373,676
aires-acondicionados/capacidades/2500-frigorias-viladecans.html,capacidad/ciudad,Viladecans,,2500,og:image,aires-acondicionados/img/hero_main.jpg,sí,115,jpg,1400,787,no,sí,,,,,41,5
aires-acondicionados/capacidades/2500-frigorias-vilassar-de-mar.html,capacidad/ciudad,Vilassar de Mar,,2500,picture,aires-acondicionados/img/logo_zervitecnics.png,sí,31,png,560,120,sí,sí,sí,Zervitecnics,sí,no,148,676
aires-acondicionados/capacidades/2500-frigorias-vilassar-de-mar.html,capacidad/ciudad,Vilassar de Mar,,2500,picture,aires-acondicionados/img/hero_split.jpg,sí,91,jpg,1200,900,sí,sí,sí,2500 frigorías en Vilassar de Mar,no,sí,175,621
aires-acondicionados/capacidades/2500-frigorias-vilassar-de-mar.html,capacidad/ciudad,Vilassar de Mar,,2500,picture,aires-acondicionados/img/logo_zervitecnics.png,sí,31,png,560,120,sí,sí,sí,Zervitecnics,no,no,343,676
aires-acondicionados/capacidades/2500-frigorias-vilassar-de-mar.html,capacidad/ciudad,Vilassar de Mar,,2500,og:image,aires-acondicionados/img/hero_main.jpg,sí,115,jpg,1400,787,no,sí,,,,,41,5
aires-acondicionados/capacidades/4500-frigorias-arenys-de-mar.html,capacidad/ciudad,Arenys de Mar,,4500,picture,aires-acondicionados/img/logo_zervitecnics.png,sí,31,png,560,120,sí,sí,sí,Zervitecnics,sí,no,148,676
aires-acondicionados/capacidades/4500-frigorias-arenys-de-mar.html,capacidad/ciudad,Arenys de Mar,,4500,picture,aires-acondicionados/img/hero_split.jpg,sí,91,jpg,1200,900,sí,sí,sí,4500 frigorías en Arenys de Mar,no,sí,175,621
aires-acondicionados/capacidades/4500-frigorias-arenys-de-mar.html,capacidad/ciudad,Arenys de Mar,,4500,picture,aires-acondicionados/img/logo_zervitecnics.png,sí,31,png,560,120,sí,sí,sí,Zervitecnics,no,no,343,676
aires-acondicionados/capacidades/4500-frigorias-arenys-de-mar.html,capacidad/ciudad,Arenys de Mar,,4500,og:image,aires-acondicionados/img/hero_main.jpg,sí,115,jpg,1400,787,no,sí,,,,,41,5
aires-acondicionados/capacidades/4500-frigorias-argentona.html,capacidad/ciudad,Argentona,,4500,picture,aires-acondicionados/img/logo_zervitecnics.png,sí,31,png,560,120,sí,sí,sí,Zervitecnics,sí,no,148,676
aires-acondicionados/capacidades/4500-frigorias-argentona.html,capacidad/ciudad,Argentona,,4500,picture,aires-acondicionados/img/hero_split.jpg,sí,91,jpg,1200,900,sí,sí,sí,4500 frigorías en Argentona,no,sí,175,621
aires-acondicionados/capacidades/4500-frigorias-argentona.html,capacidad/ciudad,Argentona,,4500,picture,aires-acondicionados/img/logo_zervitecnics.png,sí,31,png,560,120,sí,sí,sí,Zervitecnics,no,no,343,676
aires-acondicionados/capacidades/4500-frigorias-argentona.html,capacidad/ciudad,Argentona,,4500,og:image,aires-acondicionados/img/hero_main.jpg,sí,115,jpg,1400,787,no,sí,,,,,41,5
aires-acondicionados/capacidades/4500-frigorias-badalona.html,capacidad/ciudad,Badalona,,4500,picture,aires-acondicionados/img/logo_zervitecnics.png,sí,31,png,560,120,sí,sí,sí,Zervitecnics,sí,no,148,676
aires-acondicionados/capacidades/4500-frigorias-badalona.html,capacidad/ciudad,Badalona,,4500,picture,aires-acondicionados/img/hero_split.jpg,sí,91,jpg,1200,900,sí,sí,sí,4500 frigorías en Badalona,no,sí,175,621
aires-acondicionados/capacidades/4500-frigorias-badalona.html,capacidad/ciudad,Badalona,,4500,picture,aires-acondicionados/img/logo_zervitecnics.png,sí,31,png,560,120,sí,sí,sí,Zervitecnics,no,no,374,676
aires-acondicionados/capacidades/4500-frigorias-badalona.html,capacidad/ciudad,Badalona,,4500,og:image,aires-acondicionados/img/hero_main.jpg,sí,115,jpg,1400,787,no,sí,,,,,41,5
aires-acondicionados/capacidades/4500-frigorias-barbera-del-valles.html,capacidad/ciudad,Barberà del Vallès,,4500,picture,aires-acondicionados/img/logo_zervitecnics.png,sí,31,png,560,120,sí,sí,sí,Zervitecnics,sí,no,148,676
aires-acondicionados/capacidades/4500-frigorias-barbera-del-valles.html,capacidad/ciudad,Barberà del Vallès,,4500,picture,aires-acondicionados/img/hero_split.jpg,sí,91,jpg,1200,900,sí,sí,sí,4500 frigorías en Barberà del Vallès,no,sí,175,621
aires-acondicionados/capacidades/4500-frigorias-barbera-del-valles.html,capacidad/ciudad,Barberà del Vallès,,4500,picture,aires-acondicionados/img/logo_zervitecnics.png,sí,31,png,560,120,sí,sí,sí,Zervitecnics,no,no,343,676
aires-acondicionados/capacidades/4500-frigorias-barbera-del-valles.html,capacidad/ciudad,Barberà del Vallès,,4500,og:image,aires-acondicionados/img/hero_main.jpg,sí,115,jpg,1400,787,no,sí,,,,,41,5
aires-acondicionados/capacidades/4500-frigorias-barcelona.html,capacidad/ciudad,Barcelona,,4500,picture,aires-acondicionados/img/logo_zervitecnics.png,sí,31,png,560,120,sí,sí,sí,Zervitecnics,sí,no,148,676
aires-acondicionados/capacidades/4500-frigorias-barcelona.html,capacidad/ciudad,Barcelona,,4500,picture,aires-acondicionados/img/hero_split.jpg,sí,91,jpg,1200,900,sí,sí,sí,4500 frigorías en Barcelona,no,sí,175,621
aires-acondicionados/capacidades/4500-frigorias-barcelona.html,capacidad/ciudad,Barcelona,,4500,picture,aires-acondicionados/img/logo_zervitecnics.png,sí,31,png,560,120,sí,sí,sí,Zervitecnics,no,no,373,676
aires-acondicionados/capacidades/4500-frigorias-barcelona.html,capacidad/ciudad,Barcelona,,4500,og:image,aires-acondicionados/img/hero_main.jpg,sí,115,jpg,1400,787,no,sí,,,,,41,5
aires-acondicionados/capacidades/4500-frigorias-cabrils.html,capacidad/ciudad,Cabrils,,4500,picture,aires-acondicionados/img/logo_zervitecnics.png,sí,31,png,560,120,sí,sí,sí,Zervitecnics,sí,no,148,676
aires-acondicionados/capacidades/4500-frigorias-cabrils.html,capacidad/ciudad,Cabrils,,4500,picture,aires-acondicionados/img/hero_split.jpg,sí,91,jpg,1200,900,sí,sí,sí,4500 frigorías en Cabrils,no,sí,175,621
aires-acondicionados/capacidades/4500-frigorias-cabrils.html,capacidad/ciudad,Cabrils,,4500,picture,aires-acondicionados/img/logo_zervitecnics.png,sí,31,png,560,120,sí,sí,sí,Zervitecnics,no,no,343,676
aires-acondicionados/capacidades/4500-frigorias-cabrils.html,capacidad/ciudad,Cabrils,,4500,og:image,aires-acondicionados/img/hero_main.jpg,sí,115,jpg,1400,787,no,sí,,,,,41,5
aires-acondicionados/capacidades/4500-frigorias-caldes-de-montbui.html,capacidad/ciudad,Caldes de Montbui,,4500,picture,aires-acondicionados/img/logo_zervitecnics.png,sí,31,png,560,120,sí,sí,sí,Zervitecnics,sí,no,148,676
aires-acondicionados/capacidades/4500-frigorias-caldes-de-montbui.html,capacidad/ciudad,Caldes de Montbui,,4500,picture,aires-acondicionados/img/hero_split.jpg,sí,91,jpg,1200,900,sí,sí,sí,4500 frigorías en Caldes de Montbui,no,sí,175,621
aires-acondicionados/capacidades/4500-frigorias-caldes-de-montbui.html,capacidad/ciudad,Caldes de Montbui,,4500,picture,aires-acondicionados/img/logo_zervitecnics.png,sí,31,png,560,120,sí,sí,sí,Zervitecnics,no,no,343,676
aires-acondicionados/capacidades/4500-frigorias-caldes-de-montbui.html,capacidad/ciudad,Caldes de Montbui,,4500,og:image,aires-acondicionados/img/hero_main.jpg,sí,115,jpg,1400,787,no,sí,,,,,41,5
aires-acondicionados/capacidades/4500-frigorias-calella.html,capacidad/ciudad,Calella,,4500,picture,aires-acondicionados/img/logo_zervitecnics.png,sí,31,png,560,120,sí,sí,sí,Zervitecnics,sí,no,148,676
aires-acondicionados/capacidades/4500-frigorias-calella.html,capacidad/ciudad,Calella,,4500,picture,aires-acondicionados/img/hero_split.jpg,sí,91,jpg,1200,900,sí,sí,sí,4500 frigorías en Calella,no,sí,175,621
aires-acondicionados/capacidades/4500-frigorias-calella.html,capacidad/ciudad,Calella,,4500,picture,aires-acondicionados/img/logo_zervitecnics.png,sí,31,png,560,120,sí,sí,sí,Zervitecnics,no,no,343,676
aires-acondicionados/capacidades/4500-frigorias-calella.html,capacidad/ciudad,Calella,,4500,og:image,aires-acondicionados/img/hero_main.jpg,sí,115,jpg,1400,787,no,sí,,,,,41,5
aires-acondicionados/capacidades/4500-frigorias-canet-de-mar.html,capacidad/ciudad,Canet de Mar,,4500,picture,aires-acondicionados/img/logo_zervitecnics.png,sí,31,png,560,120,sí,sí,sí,Zervitecnics,sí,no,148,676
aires-acondicionados/capacidades/4500-frigorias-canet-de-mar.html,capacidad/ciudad,Canet de Mar,,4500,picture,aires-acondicionados/img/hero_split.jpg,sí,91,jpg,1200,900,sí,sí,sí,4500 frigorías en Canet de Mar,no,sí,175,621
aires-acondicionados/capacidades/4500-frigorias-canet-de-mar.html,capacidad/ciudad,Canet de Mar,,4500,picture,aires-acondicionados/img/logo_zervitecnics.png,sí,31,png,560,120,sí,sí,sí,Zervitecnics,no,no,343,676
aires-acondicionados/capacidades/4500-frigorias-canet-de-mar.html,capacidad/ciudad,Canet de Mar,,4500,og:image,aires-acondicionados/img/hero_main.jpg,sí,115,jpg,1400,787,no,sí,,,,,41,5
aires-acondicionados/capacidades/4500-frigorias-cardedeu.html,capacidad/ciudad,Cardedeu,,4500,picture,aires-acondicionados/img/logo_zervitecnics.png,sí,31,png,560,120,sí,sí,sí,Zervitecnics,sí,no,148,676
aires-acondicionados/capacidades/4500-frigorias-cardedeu.html,capacidad/ciudad,Cardedeu,,4500,picture,aires-acondicionados/img/hero_split.jpg,sí,91,jpg,1200,900,sí,sí,sí,4500 frigorías en Cardedeu,no,sí,175,621
aires-acondicionados/capacidades/4500-frigorias-cardedeu.html,capacidad/ciudad,Cardedeu,,4500,picture,aires-acondicionados/img/logo_zervitecnics.png,sí,31,png,560,120,sí,sí,sí,Zervitecnics,no,no,343,676
aires-acondicionados/capacidades/4500-frigorias-cardedeu.html,capacidad/ciudad,Cardedeu,,4500,og:image,aires-acondicionados/img/hero_main.jpg,sí,115,jpg,1400,787,no,sí,,,,,41,5
aires-acondicionados/capacidades/4500-frigorias-castellar-del-valles.html,capacidad/ciudad,Castellar del Vallès,,4500,picture,aires-acondicionados/img/logo_zervitecnics.png,sí,31,png,560,120,sí,sí,sí,Zervitecnics,sí,no,148,676
aires-acondicionados/capacidades/4500-frigorias-castellar-del-valles.html,capacidad/ciudad,Castellar del Vallès,,4500,picture,aires-acondicionados/img/hero_split.jpg,sí,91,jpg,1200,900,sí,sí,sí,4500 frigorías en Castellar del Vallès,no,sí,175,621
aires-acondicionados/capacidades/4500-frigorias-castellar-del-valles.html,capacidad/ciudad,Castellar del Vallès,,4500,picture,aires-acondicionados/img/logo_zervitecnics.png,sí,31,png,560,120,sí,sí,sí,Zervitecnics,no,no,343,676
aires-acondicionados/capacidades/4500-frigorias-castellar-del-valles.html,capacidad/ciudad,Castellar del Vallès,,4500,og:image,aires-acondicionados/img/hero_main.jpg,sí,115,jpg,1400,787,no,sí,,,,,41,5
aires-acondicionados/capacidades/4500-frigorias-castelldefels.html,capacidad/ciudad,Castelldefels,,4500,picture,aires-acondicionados/img/logo_zervitecnics.png,sí,31,png,560,120,sí,sí,sí,Zervitecnics,sí,no,148,676
aires-acondicionados/capacidades/4500-frigorias-castelldefels.html,capacidad/ciudad,Castelldefels,,4500,picture,aires-acondicionados/img/hero_split.jpg,sí,91,jpg,1200,900,sí,sí,sí,4500 frigorías en Castelldefels,no,sí,175,621
aires-acondicionados/capacidades/4500-frigorias-castelldefels.html,capacidad/ciudad,Castelldefels,,4500,picture,aires-acondicionados/img/logo_zervitecnics.png,sí,31,png,560,120,sí,sí,sí,Zervitecnics,no,no,374,676
aires-acondicionados/capacidades/4500-frigorias-castelldefels.html,capacidad/ciudad,Castelldefels,,4500,og:image,aires-acondicionados/img/hero_main.jpg,sí,115,jpg,1400,787,no,sí,,,,,41,5
aires-acondicionados/capacidades/4500-frigorias-cerdanyola-del-valles.html,capacidad/ciudad,Cerdanyola del Vallès,,4500,picture,aires-acondicionados/img/logo_zervitecnics.png,sí,31,png,560,120,sí,sí,sí,Zervitecnics,sí,no,148,676
aires-acondicionados/capacidades/4500-frigorias-cerdanyola-del-valles.html,capacidad/ciudad,Cerdanyola del Vallès,,4500,picture,aires-acondicionados/img/hero_split.jpg,sí,91,jpg,1200,900,sí,sí,sí,4500 frigorías en Cerdanyola del Vallès,no,sí,175,621
aires-acondicionados/capacidades/4500-frigorias-cerdanyola-del-valles.html,capacidad/ciudad,Cerdanyola del Vallès,,4500,picture,aires-acondicionados/img/logo_zervitecnics.png,sí,31,png,560,120,sí,sí,sí,Zervitecnics,no,no,343,676
aires-acondicionados/capacidades/4500-frigorias-cerdanyola-del-valles.html,capacidad/ciudad,Cerdanyola del Vallès,,4500,og:image,aires-acondicionados/img/hero_main.jpg,sí,115,jpg,1400,787,no,sí,,,,,41,5
aires-acondicionados/capacidades/4500-frigorias-cornella-de-llobregat.html,capacidad/ciudad,Cornellà de Llobregat,,4500,picture,aires-acondicionados/img/logo_zervitecnics.png,sí,31,png,560,120,sí,sí,sí,Zervitecnics,sí,no,148,676
aires-acondicionados/capacidades/4500-frigorias-cornella-de-llobregat.html,capacidad/ciudad,Cornellà de Llobregat,,4500,picture,aires-acondicionados/img/hero_split.jpg,sí,91,jpg,1200,900,sí,sí,sí,4500 frigorías en Cornellà de Llobregat,no,sí,175,621
aires-acondicionados/capacidades/4500-frigorias-cornella-de-llobregat.html,capacidad/ciudad,Cornellà de Llobregat,,4500,picture,aires-acondicionados/img/logo_zervitecnics.png,sí,31,png,560,120,sí,sí,sí,Zervitecnics,no,no,374,676
aires-acondicionados/capacidades/4500-frigorias-cornella-de-llobregat.html,capacidad/ciudad,Cornellà de Llobregat,,4500,og:image,aires-acondicionados/img/hero_main.jpg,sí,115,jpg,1400,787,no,sí,,,,,41,5
aires-acondicionados/capacidades/4500-frigorias-el-masnou.html,capacidad/ciudad,El Masnou,,4500,picture,aires-acondicionados/img/logo_zervitecnics.png,sí,31,png,560,120,sí,sí,sí,Zervitecnics,sí,no,148,676
aires-acondicionados/capacidades/4500-frigorias-el-masnou.html,capacidad/ciudad,El Masnou,,4500,picture,aires-acondicionados/img/hero_split.jpg,sí,91,jpg,1200,900,sí,sí,sí,4500 frigorías en El Masnou,no,sí,175,621
aires-acondicionados/capacidades/4500-frigorias-el-masnou.html,capacidad/ciudad,El Masnou,,4500,picture,aires-acondicionados/img/logo_zervitecnics.png,sí,31,png,560,120,sí,sí,sí,Zervitecnics,no,no,343,676
aires-acondicionados/capacidades/4500-frigorias-el-masnou.html,capacidad/ciudad,El Masnou,,4500,og:image,aires-acondicionados/img/hero_main.jpg,sí,115,jpg,1400,787,no,sí,,,,,41,5
aires-acondicionados/capacidades/4500-frigorias-el-prat-de-llobregat.html,capacidad/ciudad,El Prat de Llobregat,,4500,picture,aires-acondicionados/img/logo_zervitecnics.png,sí,31,png,560,120,sí,sí,sí,Zervitecnics,sí,no,148,676
aires-acondicionados/capacidades/4500-frigorias-el-prat-de-llobregat.html,capacidad/ciudad,El Prat de Llobregat,,4500,picture,aires-acondicionados/img/hero_split.jpg,sí,91,jpg,1200,900,sí,sí,sí,4500 frigorías en El Prat de Llobregat,no,sí,175,621
aires-acondicionados/capacidades/4500-frigorias-el-prat-de-llobregat.html,capacidad/ciudad,El Prat de Llobregat,,4500,picture,aires-acondicionados/img/logo_zervitecnics.png,sí,31,png,560,120,sí,sí,sí,Zervitecnics,no,no,373,676
aires-acondicionados/capacidades/4500-frigorias-el-prat-de-llobregat.html,capacidad/ciudad,El Prat de Llobregat,,4500,og:image,aires-acondicionados/img/hero_main.jpg,sí,115,jpg,1400,787,no,sí,,,,,41,5
aires-acondicionados/capacidades/4500-frigorias-esplugues-de-llobregat.html,capacidad/ciudad,Esplugues de Llobregat,,4500,picture,aires-acondicionados/img/logo_zervitecnics.png,sí,31,png,560,120,sí,sí,sí,Zervitecnics,sí,no,148,676
aires-acondicionados/capacidades/4500-frigorias-esplugues-de-llobregat.html,capacidad/ciudad,Esplugues de Llobregat,,4500,picture,aires-acondicionados/img/hero_split.jpg,sí,91,jpg,1200,900,sí,sí,sí,4500 frigorías en Esplugues de Llobregat,no,sí,175,621
aires-acondicionados/capacidades/4500-frigorias-esplugues-de-llobregat.html,capacidad/ciudad,Esplugues de Llobregat,,4500,picture,aires-acondicionados/img/logo_zervitecnics.png,sí,31,png,560,120,sí,sí,sí,Zervitecnics,no,no,373,676
aires-acondicionados/capacidades/4500-frigorias-esplugues-de-llobregat.html,capacidad/ciudad,Esplugues de Llobregat,,4500,og:image,aires-acondicionados/img/hero_main.jpg,sí,115,jpg,1400,787,no,sí,,,,,41,5
aires-acondicionados/capacidades/4500-frigorias-gava.html,capacidad/ciudad,Gavà,,4500,picture,aires-acondicionados/img/logo_zervitecnics.png,sí,31,png,560,120,sí,sí,sí,Zervitecnics,sí,no,148,676
aires-acondicionados/capacidades/4500-frigorias-gava.html,capacidad/ciudad,Gavà,,4500,picture,aires-acondicionados/img/hero_split.jpg,sí,91,jpg,1200,900,sí,sí,sí,4500 frigorías en Gavà,no,sí,175,621
aires-acondicionados/capacidades/4500-frigorias-gava.html,capacidad/ciudad,Gavà,,4500,picture,aires-acondicionados/img/logo_zervitecnics.png,sí,31,png,560,120,sí,sí,sí,Zervitecnics,no,no,373,676
aires-acondicionados/capacidades/4500-frigorias-gava.html,capacidad/ciudad,Gavà,,4500,og:image,aires-acondicionados/img/hero_main.jpg,sí,115,jpg,1400,787,no,sí,,,,,41,5
aires-acondicionados/capacidades/4500-frigorias-granollers.html,capacidad/ciudad,Granollers,,4500,picture,aires-acondicionados/img/logo_zervitecnics.png,sí,31,png,560,120,sí,sí,sí,Zervitecnics,sí,no,148,676
aires-acondicionados/capacidades/4500-frigorias-granollers.html,capacidad/ciudad,Granollers,,4500,picture,aires-acondicionados/img/hero_split.jpg,sí,91,jpg,1200,900,sí,sí,sí,4500 frigorías en Granollers,no,sí,175,621
aires-acondicionados/capacidades/4500-frigorias-granollers.html,capacidad/ciudad,Granollers,,4500,picture,aires-acondicionados/img/logo_zervitecnics.png,sí,31,png,560,120,sí,sí,sí,Zervitecnics,no,no,343,676
aires-acondicionados/capacidades/4500-frigorias-granollers.html,capacidad/ciudad,Granollers,,4500,og:image,aires-acondicionados/img/hero_main.jpg,sí,115,jpg,1400,787,no,sí,,,,,41,5
aires-acondicionados/capacidades/4500-frigorias-hospitalet-de-llobregat.html,capacidad/ciudad,L'Hospitalet de Llobregat,,4500,picture,aires-acondicionados/img/logo_zervitecnics.png,sí,31,png,560,120,sí,sí,sí,Zervitecnics,sí,no,148,676
aires-acondicionados/capacidades/4500-frigorias-hospitalet-de-llobregat.html,capacidad/ciudad,L'Hospitalet de Llobregat,,4500,picture,aires-acondicionados/img/hero_split.jpg,sí,91,jpg,1200,900,sí,sí,sí,4500 frigorías en L'Hospitalet de Llobregat,no,sí,175,621
aires-acondicionados/capacidades/4500-frigorias-hospitalet-de-llobregat.html,capacidad/ciudad,L'Hospitalet de Llobregat,,4500,picture,aires-acondicionados/img/logo_zervitecnics.png,sí,31,png,560,120,sí,sí,sí,Zervitecnics,no,no,374,676
aires-acondicionados/capacidades/4500-frigorias-hospitalet-de-llobregat.html,capacidad/ciudad,L'Hospitalet de Llobregat,,4500,og:image,aires-acondicionados/img/hero_main.jpg,sí,115,jpg,1400,787,no,sí,,,,,41,5
aires-acondicionados/capacidades/4500-frigorias-la-garriga.html,capacidad/ciudad,La Garriga,,4500,picture,aires-acondicionados/img/logo_zervitecnics.png,sí,31,png,560,120,sí,sí,sí,Zervitecnics,sí,no,148,676
aires-acondicionados/capacidades/4500-frigorias-la-garriga.html,capacidad/ciudad,La Garriga,,4500,picture,aires-acondicionados/img/hero_split.jpg,sí,91,jpg,1200,900,sí,sí,sí,4500 frigorías en La Garriga,no,sí,175,621
aires-acondicionados/capacidades/4500-frigorias-la-garriga.html,capacidad/ciudad,La Garriga,,4500,picture,aires-acondicionados/img/logo_zervitecnics.png,sí,31,png,560,120,sí,sí,sí,Zervitecnics,no,no,343,676
aires-acondicionados/capacidades/4500-frigorias-la-garriga.html,capacidad/ciudad,La Garriga,,4500,og:image,aires-acondicionados/img/hero_main.jpg,sí,115,jpg,1400,787,no,sí,,,,,41,5
aires-acondicionados/capacidades/4500-frigorias-mataro.html,capacidad/ciudad,Mataró,,4500,picture,aires-acondicionados/img/logo_zervitecnics.png,sí,31,png,560,120,sí,sí,sí,Zervitecnics,sí,no,148,676
aires-acondicionados/capacidades/4500-frigorias-mataro.html,capacidad/ciudad,Mataró,,4500,picture,aires-acondicionados/img/hero_split.jpg,sí,91,jpg,1200,900,sí,sí,sí,4500 frigorías en Mataró,no,sí,175,621
aires-acondicionados/capacidades/4500-frigorias-mataro.html,capacidad/ciudad,Mataró,,4500,picture,aires-acondicionados/img/logo_zervitecnics.png,sí,31,png,560,120,sí,sí,sí,Zervitecnics,no,no,343,676
aires-acondicionados/capacidades/4500-frigorias-mataro.html,capacidad/ciudad,Mataró,,4500,og:image,aires-acondicionados/img/hero_main.jpg,sí,115,jpg,1400,787,no,sí,,,,,41,5
aires-acondicionados/capacidades/4500-frigorias-mollet-del-valles.html,capacidad/ciudad,Mollet del Vallès,,4500,picture,aires-acondicionados/img/logo_zervitecnics.png,sí,31,png,560,120,sí,sí,sí,Zervitecnics,sí,no,148,676
aires-acondicionados/capacidades/4500-frigorias-mollet-del-valles.html,capacidad/ciudad,Mollet del Vallès,,4500,picture,aires-acondicionados/img/hero_split.jpg,sí,91,jpg,1200,900,sí,sí,sí,4500 frigorías en Mollet del Vallès,no,sí,175,621
aires-acondicionados/capacidades/4500-frigorias-mollet-del-valles.html,capacidad/ciudad,Mollet del Vallès,,4500,picture,aires-acondicionados/img/logo_zervitecnics.png,sí,31,png,560,120,sí,sí,sí,Zervitecnics,no,no,343,676
aires-acondicionados/capacidades/4500-frigorias-mollet-del-valles.html,capacidad/ciudad,Mollet del Vallès,,4500,og:image,aires-acondicionados/img/hero_main.jpg,sí,115,jpg,1400,787,no,sí,,,,,41,5
aires-acondicionados/capacidades/4500-frigorias-parets-del-valles.html,capacidad/ciudad,Parets del Vallès,,4500,picture,aires-acondicionados/img/logo_zervitecnics.png,sí,31,png,560,120,sí,sí,sí,Zervitecnics,sí,no,148,676
aires-acondicionados/capacidades/4500-frigorias-parets-del-valles.html,capacidad/ciudad,Parets del Vallès,,4500,picture,aires-acondicionados/img/hero_split.jpg,sí,91,jpg,1200,900,sí,sí,sí,4500 frigorías en Parets del Vallès,no,sí,175,621
aires-acondicionados/capacidades/4500-frigorias-parets-del-valles.html,capacidad/ciudad,Parets del Vallès,,4500,picture,aires-acondicionados/img/logo_zervitecnics.png,sí,31,png,560,120,sí,sí,sí,Zervitecnics,no,no,343,676
aires-acondicionados/capacidades/4500-frigorias-parets-del-valles.html,capacidad/ciudad,Parets del Vallès,,4500,og:image,aires-acondicionados/img/hero_main.jpg,sí,115,jpg,1400,787,no,sí,,,,,41,5
aires-acondicionados/capacidades/4500-frigorias-pineda-de-mar.html,capacidad/ciudad,Pineda de Mar,,4500,picture,aires-acondicionados/img/logo_zervitecnics.png,sí,31,png,560,120,sí,sí,sí,Zervitecnics,sí,no,148,676
aires-acondicionados/capacidades/4500-frigorias-pineda-de-mar.html,capacidad/ciudad,Pineda de Mar,,4500,picture,aires-acondicionados/img/hero_split.jpg,sí,91,jpg,1200,900,sí,sí,sí,4500 frigorías en Pineda de Mar,no,sí,175,621
aires-acondicionados/capacidades/4500-frigorias-pineda-de-mar.html,capacidad/ciudad,Pineda de Mar,,4500,picture,aires-acondicionados/img/logo_zervitecnics.png,sí,31,png,560,120,sí,sí,sí,Zervitecnics,no,no,343,676
aires-acondicionados/capacidades/4500-frigorias-pineda-de-mar.html,capacidad/ciudad,Pineda de Mar,,4500,og:image,aires-acondicionados/img/hero_main.jpg,sí,115,jpg,1400,787,no,sí,,,,,41,5
aires-acondicionados/capacidades/4500-frigorias-premia-de-mar.html,capacidad/ciudad,Premià de Mar,,4500,picture,aires-acondicionados/img/logo_zervitecnics.png,sí,31,png,560,120,sí,sí,sí,Zervitecnics,sí,no,148,676
aires-acondicionados/capacidades/4500-frigorias-premia-de-mar.html,capacidad/ciudad,Premià de Mar,,4500,picture,aires-acondicionados/img/hero_split.jpg,sí,91,jpg,1200,900,sí,sí,sí,4500 frigorías en Premià de Mar,no,sí,175,621
aires-acondicionados/capacidades/4500-frigorias-premia-de-mar.html,capacidad/ciudad,Premià de Mar,,4500,picture,aires-acondicionados/img/logo_zervitecnics.png,sí,31,png,560,120,sí,sí,sí,Zervitecnics,no,no,343,676
aires-acondicionados/capacidades/4500-frigorias-premia-de-mar.html,capacidad/ciudad,Premià de Mar,,4500,og:image,aires-acondicionados/img/hero_main.jpg,sí,115,jpg,1400,787,no,sí,,,,,41,5
aires-acondicionados/capacidades/4500-frigorias-rubi.html,capacidad/ciudad,Rubí,,4500,picture,aires-acondicionados/img/logo_zervitecnics.png,sí,31,png,560,120,sí,sí,sí,Zervitecnics,sí,no,148,676
aires-acondicionados/capacidades/4500-frigorias-rubi.html,capacidad/ciudad,Rubí,,4500,picture,aires-acondicionados/img/hero_split.jpg,sí,91,jpg,1200,900,sí,sí,sí,4500 frigorías en Rubí,no,sí,175,621
aires-acondicionados/capacidades/4500-frigorias-rubi.html,capacidad/ciudad,Rubí,,4500,picture,aires-acondicionados/img/logo_zervitecnics.png,sí,31,png,560,120,sí,sí,sí,Zervitecnics,no,no,343,676
aires-acondicionados/capacidades/4500-frigorias-rubi.html,capacidad/ciudad,Rubí,,4500,og:image,aires-acondicionados/img/hero_main.jpg,sí,115,jpg,1400,787,no,sí,,,,,41,5
aires-acondicionados/capacidades/4500-frigorias-sabadell.html,capacidad/ciudad,Sabadell,,4500,picture,aires-acondicionados/img/logo_zervitecnics.png,sí,31,png,560,120,sí,sí,sí,Zervitecnics,sí,no,148,676
aires-acondicionados/capacidades/4500-frigorias-sabadell.html,capacidad/ciudad,Sabadell,,4500,picture,aires-acondicionados/img/hero_split.jpg,sí,91,jpg,1200,900,sí,sí,sí,4500 frigorías en Sabadell,no,sí,175,621
aires-acondicionados/capacidades/4500-frigorias-sabadell.html,capacidad/ciudad,Sabadell,,4500,picture,aires-acondicionados/img/logo_zervitecnics.png,sí,31,png,560,120,sí,sí,sí,Zervitecnics,no,no,374,676
aires-acondicionados/capacidades/4500-frigorias-sabadell.html,capacidad/ciudad,Sabadell,,4500,og:image,aires-acondicionados/img/hero_main.jpg,sí,115,jpg,1400,787,no,sí,,,,,41,5
aires-acondicionados/capacidades/4500-frigorias-sant-adria-de-besos.html,capacidad/ciudad,Sant Adrià de Besòs,,4500,picture,aires-acondicionados/img/logo_zervitecnics.png,sí,31,png,560,120,sí,sí,sí,Zervitecnics,sí,no,148,676
aires-acondicionados/capacidades/4500-frigorias-sant-adria-de-besos.html,capacidad/ciudad,Sant Adrià de Besòs,,4500,picture,aires-acondicionados/img/hero_split.jpg,sí,91,jpg,1200,900,sí,sí,sí,4500 frigorías en Sant Adrià de Besòs,no,sí,175,621
aires-acondicionados/capacidades/4500-frigorias-sant-adria-de-besos.html,capacidad/ciudad,Sant Adrià de Besòs,,4500,picture,aires-acondicionados/img/logo_zervitecnics.png,sí,31,png,560,120,sí,sí,sí,Zervitecnics,no,no,373,676
aires-acondicionados/capacidades/4500-frigorias-sant-adria-de-besos.html,capacidad/ciudad,Sant Adrià de Besòs,,4500,og:image,aires-acondicionados/img/hero_main.jpg,sí,115,jpg,1400,787,no,sí,,,,,41,5
aires-acondicionados/capacidades/4500-frigorias-sant-boi-de-llobregat.html,capacidad/ciudad,Sant Boi de Llobregat,,4500,picture,aires-acondicionados/img/logo_zervitecnics.png,sí,31,png,560,120,sí,sí,sí,Zervitecnics,sí,no,148,676
aires-acondicionados/capacidades/4500-frigorias-sant-boi-de-llobregat.html,capacidad/ciudad,Sant Boi de Llobregat,,4500,picture,aires-acondicionados/img/hero_split.jpg,sí,91,jpg,1200,900,sí,sí,sí,4500 frigorías en Sant Boi de Llobregat,no,sí,175,621
aires-acondicionados/capacidades/4500-frigorias-sant-boi-de-llobregat.html,capacidad/ciudad,Sant Boi de Llobregat,,4500,picture,aires-acondicionados/img/logo_zervitecnics.png,sí,31,png,560,120,sí,sí,sí,Zervitecnics,no,no,373,676
aires-acondicionados/capacidades/4500-frigorias-sant-boi-de-llobregat.html,capacidad/ciudad,Sant Boi de Llobregat,,4500,og:image,aires-acondicionados/img/hero_main.jpg,sí,115,jpg,1400,787,no,sí,,,,,41,5
aires-acondicionados/capacidades/4500-frigorias-sant-celoni.html,capacidad/ciudad,Sant Celoni,,4500,picture,aires-acondicionados/img/logo_zervitecnics.png,sí,31,png,560,120,sí,sí,sí,Zervitecnics,sí,no,148,676
aires-acondicionados/capacidades/4500-frigorias-sant-celoni.html,capacidad/ciudad,Sant Celoni,,4500,picture,aires-acondicionados/img/hero_split.jpg,sí,91,jpg,1200,900,sí,sí,sí,4500 frigorías en Sant Celoni,no,sí,175,621
aires-acondicionados/capacidades/4500-frigorias-sant-celoni.html,capacidad/ciudad,Sant Celoni,,4500,picture,aires-acondicionados/img/logo_zervitecnics.png,sí,31,png,560,120,sí,sí,sí,Zervitecnics,no,no,343,676
aires-acondicionados/capacidades/4500-frigorias-sant-celoni.html,capacidad/ciudad,Sant Celoni,,4500,og:image,aires-acondicionados/img/hero_main.jpg,sí,115,jpg,1400,787,no,sí,,,,,41,5
aires-acondicionados/capacidades/4500-frigorias-sant-cugat-del-valles.html,capacidad/ciudad,Sant Cugat del Vallès,,4500,picture,aires-acondicionados/img/logo_zervitecnics.png,sí,31,png,560,120,sí,sí,sí,Zervitecnics,sí,no,148,676
aires-acondicionados/capacidades/4500-frigorias-sant-cugat-del-valles.html,capacidad/ciudad,Sant Cugat del Vallès,,4500,picture,aires-acondicionados/img/hero_split.jpg,sí,91,jpg,1200,900,sí,sí,sí,4500 frigorías en Sant Cugat del Vallès,no,sí,175,621
aires-acondicionados/capacidades/4500-frigorias-sant-cugat-del-valles.html,capacidad/ciudad,Sant Cugat del Vallès,,4500,picture,aires-acondicionados/img/logo_zervitecnics.png,sí,31,png,560,120,sí,sí,sí,Zervitecnics,no,no,374,676
aires-acondicionados/capacidades/4500-frigorias-sant-cugat-del-valles.html,capacidad/ciudad,Sant Cugat del Vallès,,4500,og:image,aires-acondicionados/img/hero_main.jpg,sí,115,jpg,1400,787,no,sí,,,,,41,5
aires-acondicionados/capacidades/4500-frigorias-sant-joan-despi.html,capacidad/ciudad,Sant Joan Despí,,4500,picture,aires-acondicionados/img/logo_zervitecnics.png,sí,31,png,560,120,sí,sí,sí,Zervitecnics,sí,no,148,676
aires-acondicionados/capacidades/4500-frigorias-sant-joan-despi.html,capacidad/ciudad,Sant Joan Despí,,4500,picture,aires-acondicionados/img/hero_split.jpg,sí,91,jpg,1200,900,sí,sí,sí,4500 frigorías en Sant Joan Despí,no,sí,175,621
aires-acondicionados/capacidades/4500-frigorias-sant-joan-despi.html,capacidad/ciudad,Sant Joan Despí,,4500,picture,aires-acondicionados/img/logo_zervitecnics.png,sí,31,png,560,120,sí,sí,sí,Zervitecnics,no,no,373,676
aires-acondicionados/capacidades/4500-frigorias-sant-joan-despi.html,capacidad/ciudad,Sant Joan Despí,,4500,og:image,aires-acondicionados/img/hero_main.jpg,sí,115,jpg,1400,787,no,sí,,,,,41,5
aires-acondicionados/capacidades/4500-frigorias-sant-just-desvern.html,capacidad/ciudad,Sant Just Desvern,,4500,picture,aires-acondicionados/img/logo_zervitecnics.png,sí,31,png,560,120,sí,sí,sí,Zervitecnics,sí,no,148,676
aires-acondicionados/capacidades/4500-frigorias-sant-just-desvern.html,capacidad/ciudad,Sant Just Desvern,,4500,picture,aires-acondicionados/img/hero_split.jpg,sí,91,jpg,1200,900,sí,sí,sí,4500 frigorías en Sant Just Desvern,no,sí,175,621
aires-acondicionados/capacidades/4500-frigorias-sant-just-desvern.html,capacidad/ciudad,Sant Just Desvern,,4500,picture,aires-acondicionados/img/logo_zervitecnics.png,sí,31,png,560,120,sí,sí,sí,Zervitecnics,no,no,373,676
aires-acondicionados/capacidades/4500-frigorias-sant-just-desvern.html,capacidad/ciudad,Sant Just Desvern,,4500,og:image,aires-acondicionados/img/hero_main.jpg,sí,115,jpg,1400,787,no,sí,,,,,41,5
aires-acondicionados/capacidades/4500-frigorias-sant-quirze-del-valles.html,capacidad/ciudad,Sant Quirze del Vallès,,4500,picture,aires-acondicionados/img/logo_zervitecnics.png,sí,31,png,560,120,sí,sí,sí,Zervitecnics,sí,no,148,676
aires-acondicionados/capacidades/4500-frigorias-sant-quirze-del-valles.html,capacidad/ciudad,Sant Quirze del Vallès,,4500,picture,aires-acondicionados/img/hero_split.jpg,sí,91,jpg,1200,900,sí,sí,sí,4500 frigorías en Sant Quirze del Vallès,no,sí,175,621
aires-acondicionados/capacidades/4500-frigorias-sant-quirze-del-valles.html,capacidad/ciudad,Sant Quirze del Vallès,,4500,picture,aires-acondicionados/img/logo_zervitecnics.png,sí,31,png,560,120,sí,sí,sí,Zervitecnics,no,no,343,676
aires-acondicionados/capacidades/4500-frigorias-sant-quirze-del-valles.html,capacidad/ciudad,Sant Quirze del Vallès,,4500,og:image,aires-acondicionados/img/hero_main.jpg,sí,115,jpg,1400,787,no,sí,,,,,41,5
aires-acondicionados/capacidades/4500-frigorias-santa-coloma-de-gramenet.html,capacidad/ciudad,Santa Coloma de Gramenet,,4500,picture,aires-acondicionados/img/logo_zervitecnics.png,sí,31,png,560,120,sí,sí,sí,Zervitecnics,sí,no,148,676
aires-acondicionados/capacidades/4500-frigorias-santa-coloma-de-gramenet.html,capacidad/ciudad,Santa Coloma de Gramenet,,4500,picture,aires-acondicionados/img/hero_split.jpg,sí,91,jpg,1200,900,sí,sí,sí,4500 frigorías en Santa Coloma de Gramenet,no,sí,175,621
aires-acondicionados/capacidades/4500-frigorias-santa-coloma-de-gramenet.html,capacidad/ciudad,Santa Coloma de Gramenet,,4500,picture,aires-acondicionados/img/logo_zervitecnics.png,sí,31,png,560,120,sí,sí,sí,Zervitecnics,no,no,373,676
aires-acondicionados/capacidades/4500-frigorias-santa-coloma-de-gramenet.html,capacidad/ciudad,Santa Coloma de Gramenet,,4500,og:image,aires-acondicionados/img/hero_main.jpg,sí,115,jpg,1400,787,no,sí,,,,,41,5
aires-acondicionados/capacidades/4500-frigorias-sitges.html,capacidad/ciudad,Sitges,,4500,picture,aires-acondicionados/img/logo_zervitecnics.png,sí,31,png,560,120,sí,sí,sí,Zervitecnics,sí,no,148,676
aires-acondicionados/capacidades/4500-frigorias-sitges.html,capacidad/ciudad,Sitges,,4500,picture,aires-acondicionados/img/hero_split.jpg,sí,91,jpg,1200,900,sí,sí,sí,4500 frigorías en Sitges,no,sí,175,621
aires-acondicionados/capacidades/4500-frigorias-sitges.html,capacidad/ciudad,Sitges,,4500,picture,aires-acondicionados/img/logo_zervitecnics.png,sí,31,png,560,120,sí,sí,sí,Zervitecnics,no,no,343,676
aires-acondicionados/capacidades/4500-frigorias-sitges.html,capacidad/ciudad,Sitges,,4500,og:image,aires-acondicionados/img/hero_main.jpg,sí,115,jpg,1400,787,no,sí,,,,,41,5
aires-acondicionados/capacidades/4500-frigorias-terrassa.html,capacidad/ciudad,Terrassa,,4500,picture,aires-acondicionados/img/logo_zervitecnics.png,sí,31,png,560,120,sí,sí,sí,Zervitecnics,sí,no,148,676
aires-acondicionados/capacidades/4500-frigorias-terrassa.html,capacidad/ciudad,Terrassa,,4500,picture,aires-acondicionados/img/hero_split.jpg,sí,91,jpg,1200,900,sí,sí,sí,4500 frigorías en Terrassa,no,sí,175,621
aires-acondicionados/capacidades/4500-frigorias-terrassa.html,capacidad/ciudad,Terrassa,,4500,picture,aires-acondicionados/img/logo_zervitecnics.png,sí,31,png,560,120,sí,sí,sí,Zervitecnics,no,no,374,676
aires-acondicionados/capacidades/4500-frigorias-terrassa.html,capacidad/ciudad,Terrassa,,4500,og:image,aires-acondicionados/img/hero_main.jpg,sí,115,jpg,1400,787,no,sí,,,,,41,5
aires-acondicionados/capacidades/4500-frigorias-viladecans.html,capacidad/ciudad,Viladecans,,4500,picture,aires-acondicionados/img/logo_zervitecnics.png,sí,31,png,560,120,sí,sí,sí,Zervitecnics,sí,no,148,676
aires-acondicionados/capacidades/4500-frigorias-viladecans.html,capacidad/ciudad,Viladecans,,4500,picture,aires-acondicionados/img/hero_split.jpg,sí,91,jpg,1200,900,sí,sí,sí,4500 frigorías en Viladecans,no,sí,175,621
aires-acondicionados/capacidades/4500-frigorias-viladecans.html,capacidad/ciudad,Viladecans,,4500,picture,aires-acondicionados/img/logo_zervitecnics.png,sí,31,png,560,120,sí,sí,sí,Zervitecnics,no,no,373,676
aires-acondicionados/capacidades/4500-frigorias-viladecans.html,capacidad/ciudad,Viladecans,,4500,og:image,aires-acondicionados/img/hero_main.jpg,sí,115,jpg,1400,787,no,sí,,,,,41,5
aires-acondicionados/capacidades/4500-frigorias-vilassar-de-mar.html,capacidad/ciudad,Vilassar de Mar,,4500,picture,aires-acondicionados/img/logo_zervitecnics.png,sí,31,png,560,120,sí,sí,sí,Zervitecnics,sí,no,148,676
aires-acondicionados/capacidades/4500-frigorias-vilassar-de-mar.html,capacidad/ciudad,Vilassar de Mar,,4500,picture,aires-acondicionados/img/hero_split.jpg,sí,91,jpg,1200,900,sí,sí,sí,4500 frigorías en Vilassar de Mar,no,sí,175,621
aires-acondicionados/capacidades/4500-frigorias-vilassar-de-mar.html,capacidad/ciudad,Vilassar de Mar,,4500,picture,aires-acondicionados/img/logo_zervitecnics.png,sí,31,png,560,120,sí,sí,sí,Zervitecnics,no,no,343,676
aires-acondicionados/capacidades/4500-frigorias-vilassar-de-mar.html,capacidad/ciudad,Vilassar de Mar,,4500,og:image,aires-acondicionados/img/hero_main.jpg,sí,115,jpg,1400,787,no,sí,,,,,41,5
aires-acondicionados/capacidades/6000-frigorias-arenys-de-mar.html,capacidad/ciudad,Arenys de Mar,,6000,picture,aires-acondicionados/img/logo_zervitecnics.png,sí,31,png,560,120,sí,sí,sí,Zervitecnics,sí,no,148,676
aires-acondicionados/capacidades/6000-frigorias-arenys-de-mar.html,capacidad/ciudad,Arenys de Mar,,6000,picture,aires-acondicionados/img/hero_split.jpg,sí,91,jpg,1200,900,sí,sí,sí,6000 frigorías en Arenys de Mar,no,sí,175,621
aires-acondicionados/capacidades/6000-frigorias-arenys-de-mar.html,capacidad/ciudad,Arenys de Mar,,6000,picture,aires-acondicionados/img/logo_zervitecnics.png,sí,31,png,560,120,sí,sí,sí,Zervitecnics,no,no,343,676
aires-acondicionados/capacidades/6000-frigorias-arenys-de-mar.html,capacidad/ciudad,Arenys de Mar,,6000,og:image,aires-acondicionados/img/hero_main.jpg,sí,115,jpg,1400,787,no,sí,,,,,41,5
aires-acondicionados/capacidades/6000-frigorias-argentona.html,capacidad/ciudad,Argentona,,6000,picture,aires-acondicionados/img/logo_zervitecnics.png,sí,31,png,560,120,sí,sí,sí,Zervitecnics,sí,no,148,676
aires-acondicionados/capacidades/6000-frigorias-argentona.html,capacidad/ciudad,Argentona,,6000,picture,aires-acondicionados/img/hero_split.jpg,sí,91,jpg,1200,900,sí,sí,sí,6000 frigorías en Argentona,no,sí,175,621
aires-acondicionados/capacidades/6000-frigorias-argentona.html,capacidad/ciudad,Argentona,,6000,picture,aires-acondicionados/img/logo_zervitecnics.png,sí,31,png,560,120,sí,sí,sí,Zervitecnics,no,no,343,676
aires-acondicionados/capacidades/6000-frigorias-argentona.html,capacidad/ciudad,Argentona,,6000,og:image,aires-acondicionados/img/hero_main.jpg,sí,115,jpg,1400,787,no,sí,,,,,41,5
aires-acondicionados/capacidades/6000-frigorias-badalona.html,capacidad/ciudad,Badalona,,6000,picture,aires-acondicionados/img/logo_zervitecnics.png,sí,31,png,560,120,sí,sí,sí,Zervitecnics,sí,no,148,676
aires-acondicionados/capacidades/6000-frigorias-badalona.html,capacidad/ciudad,Badalona,,6000,picture,aires-acondicionados/img/hero_split.jpg,sí,91,jpg,1200,900,sí,sí,sí,6000 frigorías en Badalona,no,sí,175,621
aires-acondicionados/capacidades/6000-frigorias-badalona.html,capacidad/ciudad,Badalona,,6000,picture,aires-acondicionados/img/logo_zervitecnics.png,sí,31,png,560,120,sí,sí,sí,Zervitecnics,no,no,374,676
aires-acondicionados/capacidades/6000-frigorias-badalona.html,capacidad/ciudad,Badalona,,6000,og:image,aires-acondicionados/img/hero_main.jpg,sí,115,jpg,1400,787,no,sí,,,,,41,5
aires-acondicionados/capacidades/6000-frigorias-barbera-del-valles.html,capacidad/ciudad,Barberà del Vallès,,6000,picture,aires-acondicionados/img/logo_zervitecnics.png,sí,31,png,560,120,sí,sí,sí,Zervitecnics,sí,no,148,676
aires-acondicionados/capacidades/6000-frigorias-barbera-del-valles.html,capacidad/ciudad,Barberà del Vallès,,6000,picture,aires-acondicionados/img/hero_split.jpg,sí,91,jpg,1200,900,sí,sí,sí,6000 frigorías en Barberà del Vallès,no,sí,175,621
aires-acondicionados/capacidades/6000-frigorias-barbera-del-valles.html,capacidad/ciudad,Barberà del Vallès,,6000,picture,aires-acondicionados/img/logo_zervitecnics.png,sí,31,png,560,120,sí,sí,sí,Zervitecnics,no,no,343,676
aires-acondicionados/capacidades/6000-frigorias-barbera-del-valles.html,capacidad/ciudad,Barberà del Vallès,,6000,og:image,aires-acondicionados/img/hero_main.jpg,sí,115,jpg,1400,787,no,sí,,,,,41,5
aires-acondicionados/capacidades/6000-frigorias-barcelona.html,capacidad/ciudad,Barcelona,,6000,picture,aires-acondicionados/img/logo_zervitecnics.png,sí,31,png,560,120,sí,sí,sí,Zervitecnics,sí,no,148,676
aires-acondicionados/capacidades/6000-frigorias-barcelona.html,capacidad/ciudad,Barcelona,,6000,picture,aires-acondicionados/img/hero_split.jpg,sí,91,jpg,1200,900,sí,sí,sí,6000 frigorías en Barcelona,no,sí,175,621
aires-acondicionados/capacidades/6000-frigorias-barcelona.html,capacidad/ciudad,Barcelona,,6000,picture,aires-acondicionados/img/logo_zervitecnics.png,sí,31,png,560,120,sí,sí,sí,Zervitecnics,no,no,373,676
aires-acondicionados/capacidades/6000-frigorias-barcelona.html,capacidad/ciudad,Barcelona,,6000,og:image,aires-acondicionados/img/hero_main.jpg,sí,115,jpg,1400,787,no,sí,,,,,41,5
aires-acondicionados/capacidades/6000-frigorias-cabrils.html,capacidad/ciudad,Cabrils,,6000,picture,aires-acondicionados/img/logo_zervitecnics.png,sí,31,png,560,120,sí,sí,sí,Zervitecnics,sí,no,148,676
aires-acondicionados/capacidades/6000-frigorias-cabrils.html,capacidad/ciudad,Cabrils,,6000,picture,aires-acondicionados/img/hero_split.jpg,sí,91,jpg,1200,900,sí,sí,sí,6000 frigorías en Cabrils,no,sí,175,621
aires-acondicionados/capacidades/6000-frigorias-cabrils.html,capacidad/ciudad,Cabrils,,6000,picture,aires-acondicionados/img/logo_zervitecnics.png,sí,31,png,560,120,sí,sí,sí,Zervitecnics,no,no,343,676
aires-acondicionados/capacidades/6000-frigorias-cabrils.html,capacidad/ciudad,Cabrils,,6000,og:image,aires-acondicionados/img/hero_main.jpg,sí,115,jpg,1400,787,no,sí,,,,,41,5
aires-acondicionados/capacidades/6000-frigorias-caldes-de-montbui.html,capacidad/ciudad,Caldes de Montbui,,6000,picture,aires-acondicionados/img/logo_zervitecnics.png,sí,31,png,560,120,sí,sí,sí,Zervitecnics,sí,no,148,676
aires-acondicionados/capacidades/6000-frigorias-caldes-de-montbui.html,capacidad/ciudad,Caldes de Montbui,,6000,picture,aires-acondicionados/img/hero_split.jpg,sí,91,jpg,1200,900,sí,sí,sí,6000 frigorías en Caldes de Montbui,no,sí,175,621
aires-acondicionados/capacidades/6000-frigorias-caldes-de-montbui.html,capacidad/ciudad,Caldes de Montbui,,6000,picture,aires-acondicionados/img/logo_zervitecnics.png,sí,31,png,560,120,sí,sí,sí,Zervitecnics,no,no,343,676
aires-acondicionados/capacidades/6000-frigorias-caldes-de-montbui.html,capacidad/ciudad,Caldes de Montbui,,6000,og:image,aires-acondicionados/img/hero_main.jpg,sí,115,jpg,1400,787,no,sí,,,,,41,5
aires-acondicionados/capacidades/6000-frigorias-calella.html,capacidad/ciudad,Calella,,6000,picture,aires-acondicionados/img/logo_zervitecnics.png,sí,31,png,560,120,sí,sí,sí,Zervitecnics,sí,no,148,676
aires-acondicionados/capacidades/6000-frigorias-calella.html,capacidad/ciudad,Calella,,6000,picture,aires-acondicionados/img/hero_split.jpg,sí,91,jpg,1200,900,sí,sí,sí,6000 frigorías en Calella,no,sí,175,621
aires-acondicionados/capacidades/6000-frigorias-calella.html,capacidad/ciudad,Calella,,6000,picture,aires-acondicionados/img/logo_zervitecnics.png,sí,31,png,560,120,sí,sí,sí,Zervitecnics,no,no,343,676
aires-acondicionados/capacidades/6000-frigorias-calella.html,capacidad/ciudad,Calella,,6000,og:image,aires-acondicionados/img/hero_main.jpg,sí,115,jpg,1400,787,no,sí,,,,,41,5
aires-acondicionados/capacidades/6000-frigorias-canet-de-mar.html,capacidad/ciudad,Canet de Mar,,6000,picture,aires-acondicionados/img/logo_zervitecnics.png,sí,31,png,560,120,sí,sí,sí,Zervitecnics,sí,no,148,676
aires-acondicionados/capacidades/6000-frigorias-canet-de-mar.html,capacidad/ciudad,Canet de Mar,,6000,picture,aires-acondicionados/img/hero_split.jpg,sí,91,jpg,1200,900,sí,sí,sí,6000 frigorías en Canet de Mar,no,sí,175,621
aires-acondicionados/capacidades/6000-frigorias-canet-de-mar.html,capacidad/ciudad,Canet de Mar,,6000,picture,aires-acondicionados/img/logo_zervitecnics.png,sí,31,png,560,120,sí,sí,sí,Zervitecnics,no,no,343,676
aires-acondicionados/capacidades/6000-frigorias-canet-de-mar.html,capacidad/ciudad,Canet de Mar,,6000,og:image,aires-acondicionados/img/hero_main.jpg,sí,115,jpg,1400,787,no,sí,,,,,41,5
aires-acondicionados/capacidades/6000-frigorias-cardedeu.html,capacidad/ciudad,Cardedeu,,6000,picture,aires-acondicionados/img/logo_zervitecnics.png,sí,31,png,560,120,sí,sí,sí,Zervitecnics,sí,no,148,676
aires-acondicionados/capacidades/6000-frigorias-cardedeu.html,capacidad/ciudad,Cardedeu,,6000,picture,aires-acondicionados/img/hero_split.jpg,sí,91,jpg,1200,900,sí,sí,sí,6000 frigorías en Cardedeu,no,sí,175,621
aires-acondicionados/capacidades/6000-frigorias-cardedeu.html,capacidad/ciudad,Cardedeu,,6000,picture,aires-acondicionados/img/logo_zervitecnics.png,sí,31,png,560,120,sí,sí,sí,Zervitecnics,no,no,343,676
aires-acondicionados/capacidades/6000-frigorias-cardedeu.html,capacidad/ciudad,Cardedeu,,6000,og:image,aires-acondicionados/img/hero_main.jpg,sí,115,jpg,1400,787,no,sí,,,,,41,5
aires-acondicionados/capacidades/6000-frigorias-castellar-del-valles.html,capacidad/ciudad,Castellar del Vallès,,6000,picture,aires-acondicionados/img/logo_zervitecnics.png,sí,31,png,560,120,sí,sí,sí,Zervitecnics,sí,no,148,676
aires-acondicionados/capacidades/6000-frigorias-castellar-del-valles.html,capacidad/ciudad,Castellar del Vallès,,6000,picture,aires-acondicionados/img/hero_split.jpg,sí,91,jpg,1200,900,sí,sí,sí,6000 frigorías en Castellar del Vallès,no,sí,175,621
aires-acondicionados/capacidades/6000-frigorias-castellar-del-valles.html,capacidad/ciudad,Castellar del Vallès,,6000,picture,aires-acondicionados/img/logo_zervitecnics.png,sí,31,png,560,120,sí,sí,sí,Zervitecnics,no,no,343,676
aires-acondicionados/capacidades/6000-frigorias-castellar-del-valles.html,capacidad/ciudad,Castellar del Vallès,,6000,og:image,aires-acondicionados/img/hero_main.jpg,sí,115,jpg,1400,787,no,sí,,,,,41,5
aires-acondicionados/capacidades/6000-frigorias-castelldefels.html,capacidad/ciudad,Castelldefels,,6000,picture,aires-acondicionados/img/logo_zervitecnics.png,sí,31,png,560,120,sí,sí,sí,Zervitecnics,sí,no,148,676
aires-acondicionados/capacidades/6000-frigorias-castelldefels.html,capacidad/ciudad,Castelldefels,,6000,picture,aires-acondicionados/img/hero_split.jpg,sí,91,jpg,1200,900,sí,sí,sí,6000 frigorías en Castelldefels,no,sí,175,621
aires-acondicionados/capacidades/6000-frigorias-castelldefels.html,capacidad/ciudad,Castelldefels,,6000,picture,aires-acondicionados/img/logo_zervitecnics.png,sí,31,png,560,120,sí,sí,sí,Zervitecnics,no,no,374,676
aires-acondicionados/capacidades/6000-frigorias-castelldefels.html,capacidad/ciudad,Castelldefels,,6000,og:image,aires-acondicionados/img/hero_main.jpg,sí,115,jpg,1400,787,no,sí,,,,,41,5
aires-acondicionados/capacidades/6000-frigorias-cerdanyola-del-valles.html,capacidad/ciudad,Cerdanyola del Vallès,,6000,picture,aires-acondicionados/img/logo_zervitecnics.png,sí,31,png,560,120,sí,sí,sí,Zervitecnics,sí,no,148,676
aires-acondicionados/capacidades/6000-frigorias-cerdanyola-del-valles.html,capacidad/ciudad,Cerdanyola del Vallès,,6000,picture,aires-acondicionados/img/hero_split.jpg,sí,91,jpg,1200,900,sí,sí,sí,6000 frigorías en Cerdanyola del Vallès,no,sí,175,621
aires-acondicionados/capacidades/6000-frigorias-cerdanyola-del-valles.html,capacidad/ciudad,Cerdanyola del Vallès,,6000,picture,aires-acondicionados/img/logo_zervitecnics.png,sí,31,png,560,120,sí,sí,sí,Zervitecnics,no,no,343,676
aires-acondicionados/capacidades/6000-frigorias-cerdanyola-del-valles.html,capacidad/ciudad,Cerdanyola del Vallès,,6000,og:image,aires-acondicionados/img/hero_main.jpg,sí,115,jpg,1400,787,no,sí,,,,,41,5
aires-acondicionados/capacidades/6000-frigorias-cornella-de-llobregat.html,capacidad/ciudad,Cornellà de Llobregat,,6000,picture,aires-acondicionados/img/logo_zervitecnics.png,sí,31,png,560,120,sí,sí,sí,Zervitecnics,sí,no,148,676
aires-acondicionados/capacidades/6000-frigorias-cornella-de-llobregat.html,capacidad/ciudad,Cornellà de Llobregat,,6000,picture,aires-acondicionados/img/hero_split.jpg,sí,91,jpg,1200,900,sí,sí,sí,6000 frigorías en Cornellà de Llobregat,no,sí,175,621
aires-acondicionados/capacidades/6000-frigorias-cornella-de-llobregat.html,capacidad/ciudad,Cornellà de Llobregat,,6000,picture,aires-acondicionados/img/logo_zervitecnics.png,sí,31,png,560,120,sí,sí,sí,Zervitecnics,no,no,374,676
aires-acondicionados/capacidades/6000-frigorias-cornella-de-llobregat.html,capacidad/ciudad,Cornellà de Llobregat,,6000,og:image,aires-acondicionados/img/hero_main.jpg,sí,115,jpg,1400,787,no,sí,,,,,41,5
aires-acondicionados/capacidades/6000-frigorias-el-masnou.html,capacidad/ciudad,El Masnou,,6000,picture,aires-acondicionados/img/logo_zervitecnics.png,sí,31,png,560,120,sí,sí,sí,Zervitecnics,sí,no,148,676
aires-acondicionados/capacidades/6000-frigorias-el-masnou.html,capacidad/ciudad,El Masnou,,6000,picture,aires-acondicionados/img/hero_split.jpg,sí,91,jpg,1200,900,sí,sí,sí,6000 frigorías en El Masnou,no,sí,175,621
aires-acondicionados/capacidades/6000-frigorias-el-masnou.html,capacidad/ciudad,El Masnou,,6000,picture,aires-acondicionados/img/logo_zervitecnics.png,sí,31,png,560,120,sí,sí,sí,Zervitecnics,no,no,343,676
aires-acondicionados/capacidades/6000-frigorias-el-masnou.html,capacidad/ciudad,El Masnou,,6000,og:image,aires-acondicionados/img/hero_main.jpg,sí,115,jpg,1400,787,no,sí,,,,,41,5
aires-acondicionados/capacidades/6000-frigorias-el-prat-de-llobregat.html,capacidad/ciudad,El Prat de Llobregat,,6000,picture,aires-acondicionados/img/logo_zervitecnics.png,sí,31,png,560,120,sí,sí,sí,Zervitecnics,sí,no,148,676
aires-acondicionados/capacidades/6000-frigorias-el-prat-de-llobregat.html,capacidad/ciudad,El Prat de Llobregat,,6000,picture,aires-acondicionados/img/hero_split.jpg,sí,91,jpg,1200,900,sí,sí,sí,6000 frigorías en El Prat de Llobregat,no,sí,175,621
aires-acondicionados/capacidades/6000-frigorias-el-prat-de-llobregat.html,capacidad/ciudad,El Prat de Llobregat,,6000,picture,aires-acondicionados/img/logo_zervitecnics.png,sí,31,png,560,120,sí,sí,sí,Zervitecnics,no,no,373,676
aires-acondicionados/capacidades/6000-frigorias-el-prat-de-llobregat.html,capacidad/ciudad,El Prat de Llobregat,,6000,og:image,aires-acondicionados/img/hero_main.jpg,sí,115,jpg,1400,787,no,sí,,,,,41,5
aires-acondicionados/capacidades/6000-frigorias-esplugues-de-llobregat.html,capacidad/ciudad,Esplugues de Llobregat,,6000,picture,aires-acondicionados/img/logo_zervitecnics.png,sí,31,png,560,120,sí,sí,sí,Zervitecnics,sí,no,148,676
aires-acondicionados/capacidades/6000-frigorias-esplugues-de-llobregat.html,capacidad/ciudad,Esplugues de Llobregat,,6000,picture,aires-acondicionados/img/hero_split.jpg,sí,91,jpg,1200,900,sí,sí,sí,6000 frigorías en Esplugues de Llobregat,no,sí,175,621
aires-acondicionados/capacidades/6000-frigorias-esplugues-de-llobregat.html,capacidad/ciudad,Esplugues de Llobregat,,6000,picture,aires-acondicionados/img/logo_zervitecnics.png,sí,31,png,560,120,sí,sí,sí,Zervitecnics,no,no,373,676
aires-acondicionados/capacidades/6000-frigorias-esplugues-de-llobregat.html,capacidad/ciudad,Esplugues de Llobregat,,6000,og:image,aires-acondicionados/img/hero_main.jpg,sí,115,jpg,1400,787,no,sí,,,,,41,5
aires-acondicionados/capacidades/6000-frigorias-gava.html,capacidad/ciudad,Gavà,,6000,picture,aires-acondicionados/img/logo_zervitecnics.png,sí,31,png,560,120,sí,sí,sí,Zervitecnics,sí,no,148,676
aires-acondicionados/capacidades/6000-frigorias-gava.html,capacidad/ciudad,Gavà,,6000,picture,aires-acondicionados/img/hero_split.jpg,sí,91,jpg,1200,900,sí,sí,sí,6000 frigorías en Gavà,no,sí,175,621
aires-acondicionados/capacidades/6000-frigorias-gava.html,capacidad/ciudad,Gavà,,6000,picture,aires-acondicionados/img/logo_zervitecnics.png,sí,31,png,560,120,sí,sí,sí,Zervitecnics,no,no,373,676
aires-acondicionados/capacidades/6000-frigorias-gava.html,capacidad/ciudad,Gavà,,6000,og:image,aires-acondicionados/img/hero_main.jpg,sí,115,jpg,1400,787,no,sí,,,,,41,5
aires-acondicionados/capacidades/6000-frigorias-granollers.html,capacidad/ciudad,Granollers,,6000,picture,aires-acondicionados/img/logo_zervitecnics.png,sí,31,png,560,120,sí,sí,sí,Zervitecnics,sí,no,148,676
aires-acondicionados/capacidades/6000-frigorias-granollers.html,capacidad/ciudad,Granollers,,6000,picture,aires-acondicionados/img/hero_split.jpg,sí,91,jpg,1200,900,sí,sí,sí,6000 frigorías en Granollers,no,sí,175,621
aires-acondicionados/capacidades/6000-frigorias-granollers.html,capacidad/ciudad,Granollers,,6000,picture,aires-acondicionados/img/logo_zervitecnics.png,sí,31,png,560,120,sí,sí,sí,Zervitecnics,no,no,343,676
aires-acondicionados/capacidades/6000-frigorias-granollers.html,capacidad/ciudad,Granollers,,6000,og:image,aires-acondicionados/img/hero_main.jpg,sí,115,jpg,1400,787,no,sí,,,,,41,5
aires-acondicionados/capacidades/6000-frigorias-hospitalet-de-llobregat.html,capacidad/ciudad,L'Hospitalet de Llobregat,,6000,picture,aires-acondicionados/img/logo_zervitecnics.png,sí,31,png,560,120,sí,sí,sí,Zervitecnics,sí,no,148,676
aires-acondicionados/capacidades/6000-frigorias-hospitalet-de-llobregat.html,capacidad/ciudad,L'Hospitalet de Llobregat,,6000,picture,aires-acondicionados/img/hero_split.jpg,sí,91,jpg,1200,900,sí,sí,sí,6000 frigorías en L'Hospitalet de Llobregat,no,sí,175,621
aires-acondicionados/capacidades/6000-frigorias-hospitalet-de-llobregat.html,capacidad/ciudad,L'Hospitalet de Llobregat,,6000,picture,aires-acondicionados/img/logo_zervitecnics.png,sí,31,png,560,120,sí,sí,sí,Zervitecnics,no,no,374,676
aires-acondicionados/capacidades/6000-frigorias-hospitalet-de-llobregat.html,capacidad/ciudad,L'Hospitalet de Llobregat,,6000,og:image,aires-acondicionados/img/hero_main.jpg,sí,115,jpg,1400,787,no,sí,,,,,41,5
aires-acondicionados/capacidades/6000-frigorias-la-garriga.html,capacidad/ciudad,La Garriga,,6000,picture,aires-acondicionados/img/logo_zervitecnics.png,sí,31,png,560,120,sí,sí,sí,Zervitecnics,sí,no,148,676
aires-acondicionados/capacidades/6000-frigorias-la-garriga.html,capacidad/ciudad,La Garriga,,6000,picture,aires-acondicionados/img/hero_split.jpg,sí,91,jpg,1200,900,sí,sí,sí,6000 frigorías en La Garriga,no,sí,175,621
aires-acondicionados/capacidades/6000-frigorias-la-garriga.html,capacidad/ciudad,La Garriga,,6000,picture,aires-acondicionados/img/logo_zervitecnics.png,sí,31,png,560,120,sí,sí,sí,Zervitecnics,no,no,343,676
aires-acondicionados/capacidades/6000-frigorias-la-garriga.html,capacidad/ciudad,La Garriga,,6000,og:image,aires-acondicionados/img/hero_main.jpg,sí,115,jpg,1400,787,no,sí,,,,,41,5
aires-acondicionados/capacidades/6000-frigorias-mataro.html,capacidad/ciudad,Mataró,,6000,picture,aires-acondicionados/img/logo_zervitecnics.png,sí,31,png,560,120,sí,sí,sí,Zervitecnics,sí,no,148,676
aires-acondicionados/capacidades/6000-frigorias-mataro.html,capacidad/ciudad,Mataró,,6000,picture,aires-acondicionados/img/hero_split.jpg,sí,91,jpg,1200,900,sí,sí,sí,6000 frigorías en Mataró,no,sí,175,621
aires-acondicionados/capacidades/6000-frigorias-mataro.html,capacidad/ciudad,Mataró,,6000,picture,aires-acondicionados/img/logo_zervitecnics.png,sí,31,png,560,120,sí,sí,sí,Zervitecnics,no,no,343,676
aires-acondicionados/capacidades/6000-frigorias-mataro.html,capacidad/ciudad,Mataró,,6000,og:image,aires-acondicionados/img/hero_main.jpg,sí,115,jpg,1400,787,no,sí,,,,,41,5
aires-acondicionados/capacidades/6000-frigorias-mollet-del-valles.html,capacidad/ciudad,Mollet del Vallès,,6000,picture,aires-acondicionados/img/logo_zervitecnics.png,sí,31,png,560,120,sí,sí,sí,Zervitecnics,sí,no,148,676
aires-acondicionados/capacidades/6000-frigorias-mollet-del-valles.html,capacidad/ciudad,Mollet del Vallès,,6000,picture,aires-acondicionados/img/hero_split.jpg,sí,91,jpg,1200,900,sí,sí,sí,6000 frigorías en Mollet del Vallès,no,sí,175,621
aires-acondicionados/capacidades/6000-frigorias-mollet-del-valles.html,capacidad/ciudad,Mollet del Vallès,,6000,picture,aires-acondicionados/img/logo_zervitecnics.png,sí,31,png,560,120,sí,sí,sí,Zervitecnics,no,no,343,676
aires-acondicionados/capacidades/6000-frigorias-mollet-del-valles.html,capacidad/ciudad,Mollet del Vallès,,6000,og:image,aires-acondicionados/img/hero_main.jpg,sí,115,jpg,1400,787,no,sí,,,,,41,5
aires-acondicionados/capacidades/6000-frigorias-parets-del-valles.html,capacidad/ciudad,Parets del Vallès,,6000,picture,aires-acondicionados/img/logo_zervitecnics.png,sí,31,png,560,120,sí,sí,sí,Zervitecnics,sí,no,148,676
aires-acondicionados/capacidades/6000-frigorias-parets-del-valles.html,capacidad/ciudad,Parets del Vallès,,6000,picture,aires-acondicionados/img/hero_split.jpg,sí,91,jpg,1200,900,sí,sí,sí,6000 frigorías en Parets del Vallès,no,sí,175,621
aires-acondicionados/capacidades/6000-frigorias-parets-del-valles.html,capacidad/ciudad,Parets del Vallès,,6000,picture,aires-acondicionados/img/logo_zervitecnics.png,sí,31,png,560,120,sí,sí,sí,Zervitecnics,no,no,343,676
aires-acondicionados/capacidades/6000-frigorias-parets-del-valles.html,capacidad/ciudad,Parets del Vallès,,6000,og:image,aires-acondicionados/img/hero_main.jpg,sí,115,jpg,1400,787,no,sí,,,,,41,5
aires-acondicionados/capacidades/6000-frigorias-pineda-de-mar.html,capacidad/ciudad,Pineda de Mar,,6000,picture,aires-acondicionados/img/logo_zervitecnics.png,sí,31,png,560,120,sí,sí,sí,Zervitecnics,sí,no,148,676
aires-acondicionados/capacidades/6000-frigorias-pineda-de-mar.html,capacidad/ciudad,Pineda de Mar,,6000,picture,aires-acondicionados/img/hero_split.jpg,sí,91,jpg,1200,900,sí,sí,sí,6000 frigorías en Pineda de Mar,no,sí,175,621
aires-acondicionados/capacidades/6000-frigorias-pineda-de-mar.html,capacidad/ciudad,Pineda de Mar,,6000,picture,aires-acondicionados/img/logo_zervitecnics.png,sí,31,png,560,120,sí,sí,sí,Zervitecnics,no,no,343,676
aires-acondicionados/capacidades/6000-frigorias-pineda-de-mar.html,capacidad/ciudad,Pineda de Mar,,6000,og:image,aires-acondicionados/img/hero_main.jpg,sí,115,jpg,1400,787,no,sí,,,,,41,5
aires-acondicionados/capacidades/6000-frigorias-premia-de-mar.html,capacidad/ciudad,Premià de Mar,,6000,picture,aires-acondicionados/img/logo_zervitecnics.png,sí,31,png,560,120,sí,sí,sí,Zervitecnics,sí,no,148,676
aires-acondicionados/capacidades/6000-frigorias-premia-de-mar.html,capacidad/ciudad,Premià de Mar,,6000,picture,aires-acondicionados/img/hero_split.jpg,sí,91,jpg,1200,900,sí,sí,sí,6000 frigorías en Premià de Mar,no,sí,175,621
aires-acondicionados/capacidades/6000-frigorias-premia-de-mar.html,capacidad/ciudad,Premià de Mar,,6000,picture,aires-acondicionados/img/logo_zervitecnics.png,sí,31,png,560,120,sí,sí,sí,Zervitecnics,no,no,343,676
aires-acondicionados/capacidades/6000-frigorias-premia-de-mar.html,capacidad/ciudad,Premià de Mar,,6000,og:image,aires-acondicionados/img/hero_main.jpg,sí,115,jpg,1400,787,no,sí,,,,,41,5
aires-acondicionados/capacidades/6000-frigorias-rubi.html,capacidad/ciudad,Rubí,,6000,picture,aires-acondicionados/img/logo_zervitecnics.png,sí,31,png,560,120,sí,sí,sí,Zervitecnics,sí,no,148,676
aires-acondicionados/capacidades/6000-frigorias-rubi.html,capacidad/ciudad,Rubí,,6000,picture,aires-acondicionados/img/hero_split.jpg,sí,91,jpg,1200,900,sí,sí,sí,6000 frigorías en Rubí,no,sí,175,621
aires-acondicionados/capacidades/6000-frigorias-rubi.html,capacidad/ciudad,Rubí,,6000,picture,aires-acondicionados/img/logo_zervitecnics.png,sí,31,png,560,120,sí,sí,sí,Zervitecnics,no,no,343,676
aires-acondicionados/capacidades/6000-frigorias-rubi.html,capacidad/ciudad,Rubí,,6000,og:image,aires-acondicionados/img/hero_main.jpg,sí,115,jpg,1400,787,no,sí,,,,,41,5
aires-acondicionados/capacidades/6000-frigorias-sabadell.html,capacidad/ciudad,Sabadell,,6000,picture,aires-acondicionados/img/logo_zervitecnics.png,sí,31,png,560,120,sí,sí,sí,Zervitecnics,sí,no,148,676
aires-acondicionados/capacidades/6000-frigorias-sabadell.html,capacidad/ciudad,Sabadell,,6000,picture,aires-acondicionados/img/hero_split.jpg,sí,91,jpg,1200,900,sí,sí,sí,6000 frigorías en Sabadell,no,sí,175,621
aires-acondicionados/capacidades/6000-frigorias-sabadell.html,capacidad/ciudad,Sabadell,,6000,picture,aires-acondicionados/img/logo_zervitecnics.png,sí,31,png,560,120,sí,sí,sí,Zervitecnics,no,no,374,676
aires-acondicionados/capacidades/6000-frigorias-sabadell.html,capacidad/ciudad,Sabadell,,6000,og:image,aires-acondicionados/img/hero_main.jpg,sí,115,jpg,1400,787,no,sí,,,,,41,5
aires-acondicionados/capacidades/6000-frigorias-sant-adria-de-besos.html,capacidad/ciudad,Sant Adrià de Besòs,,6000,picture,aires-acondicionados/img/logo_zervitecnics.png,sí,31,png,560,120,sí,sí,sí,Zervitecnics,sí,no,148,676
aires-acondicionados/capacidades/6000-frigorias-sant-adria-de-besos.html,capacidad/ciudad,Sant Adrià de Besòs,,6000,picture,aires-acondicionados/img/hero_split.jpg,sí,91,jpg,1200,900,sí,sí,sí,6000 frigorías en Sant Adrià de Besòs,no,sí,175,621
aires-acondicionados/capacidades/6000-frigorias-sant-adria-de-besos.html,capacidad/ciudad,Sant Adrià de Besòs,,6000,picture,aires-acondicionados/img/logo_zervitecnics.png,sí,31,png,560,120,sí,sí,sí,Zervitecnics,no,no,373,676
aires-acondicionados/capacidades/6000-frigorias-sant-adria-de-besos.html,capacidad/ciudad,Sant Adrià de Besòs,,6000,og:image,aires-acondicionados/img/hero_main.jpg,sí,115,jpg,1400,787,no,sí,,,,,41,5
aires-acondicionados/capacidades/6000-frigorias-sant-boi-de-llobregat.html,capacidad/ciudad,Sant Boi de Llobregat,,6000,picture,aires-acondicionados/img/logo_zervitecnics.png,sí,31,png,560,120,sí,sí,sí,Zervitecnics,sí,no,148,676
aires-acondicionados/capacidades/6000-frigorias-sant-boi-de-llobregat.html,capacidad/ciudad,Sant Boi de Llobregat,,6000,picture,aires-acondicionados/img/hero_split.jpg,sí,91,jpg,1200,900,sí,sí,sí,6000 frigorías en Sant Boi de Llobregat,no,sí,175,621
aires-acondicionados/capacidades/6000-frigorias-sant-boi-de-llobregat.html,capacidad/ciudad,Sant Boi de Llobregat,,6000,picture,aires-acondicionados/img/logo_zervitecnics.png,sí,31,png,560,120,sí,sí,sí,Zervitecnics,no,no,373,676
aires-acondicionados/capacidades/6000-frigorias-sant-boi-de-llobregat.html,capacidad/ciudad,Sant Boi de Llobregat,,6000,og:image,aires-acondicionados/img/hero_main.jpg,sí,115,jpg,1400,787,no,sí,,,,,41,5
aires-acondicionados/capacidades/6000-frigorias-sant-celoni.html,capacidad/ciudad,Sant Celoni,,6000,picture,aires-acondicionados/img/logo_zervitecnics.png,sí,31,png,560,120,sí,sí,sí,Zervitecnics,sí,no,148,676
aires-acondicionados/capacidades/6000-frigorias-sant-celoni.html,capacidad/ciudad,Sant Celoni,,6000,picture,aires-acondicionados/img/hero_split.jpg,sí,91,jpg,1200,900,sí,sí,sí,6000 frigorías en Sant Celoni,no,sí,175,621
aires-acondicionados/capacidades/6000-frigorias-sant-celoni.html,capacidad/ciudad,Sant Celoni,,6000,picture,aires-acondicionados/img/logo_zervitecnics.png,sí,31,png,560,120,sí,sí,sí,Zervitecnics,no,no,343,676
aires-acondicionados/capacidades/6000-frigorias-sant-celoni.html,capacidad/ciudad,Sant Celoni,,6000,og:image,aires-acondicionados/img/hero_main.jpg,sí,115,jpg,1400,787,no,sí,,,,,41,5
aires-acondicionados/capacidades/6000-frigorias-sant-cugat-del-valles.html,capacidad/ciudad,Sant Cugat del Vallès,,6000,picture,aires-acondicionados/img/logo_zervitecnics.png,sí,31,png,560,120,sí,sí,sí,Zervitecnics,sí,no,148,676
aires-acondicionados/capacidades/6000-frigorias-sant-cugat-del-valles.html,capacidad/ciudad,Sant Cugat del Vallès,,6000,picture,aires-acondicionados/img/hero_split.jpg,sí,91,jpg,1200,900,sí,sí,sí,6000 frigorías en Sant Cugat del Vallès,no,sí,175,621
aires-acondicionados/capacidades/6000-frigorias-sant-cugat-del-valles.html,capacidad/ciudad,Sant Cugat del Vallès,,6000,picture,aires-acondicionados/img/logo_zervitecnics.png,sí,31,png,560,120,sí,sí,sí,Zervitecnics,no,no,374,676
aires-acondicionados/capacidades/6000-frigorias-sant-cugat-del-valles.html,capacidad/ciudad,Sant Cugat del Vallès,,6000,og:image,aires-acondicionados/img/hero_main.jpg,sí,115,jpg,1400,787,no,sí,,,,,41,5
aires-acondicionados/capacidades/6000-frigorias-sant-joan-despi.html,capacidad/ciudad,Sant Joan Despí,,6000,picture,aires-acondicionados/img/logo_zervitecnics.png,sí,31,png,560,120,sí,sí,sí,Zervitecnics,sí,no,148,676
aires-acondicionados/capacidades/6000-frigorias-sant-joan-despi.html,capacidad/ciudad,Sant Joan Despí,,6000,picture,aires-acondicionados/img/hero_split.jpg,sí,91,jpg,1200,900,sí,sí,sí,6000 frigorías en Sant Joan Despí,no,sí,175,621
aires-acondicionados/capacidades/6000-frigorias-sant-joan-despi.html,capacidad/ciudad,Sant Joan Despí,,6000,picture,aires-acondicionados/img/logo_zervitecnics.png,sí,31,png,560,120,sí,sí,sí,Zervitecnics,no,no,373,676
aires-acondicionados/capacidades/6000-frigorias-sant-joan-despi.html,capacidad/ciudad,Sant Joan Despí,,6000,og:image,aires-acondicionados/img/hero_main.jpg,sí,115,jpg,1400,787,no,sí,,,,,41,5
aires-acondicionados/capacidades/6000-frigorias-sant-just-desvern.html,capacidad/ciudad,Sant Just Desvern,,6000,picture,aires-acondicionados/img/logo_zervitecnics.png,sí,31,png,560,120,sí,sí,sí,Zervitecnics,sí,no,148,676
aires-acondicionados/capacidades/6000-frigorias-sant-just-desvern.html,capacidad/ciudad,Sant Just Desvern,,6000,picture,aires-acondicionados/img/hero_split.jpg,sí,91,jpg,1200,900,sí,sí,sí,6000 frigorías en Sant Just Desvern,no,sí,175,621
aires-acondicionados/capacidades/6000-frigorias-sant-just-desvern.html,capacidad/ciudad,Sant Just Desvern,,6000,picture,aires-acondicionados/img/logo_zervitecnics.png,sí,31,png,560,120,sí,sí,sí,Zervitecnics,no,no,373,676
aires-acondicionados/capacidades/6000-frigorias-sant-just-desvern.html,capacidad/ciudad,Sant Just Desvern,,6000,og:image,aires-acondicionados/img/hero_main.jpg,sí,115,jpg,1400,787,no,sí,,,,,41,5
aires-acondicionados/capacidades/6000-frigorias-sant-quirze-del-valles.html,capacidad/ciudad,Sant Quirze del Vallès,,6000,picture,aires-acondicionados/img/logo_zervitecnics.png,sí,31,png,560,120,sí,sí,sí,Zervitecnics,sí,no,148,676
aires-acondicionados/capacidades/6000-frigorias-sant-quirze-del-valles.html,capacidad/ciudad,Sant Quirze del Vallès,,6000,picture,aires-acondicionados/img/hero_split.jpg,sí,91,jpg,1200,900,sí,sí,sí,6000 frigorías en Sant Quirze del Vallès,no,sí,175,621
aires-acondicionados/capacidades/6000-frigorias-sant-quirze-del-valles.html,capacidad/ciudad,Sant Quirze del Vallès,,6000,picture,aires-acondicionados/img/logo_zervitecnics.png,sí,31,png,560,120,sí,sí,sí,Zervitecnics,no,no,343,676
aires-acondicionados/capacidades/6000-frigorias-sant-quirze-del-valles.html,capacidad/ciudad,Sant Quirze del Vallès,,6000,og:image,aires-acondicionados/img/hero_main.jpg,sí,115,jpg,1400,787,no,sí,,,,,41,5
aires-acondicionados/capacidades/6000-frigorias-santa-coloma-de-gramenet.html,capacidad/ciudad,Santa Coloma de Gramenet,,6000,picture,aires-acondicionados/img/logo_zervitecnics.png,sí,31,png,560,120,sí,sí,sí,Zervitecnics,sí,no,148,676
aires-acondicionados/capacidades/6000-frigorias-santa-coloma-de-gramenet.html,capacidad/ciudad,Santa Coloma de Gramenet,,6000,picture,aires-acondicionados/img/hero_split.jpg,sí,91,jpg,1200,900,sí,sí,sí,6000 frigorías en Santa Coloma de Gramenet,no,sí,175,621
aires-acondicionados/capacidades/6000-frigorias-santa-coloma-de-gramenet.html,capacidad/ciudad,Santa Coloma de Gramenet,,6000,picture,aires-acondicionados/img/logo_zervitecnics.png,sí,31,png,560,120,sí,sí,sí,Zervitecnics,no,no,373,676
aires-acondicionados/capacidades/6000-frigorias-santa-coloma-de-gramenet.html,capacidad/ciudad,Santa Coloma de Gramenet,,6000,og:image,aires-acondicionados/img/hero_main.jpg,sí,115,jpg,1400,787,no,sí,,,,,41,5
aires-acondicionados/capacidades/6000-frigorias-sitges.html,capacidad/ciudad,Sitges,,6000,picture,aires-acondicionados/img/logo_zervitecnics.png,sí,31,png,560,120,sí,sí,sí,Zervitecnics,sí,no,148,676
aires-acondicionados/capacidades/6000-frigorias-sitges.html,capacidad/ciudad,Sitges,,6000,picture,aires-acondicionados/img/hero_split.jpg,sí,91,jpg,1200,900,sí,sí,sí,6000 frigorías en Sitges,no,sí,175,621
aires-acondicionados/capacidades/6000-frigorias-sitges.html,capacidad/ciudad,Sitges,,6000,picture,aires-acondicionados/img/logo_zervitecnics.png,sí,31,png,560,120,sí,sí,sí,Zervitecnics,no,no,343,676
aires-acondicionados/capacidades/6000-frigorias-sitges.html,capacidad/ciudad,Sitges,,6000,og:image,aires-acondicionados/img/hero_main.jpg,sí,115,jpg,1400,787,no,sí,,,,,41,5
aires-acondicionados/capacidades/6000-frigorias-terrassa.html,capacidad/ciudad,Terrassa,,6000,picture,aires-acondicionados/img/logo_zervitecnics.png,sí,31,png,560,120,sí,sí,sí,Zervitecnics,sí,no,148,676
aires-acondicionados/capacidades/6000-frigorias-terrassa.html,capacidad/ciudad,Terrassa,,6000,picture,aires-acondicionados/img/hero_split.jpg,sí,91,jpg,1200,900,sí,sí,sí,6000 frigorías en Terrassa,no,sí,175,621
aires-acondicionados/capacidades/6000-frigorias-terrassa.html,capacidad/ciudad,Terrassa,,6000,picture,aires-acondicionados/img/logo_zervitecnics.png,sí,31,png,560,120,sí,sí,sí,Zervitecnics,no,no,374,676
aires-acondicionados/capacidades/6000-frigorias-terrassa.html,capacidad/ciudad,Terrassa,,6000,og:image,aires-acondicionados/img/hero_main.jpg,sí,115,jpg,1400,787,no,sí,,,,,41,5
aires-acondicionados/capacidades/6000-frigorias-viladecans.html,capacidad/ciudad,Viladecans,,6000,picture,aires-acondicionados/img/logo_zervitecnics.png,sí,31,png,560,120,sí,sí,sí,Zervitecnics,sí,no,148,676
aires-acondicionados/capacidades/6000-frigorias-viladecans.html,capacidad/ciudad,Viladecans,,6000,picture,aires-acondicionados/img/hero_split.jpg,sí,91,jpg,1200,900,sí,sí,sí,6000 frigorías en Viladecans,no,sí,175,621
aires-acondicionados/capacidades/6000-frigorias-viladecans.html,capacidad/ciudad,Viladecans,,6000,picture,aires-acondicionados/img/logo_zervitecnics.png,sí,31,png,560,120,sí,sí,sí,Zervitecnics,no,no,373,676
aires-acondicionados/capacidades/6000-frigorias-viladecans.html,capacidad/ciudad,Viladecans,,6000,og:image,aires-acondicionados/img/hero_main.jpg,sí,115,jpg,1400,787,no,sí,,,,,41,5
aires-acondicionados/capacidades/6000-frigorias-vilassar-de-mar.html,capacidad/ciudad,Vilassar de Mar,,6000,picture,aires-acondicionados/img/logo_zervitecnics.png,sí,31,png,560,120,sí,sí,sí,Zervitecnics,sí,no,148,676
aires-acondicionados/capacidades/6000-frigorias-vilassar-de-mar.html,capacidad/ciudad,Vilassar de Mar,,6000,picture,aires-acondicionados/img/hero_split.jpg,sí,91,jpg,1200,900,sí,sí,sí,6000 frigorías en Vilassar de Mar,no,sí,175,621
aires-acondicionados/capacidades/6000-frigorias-vilassar-de-mar.html,capacidad/ciudad,Vilassar de Mar,,6000,picture,aires-acondicionados/img/logo_zervitecnics.png,sí,31,png,560,120,sí,sí,sí,Zervitecnics,no,no,343,676
aires-acondicionados/capacidades/6000-frigorias-vilassar-de-mar.html,capacidad/ciudad,Vilassar de Mar,,6000,og:image,aires-acondicionados/img/hero_main.jpg,sí,115,jpg,1400,787,no,sí,,,,,41,5
aires-acondicionados/categorias/cassette.html,categoria,,,,picture,aires-acondicionados/img/logo_zervitecnics.png,sí,31,png,560,120,sí,sí,sí,Zervitecnics,sí,no,144,676
aires-acondicionados/categorias/cassette.html,categoria,,,,picture,aires-acondicionados/img/cassette-techo-comercial.jpg,sí,175,jpg,1448,1086,sí,sí,sí,Cassette de 4 vías empotrado en falso techo de local comercial en Barcelona,sí,no,194,1
aires-acondicionados/categorias/cassette.html,categoria,,,,picture,aires-acondicionados/img/logo_zervitecnics.png,sí,31,png,560,120,sí,sí,sí,Zervitecnics,no,no,339,676
aires-acondicionados/categorias/cassette.html,categoria,,,,og:image,aires-acondicionados/img/cassette-techo-comercial.jpg,sí,175,jpg,1448,1086,no,sí,,,,,47,1
aires-acondicionados/categorias/conductos.html,categoria,,,,picture,aires-acondicionados/img/logo_zervitecnics.png,sí,31,png,560,120,sí,sí,sí,Zervitecnics,sí,no,90,676
aires-acondicionados/categorias/conductos.html,categoria,,,,picture,aires-acondicionados/img/conductos_service.jpg,sí,84,jpg,1200,675,sí,sí,sí,Aire por conductos instalado en Barcelona,no,sí,113,17
aires-acondicionados/categorias/conductos.html,categoria,,,,picture,aires-acondicionados/img/logo_zervitecnics.png,sí,31,png,560,120,sí,sí,sí,Zervitecnics,no,no,190,676
aires-acondicionados/categorias/conductos.html,categoria,,,,og:image,aires-acondicionados/img/conductos_service.jpg,sí,84,jpg,1200,675,no,sí,,,,,46,17
aires-acondicionados/categorias/dicore.html,categoria,,,,picture,aires-acondicionados/img/logo_zervitecnics.png,sí,31,png,560,120,sí,sí,sí,Zervitecnics,sí,no,87,676
aires-acondicionados/categorias/dicore.html,categoria,,,,picture,aires-acondicionados/img/multisplit_service.jpg,sí,102,jpg,1200,675,sí,sí,sí,Instalación Dicore en Barcelona,no,sí,115,21
aires-acondicionados/categorias/dicore.html,categoria,,,,picture,aires-acondicionados/img/logo_zervitecnics.png,sí,31,png,560,120,sí,sí,sí,Zervitecnics,no,no,251,676
aires-acondicionados/categorias/dicore.html,categoria,,,,og:image,aires-acondicionados/img/hero_main.jpg,sí,115,jpg,1400,787,no,sí,,,,,45,5
aires-acondicionados/categorias/marca-blanca.html,categoria,,,,picture,aires-acondicionados/img/logo_zervitecnics.png,sí,31,png,560,120,sí,sí,sí,Zervitecnics,sí,no,87,676
aires-acondicionados/categorias/marca-blanca.html,categoria,,,,picture,aires-acondicionados/img/hero_main.jpg,sí,115,jpg,1400,787,sí,sí,sí,Instalación Marca Blanca en Barcelona,no,sí,115,5
aires-acondicionados/categorias/marca-blanca.html,categoria,,,,picture,aires-acondicionados/img/logo_zervitecnics.png,sí,31,png,560,120,sí,sí,sí,Zervitecnics,no,no,251,676
aires-acondicionados/categorias/marca-blanca.html,categoria,,,,og:image,aires-acondicionados/img/hero_main.jpg,sí,115,jpg,1400,787,no,sí,,,,,45,5
aires-acondicionados/categorias/multisplit.html,categoria,,,,picture,aires-acondicionados/img/logo_zervitecnics.png,sí,31,png,560,120,sí,sí,sí,Zervitecnics,sí,no,90,676
aires-acondicionados/categorias/multisplit.html,categoria,,,,picture,aires-acondicionados/img/multisplit_service.jpg,sí,102,jpg,1200,675,sí,sí,sí,Sistema multisplit instalado en Barcelona,no,sí,113,21
aires-acondicionados/categorias/multisplit.html,categoria,,,,picture,aires-acondicionados/img/logo_zervitecnics.png,sí,31,png,560,120,sí,sí,sí,Zervitecnics,no,no,187,676
aires-acondicionados/categorias/multisplit.html,categoria,,,,og:image,aires-acondicionados/img/multisplit_service.jpg,sí,102,jpg,1200,675,no,sí,,,,,46,21
aires-acondicionados/categorias/split.html,categoria,,,,picture,aires-acondicionados/img/logo_zervitecnics.png,sí,31,png,560,120,sí,sí,sí,Zervitecnics,sí,no,94,676
aires-acondicionados/categorias/split.html,categoria,,,,picture,aires-acondicionados/img/hero_split.jpg,sí,91,jpg,1200,900,sí,sí,sí,Split 1x1 instalado en Barcelona,no,sí,145,621
aires-acondicionados/categorias/split.html,categoria,,,,picture,aires-acondicionados/img/logo_zervitecnics.png,sí,31,png,560,120,sí,sí,sí,Zervitecnics,no,no,269,676
aires-acondicionados/categorias/split.html,categoria,,,,og:image,aires-acondicionados/img/hero_split.jpg,sí,91,jpg,1200,900,no,sí,,,,,47,621
aires-acondicionados/categorias/suelo-techo.html,categoria,,,,picture,aires-acondicionados/img/logo_zervitecnics.png,sí,31,png,560,120,sí,sí,sí,Zervitecnics,sí,no,144,676
aires-acondicionados/categorias/suelo-techo.html,categoria,,,,picture,aires-acondicionados/img/suelo-techo-instalado.jpg,sí,191,jpg,1448,1086,sí,sí,sí,Equipo suelo-techo horizontal instalado en local comercial de Barcelona,sí,no,194,1
aires-acondicionados/categorias/suelo-techo.html,categoria,,,,picture,aires-acondicionados/img/logo_zervitecnics.png,sí,31,png,560,120,sí,sí,sí,Zervitecnics,no,no,338,676
aires-acondicionados/categorias/suelo-techo.html,categoria,,,,og:image,aires-acondicionados/img/suelo-techo-instalado.jpg,sí,191,jpg,1448,1086,no,sí,,,,,47,1
aires-acondicionados/gracias.html,sistema,,,,img,aires-acondicionados/img/logo_zervitecnics.png,sí,31,png,560,120,no,sí,sí,Zervitecnics Barcelona,no,no,132,676
aires-acondicionados/guias/consumo-real-aire-acondicionado.html,guia,,,,picture,aires-acondicionados/img/logo_zervitecnics.png,sí,31,png,560,120,sí,sí,sí,Zervitecnics,sí,no,168,676
aires-acondicionados/guias/consumo-real-aire-acondicionado.html,guia,,,,picture,aires-acondicionados/img/guia-consumo-mando-eco.jpg,sí,132,jpg,1448,1086,sí,sí,sí,Mando de aire acondicionado en modo eco para reducir el consumo eléctrico,sí,no,191,1
aires-acondicionados/guias/consumo-real-aire-acondicionado.html,guia,,,,picture,aires-acondicionados/img/logo_zervitecnics.png,sí,31,png,560,120,sí,sí,sí,Zervitecnics,no,no,378,676
aires-acondicionados/guias/consumo-real-aire-acondicionado.html,guia,,,,og:image,aires-acondicionados/img/guia-consumo-mando-eco.jpg,sí,132,jpg,1448,1086,no,sí,,,,,42,1
aires-acondicionados/guias/gas-r32-vs-r410a.html,guia,,,,picture,aires-acondicionados/img/logo_zervitecnics.png,sí,31,png,560,120,sí,sí,sí,Zervitecnics,sí,no,162,676
aires-acondicionados/guias/gas-r32-vs-r410a.html,guia,,,,picture,aires-acondicionados/img/guia-gas-manometros.jpg,sí,198,jpg,1448,1086,sí,sí,sí,Manómetros midiendo la presión del gas refrigerante en un equipo de aire acondicionado,sí,no,185,1
aires-acondicionados/guias/gas-r32-vs-r410a.html,guia,,,,picture,aires-acondicionados/img/logo_zervitecnics.png,sí,31,png,560,120,sí,sí,sí,Zervitecnics,no,no,345,676
aires-acondicionados/guias/gas-r32-vs-r410a.html,guia,,,,og:image,aires-acondicionados/img/guia-gas-manometros.jpg,sí,198,jpg,1448,1086,no,sí,,,,,42,1
aires-acondicionados/guias/index.html,guia,,,,picture,aires-acondicionados/img/logo_zervitecnics.png,sí,31,png,560,120,sí,sí,sí,Zervitecnics,sí,no,99,676
aires-acondicionados/guias/index.html,guia,,,,picture,aires-acondicionados/img/logo_zervitecnics.png,sí,31,png,560,120,sí,sí,sí,Zervitecnics,no,no,203,676
aires-acondicionados/guias/index.html,guia,,,,og:image,aires-acondicionados/img/hero_main.jpg,sí,115,jpg,1400,787,no,sí,,,,,42,5
aires-acondicionados/guias/mantenimiento-yo-mismo-o-profesional.html,guia,,,,picture,aires-acondicionados/img/logo_zervitecnics.png,sí,31,png,560,120,sí,sí,sí,Zervitecnics,sí,no,176,676
aires-acondicionados/guias/mantenimiento-yo-mismo-o-profesional.html,guia,,,,picture,aires-acondicionados/img/guia-mantenimiento-filtro.jpg,sí,211,jpg,1448,1086,sí,sí,sí,Filtro del aire acondicionado extraído de la unidad interior para su limpieza,sí,no,199,1
aires-acondicionados/guias/mantenimiento-yo-mismo-o-profesional.html,guia,,,,picture,aires-acondicionados/img/logo_zervitecnics.png,sí,31,png,560,120,sí,sí,sí,Zervitecnics,no,no,419,676
aires-acondicionados/guias/mantenimiento-yo-mismo-o-profesional.html,guia,,,,og:image,aires-acondicionados/img/guia-mantenimiento-filtro.jpg,sí,211,jpg,1448,1086,no,sí,,,,,42,1
aires-acondicionados/guias/normativa-comunidad-vecinos-barcelona.html,guia,,,,picture,aires-acondicionados/img/logo_zervitecnics.png,sí,31,png,560,120,sí,sí,sí,Zervitecnics,sí,no,165,676
aires-acondicionados/guias/normativa-comunidad-vecinos-barcelona.html,guia,,,,picture,aires-acondicionados/img/guia-normativa-eixample.jpg,sí,360,jpg,1448,1086,sí,sí,sí,Fachada del Eixample de Barcelona con unidades exteriores de aire acondicionado,sí,no,188,1
aires-acondicionados/guias/normativa-comunidad-vecinos-barcelona.html,guia,,,,picture,aires-acondicionados/img/logo_zervitecnics.png,sí,31,png,560,120,sí,sí,sí,Zervitecnics,no,no,402,676
aires-acondicionados/guias/normativa-comunidad-vecinos-barcelona.html,guia,,,,og:image,aires-acondicionados/img/guia-normativa-eixample.jpg,sí,360,jpg,1448,1086,no,sí,,,,,42,1
aires-acondicionados/guias/que-frigorias-necesito.html,guia,,,,picture,aires-acondicionados/img/logo_zervitecnics.png,sí,31,png,560,120,sí,sí,sí,Zervitecnics,sí,no,168,676
aires-acondicionados/guias/que-frigorias-necesito.html,guia,,,,picture,aires-acondicionados/img/guia-frigorias-salon.jpg,sí,150,jpg,1448,1086,sí,sí,sí,"Salón residencial en Barcelona con aire acondicionado, termómetro y mando a distancia",sí,no,191,1
aires-acondicionados/guias/que-frigorias-necesito.html,guia,,,,picture,aires-acondicionados/img/logo_zervitecnics.png,sí,31,png,560,120,sí,sí,sí,Zervitecnics,no,no,377,676
aires-acondicionados/guias/que-frigorias-necesito.html,guia,,,,og:image,aires-acondicionados/img/guia-frigorias-salon.jpg,sí,150,jpg,1448,1086,no,sí,,,,,42,1
aires-acondicionados/guias/split-vs-multisplit-vs-conductos.html,guia,,,,picture,aires-acondicionados/img/logo_zervitecnics.png,sí,31,png,560,120,sí,sí,sí,Zervitecnics,sí,no,169,676
aires-acondicionados/guias/split-vs-multisplit-vs-conductos.html,guia,,,,picture,aires-acondicionados/img/guia-sistemas-comparativa.jpg,sí,235,jpg,1448,1086,sí,sí,sí,"Comparativa visual de tres sistemas de climatización: split, multisplit y conductos",sí,no,192,1
aires-acondicionados/guias/split-vs-multisplit-vs-conductos.html,guia,,,,picture,aires-acondicionados/img/logo_zervitecnics.png,sí,31,png,560,120,sí,sí,sí,Zervitecnics,no,no,457,676
aires-acondicionados/guias/split-vs-multisplit-vs-conductos.html,guia,,,,og:image,aires-acondicionados/img/guia-sistemas-comparativa.jpg,sí,235,jpg,1448,1086,no,sí,,,,,42,1
aires-acondicionados/guias/subvenciones-como-solicitarlas.html,guia,,,,picture,aires-acondicionados/img/logo_zervitecnics.png,sí,31,png,560,120,sí,sí,sí,Zervitecnics,sí,no,170,676
aires-acondicionados/guias/subvenciones-como-solicitarlas.html,guia,,,,picture,aires-acondicionados/img/guia-subvenciones-eficiencia.jpg,sí,250,jpg,1448,1086,sí,sí,sí,Vivienda eficiente en Barcelona con aire acondicionado moderno y aislamiento adecuado,sí,no,193,1
aires-acondicionados/guias/subvenciones-como-solicitarlas.html,guia,,,,picture,aires-acondicionados/img/logo_zervitecnics.png,sí,31,png,560,120,sí,sí,sí,Zervitecnics,no,no,405,676
aires-acondicionados/guias/subvenciones-como-solicitarlas.html,guia,,,,og:image,aires-acondicionados/img/guia-subvenciones-eficiencia.jpg,sí,250,jpg,1448,1086,no,sí,,,,,42,1
aires-acondicionados/guias/ubicacion-unidad-exterior.html,guia,,,,picture,aires-acondicionados/img/logo_zervitecnics.png,sí,31,png,560,120,sí,sí,sí,Zervitecnics,sí,no,166,676
aires-acondicionados/guias/ubicacion-unidad-exterior.html,guia,,,,picture,aires-acondicionados/img/guia-ubicacion-terraza.jpg,sí,238,jpg,1448,1086,sí,sí,sí,Terraza de Barcelona con la unidad exterior del aire acondicionado bien ubicada,sí,no,189,1
aires-acondicionados/guias/ubicacion-unidad-exterior.html,guia,,,,picture,aires-acondicionados/img/logo_zervitecnics.png,sí,31,png,560,120,sí,sí,sí,Zervitecnics,no,no,372,676
aires-acondicionados/guias/ubicacion-unidad-exterior.html,guia,,,,og:image,aires-acondicionados/img/guia-ubicacion-terraza.jpg,sí,238,jpg,1448,1086,no,sí,,,,,42,1
aires-acondicionados/index.html,portada-vertical,,,,img,aires-acondicionados/img/logo_zervitecnics.png,sí,31,png,560,120,no,sí,sí,Zervitecnics Barcelona logo,sí,no,660,676
aires-acondicionados/index.html,portada-vertical,,,,img,aires-acondicionados/img/hero_main.jpg,sí,115,jpg,1400,787,no,sí,sí,Técnico Zervitecnics instalando aire acondicionado en Barcelona,no,no,742,5
aires-acondicionados/index.html,portada-vertical,,,,img,aires-acondicionados/img/hero_split.jpg,sí,91,jpg,1200,900,no,sí,sí,Instalación Split 1x1 Barcelona,no,sí,1064,621
aires-acondicionados/index.html,portada-vertical,,,,img,aires-acondicionados/img/multisplit_service.jpg,sí,102,jpg,1200,675,no,sí,sí,Instalación Multisplit Barcelona,no,sí,1079,21
aires-acondicionados/index.html,portada-vertical,,,,img,aires-acondicionados/img/conductos_service.jpg,sí,84,jpg,1200,675,no,sí,sí,Aire acondicionado por conductos Barcelona,no,sí,1094,17
aires-acondicionados/index.html,portada-vertical,,,,img,aires-acondicionados/img/hero_main.jpg,sí,115,jpg,1400,787,no,sí,sí,Instalación split en piso del Eixample,no,sí,1431,5
aires-acondicionados/index.html,portada-vertical,,,,img,aires-acondicionados/img/multisplit_service.jpg,sí,102,jpg,1200,675,no,sí,sí,Sistema multisplit en piso de Gràcia,no,sí,1435,21
aires-acondicionados/index.html,portada-vertical,,,,img,aires-acondicionados/img/galeria_conductos.jpg,sí,40,jpg,800,600,no,sí,sí,Instalación aire por conductos en techo,no,sí,1439,1
aires-acondicionados/index.html,portada-vertical,,,,img,aires-acondicionados/img/galeria_mataro.jpg,sí,41,jpg,800,600,no,sí,sí,Instalación Daikin en piso de Mataró,no,sí,1443,1
aires-acondicionados/index.html,portada-vertical,,,,img,aires-acondicionados/img/galeria_manresa.jpg,sí,61,jpg,800,600,no,sí,sí,Multisplit LG instalado en Manresa,no,sí,1447,1
aires-acondicionados/index.html,portada-vertical,,,,img,aires-acondicionados/img/galeria_exterior.jpg,sí,69,jpg,800,600,no,no,sí,Unidades exteriores Samsung y Daikin en terraza de Barcelona,no,sí,1451,1
aires-acondicionados/index.html,portada-vertical,,,,img,aires-acondicionados/img/logo_zervitecnics.png,sí,31,png,560,120,no,sí,sí,Zervitecnics,no,no,1557,676
aires-acondicionados/index.html,portada-vertical,,,,og:image,aires-acondicionados/img/hero_main.jpg,sí,115,jpg,1400,787,no,sí,,,,,51,5
aires-acondicionados/instalacion-personalizada.html,servicio,,,,picture,aires-acondicionados/img/logo_zervitecnics.png,sí,31,png,560,120,sí,sí,sí,Zervitecnics,sí,no,188,676
aires-acondicionados/instalacion-personalizada.html,servicio,,,,picture,aires-acondicionados/img/tecnico-medicion-laser.jpg,sí,178,jpg,1448,1086,sí,sí,sí,Técnico de Zervitecnics midiendo con láser antes de instalar aire acondicionado en Barcelona,sí,no,215,1
aires-acondicionados/instalacion-personalizada.html,servicio,,,,picture,aires-acondicionados/img/logo_zervitecnics.png,sí,31,png,560,120,sí,sí,sí,Zervitecnics,no,no,461,676
aires-acondicionados/instalacion-personalizada.html,servicio,,,,og:image,aires-acondicionados/img/tecnico-medicion-laser.jpg,sí,178,jpg,1448,1086,no,sí,,,,,42,1
aires-acondicionados/legal/aviso-legal.html,legal,,,,picture,aires-acondicionados/img/logo_zervitecnics.png,sí,31,png,560,120,sí,sí,sí,Zervitecnics,sí,no,78,676
aires-acondicionados/legal/cookies.html,legal,,,,picture,aires-acondicionados/img/logo_zervitecnics.png,sí,31,png,560,120,sí,sí,sí,Zervitecnics,sí,no,78,676
aires-acondicionados/legal/privacidad.html,legal,,,,picture,aires-acondicionados/img/logo_zervitecnics.png,sí,31,png,560,120,sí,sí,sí,Zervitecnics,sí,no,78,676
aires-acondicionados/mantenimiento-marcas/daikin.html,mantenimiento/marca,,daikin,,picture,aires-acondicionados/img/logo_zervitecnics.png,sí,31,png,560,120,sí,sí,sí,Zervitecnics,sí,no,181,676
aires-acondicionados/mantenimiento-marcas/daikin.html,mantenimiento/marca,,daikin,,picture,aires-acondicionados/img/logo_zervitecnics.png,sí,31,png,560,120,sí,sí,sí,Zervitecnics,no,no,423,676
aires-acondicionados/mantenimiento-marcas/daikin.html,mantenimiento/marca,,daikin,,og:image,aires-acondicionados/img/tecnico-limpieza-filtro.jpg,sí,184,jpg,1448,1086,no,sí,,,,,42,1
aires-acondicionados/mantenimiento-marcas/fujitsu.html,mantenimiento/marca,,fujitsu,,picture,aires-acondicionados/img/logo_zervitecnics.png,sí,31,png,560,120,sí,sí,sí,Zervitecnics,sí,no,181,676
aires-acondicionados/mantenimiento-marcas/fujitsu.html,mantenimiento/marca,,fujitsu,,picture,aires-acondicionados/img/logo_zervitecnics.png,sí,31,png,560,120,sí,sí,sí,Zervitecnics,no,no,423,676
aires-acondicionados/mantenimiento-marcas/fujitsu.html,mantenimiento/marca,,fujitsu,,og:image,aires-acondicionados/img/tecnico-limpieza-filtro.jpg,sí,184,jpg,1448,1086,no,sí,,,,,42,1
aires-acondicionados/mantenimiento-marcas/haier.html,mantenimiento/marca,,haier,,picture,aires-acondicionados/img/logo_zervitecnics.png,sí,31,png,560,120,sí,sí,sí,Zervitecnics,sí,no,181,676
aires-acondicionados/mantenimiento-marcas/haier.html,mantenimiento/marca,,haier,,picture,aires-acondicionados/img/logo_zervitecnics.png,sí,31,png,560,120,sí,sí,sí,Zervitecnics,no,no,423,676
aires-acondicionados/mantenimiento-marcas/haier.html,mantenimiento/marca,,haier,,og:image,aires-acondicionados/img/tecnico-limpieza-filtro.jpg,sí,184,jpg,1448,1086,no,sí,,,,,42,1
aires-acondicionados/mantenimiento-marcas/hisense.html,mantenimiento/marca,,hisense,,picture,aires-acondicionados/img/logo_zervitecnics.png,sí,31,png,560,120,sí,sí,sí,Zervitecnics,sí,no,181,676
aires-acondicionados/mantenimiento-marcas/hisense.html,mantenimiento/marca,,hisense,,picture,aires-acondicionados/img/logo_zervitecnics.png,sí,31,png,560,120,sí,sí,sí,Zervitecnics,no,no,423,676
aires-acondicionados/mantenimiento-marcas/hisense.html,mantenimiento/marca,,hisense,,og:image,aires-acondicionados/img/tecnico-limpieza-filtro.jpg,sí,184,jpg,1448,1086,no,sí,,,,,42,1
aires-acondicionados/mantenimiento-marcas/lg.html,mantenimiento/marca,,lg,,picture,aires-acondicionados/img/logo_zervitecnics.png,sí,31,png,560,120,sí,sí,sí,Zervitecnics,sí,no,181,676
aires-acondicionados/mantenimiento-marcas/lg.html,mantenimiento/marca,,lg,,picture,aires-acondicionados/img/logo_zervitecnics.png,sí,31,png,560,120,sí,sí,sí,Zervitecnics,no,no,423,676
aires-acondicionados/mantenimiento-marcas/lg.html,mantenimiento/marca,,lg,,og:image,aires-acondicionados/img/tecnico-limpieza-filtro.jpg,sí,184,jpg,1448,1086,no,sí,,,,,42,1
aires-acondicionados/mantenimiento-marcas/midea.html,mantenimiento/marca,,midea,,picture,aires-acondicionados/img/logo_zervitecnics.png,sí,31,png,560,120,sí,sí,sí,Zervitecnics,sí,no,181,676
aires-acondicionados/mantenimiento-marcas/midea.html,mantenimiento/marca,,midea,,picture,aires-acondicionados/img/logo_zervitecnics.png,sí,31,png,560,120,sí,sí,sí,Zervitecnics,no,no,423,676
aires-acondicionados/mantenimiento-marcas/midea.html,mantenimiento/marca,,midea,,og:image,aires-acondicionados/img/tecnico-limpieza-filtro.jpg,sí,184,jpg,1448,1086,no,sí,,,,,42,1
aires-acondicionados/mantenimiento-marcas/mitsubishi.html,mantenimiento/marca,,mitsubishi,,picture,aires-acondicionados/img/logo_zervitecnics.png,sí,31,png,560,120,sí,sí,sí,Zervitecnics,sí,no,181,676
aires-acondicionados/mantenimiento-marcas/mitsubishi.html,mantenimiento/marca,,mitsubishi,,picture,aires-acondicionados/img/logo_zervitecnics.png,sí,31,png,560,120,sí,sí,sí,Zervitecnics,no,no,423,676
aires-acondicionados/mantenimiento-marcas/mitsubishi.html,mantenimiento/marca,,mitsubishi,,og:image,aires-acondicionados/img/tecnico-limpieza-filtro.jpg,sí,184,jpg,1448,1086,no,sí,,,,,42,1
aires-acondicionados/mantenimiento-marcas/panasonic.html,mantenimiento/marca,,panasonic,,picture,aires-acondicionados/img/logo_zervitecnics.png,sí,31,png,560,120,sí,sí,sí,Zervitecnics,sí,no,181,676
aires-acondicionados/mantenimiento-marcas/panasonic.html,mantenimiento/marca,,panasonic,,picture,aires-acondicionados/img/logo_zervitecnics.png,sí,31,png,560,120,sí,sí,sí,Zervitecnics,no,no,423,676
aires-acondicionados/mantenimiento-marcas/panasonic.html,mantenimiento/marca,,panasonic,,og:image,aires-acondicionados/img/tecnico-limpieza-filtro.jpg,sí,184,jpg,1448,1086,no,sí,,,,,42,1
aires-acondicionados/mantenimiento-marcas/samsung.html,mantenimiento/marca,,samsung,,picture,aires-acondicionados/img/logo_zervitecnics.png,sí,31,png,560,120,sí,sí,sí,Zervitecnics,sí,no,181,676
aires-acondicionados/mantenimiento-marcas/samsung.html,mantenimiento/marca,,samsung,,picture,aires-acondicionados/img/logo_zervitecnics.png,sí,31,png,560,120,sí,sí,sí,Zervitecnics,no,no,423,676
aires-acondicionados/mantenimiento-marcas/samsung.html,mantenimiento/marca,,samsung,,og:image,aires-acondicionados/img/tecnico-limpieza-filtro.jpg,sí,184,jpg,1448,1086,no,sí,,,,,42,1
aires-acondicionados/mantenimiento-marcas/toshiba.html,mantenimiento/marca,,toshiba,,picture,aires-acondicionados/img/logo_zervitecnics.png,sí,31,png,560,120,sí,sí,sí,Zervitecnics,sí,no,181,676
aires-acondicionados/mantenimiento-marcas/toshiba.html,mantenimiento/marca,,toshiba,,picture,aires-acondicionados/img/logo_zervitecnics.png,sí,31,png,560,120,sí,sí,sí,Zervitecnics,no,no,423,676
aires-acondicionados/mantenimiento-marcas/toshiba.html,mantenimiento/marca,,toshiba,,og:image,aires-acondicionados/img/tecnico-limpieza-filtro.jpg,sí,184,jpg,1448,1086,no,sí,,,,,42,1
aires-acondicionados/mantenimiento-zonas/badalona.html,mantenimiento/zona,Badalona,,,picture,aires-acondicionados/img/logo_zervitecnics.png,sí,31,png,560,120,sí,sí,sí,Zervitecnics,sí,no,178,676
aires-acondicionados/mantenimiento-zonas/badalona.html,mantenimiento/zona,Badalona,,,picture,aires-acondicionados/img/logo_zervitecnics.png,sí,31,png,560,120,sí,sí,sí,Zervitecnics,no,no,419,676
aires-acondicionados/mantenimiento-zonas/badalona.html,mantenimiento/zona,Badalona,,,og:image,aires-acondicionados/img/tecnico-limpieza-filtro.jpg,sí,184,jpg,1448,1086,no,sí,,,,,42,1
aires-acondicionados/mantenimiento-zonas/castelldefels.html,mantenimiento/zona,Castelldefels,,,picture,aires-acondicionados/img/logo_zervitecnics.png,sí,31,png,560,120,sí,sí,sí,Zervitecnics,sí,no,178,676
aires-acondicionados/mantenimiento-zonas/castelldefels.html,mantenimiento/zona,Castelldefels,,,picture,aires-acondicionados/img/logo_zervitecnics.png,sí,31,png,560,120,sí,sí,sí,Zervitecnics,no,no,419,676
aires-acondicionados/mantenimiento-zonas/castelldefels.html,mantenimiento/zona,Castelldefels,,,og:image,aires-acondicionados/img/tecnico-limpieza-filtro.jpg,sí,184,jpg,1448,1086,no,sí,,,,,42,1
aires-acondicionados/mantenimiento-zonas/cornella.html,mantenimiento/zona,cornella,,,picture,aires-acondicionados/img/logo_zervitecnics.png,sí,31,png,560,120,sí,sí,sí,Zervitecnics,sí,no,178,676
aires-acondicionados/mantenimiento-zonas/cornella.html,mantenimiento/zona,cornella,,,picture,aires-acondicionados/img/logo_zervitecnics.png,sí,31,png,560,120,sí,sí,sí,Zervitecnics,no,no,419,676
aires-acondicionados/mantenimiento-zonas/cornella.html,mantenimiento/zona,cornella,,,og:image,aires-acondicionados/img/tecnico-limpieza-filtro.jpg,sí,184,jpg,1448,1086,no,sí,,,,,42,1
aires-acondicionados/mantenimiento-zonas/eixample.html,mantenimiento/zona,eixample,,,picture,aires-acondicionados/img/logo_zervitecnics.png,sí,31,png,560,120,sí,sí,sí,Zervitecnics,sí,no,178,676
aires-acondicionados/mantenimiento-zonas/eixample.html,mantenimiento/zona,eixample,,,picture,aires-acondicionados/img/logo_zervitecnics.png,sí,31,png,560,120,sí,sí,sí,Zervitecnics,no,no,419,676
aires-acondicionados/mantenimiento-zonas/eixample.html,mantenimiento/zona,eixample,,,og:image,aires-acondicionados/img/tecnico-limpieza-filtro.jpg,sí,184,jpg,1448,1086,no,sí,,,,,42,1
aires-acondicionados/mantenimiento-zonas/gracia.html,mantenimiento/zona,gracia,,,picture,aires-acondicionados/img/logo_zervitecnics.png,sí,31,png,560,120,sí,sí,sí,Zervitecnics,sí,no,178,676
aires-acondicionados/mantenimiento-zonas/gracia.html,mantenimiento/zona,gracia,,,picture,aires-acondicionados/img/logo_zervitecnics.png,sí,31,png,560,120,sí,sí,sí,Zervitecnics,no,no,419,676
aires-acondicionados/mantenimiento-zonas/gracia.html,mantenimiento/zona,gracia,,,og:image,aires-acondicionados/img/tecnico-limpieza-filtro.jpg,sí,184,jpg,1448,1086,no,sí,,,,,42,1
aires-acondicionados/mantenimiento-zonas/hospitalet.html,mantenimiento/zona,hospitalet,,,picture,aires-acondicionados/img/logo_zervitecnics.png,sí,31,png,560,120,sí,sí,sí,Zervitecnics,sí,no,178,676
aires-acondicionados/mantenimiento-zonas/hospitalet.html,mantenimiento/zona,hospitalet,,,picture,aires-acondicionados/img/logo_zervitecnics.png,sí,31,png,560,120,sí,sí,sí,Zervitecnics,no,no,419,676
aires-acondicionados/mantenimiento-zonas/hospitalet.html,mantenimiento/zona,hospitalet,,,og:image,aires-acondicionados/img/tecnico-limpieza-filtro.jpg,sí,184,jpg,1448,1086,no,sí,,,,,42,1
aires-acondicionados/mantenimiento-zonas/les-corts.html,mantenimiento/zona,les-corts,,,picture,aires-acondicionados/img/logo_zervitecnics.png,sí,31,png,560,120,sí,sí,sí,Zervitecnics,sí,no,178,676
aires-acondicionados/mantenimiento-zonas/les-corts.html,mantenimiento/zona,les-corts,,,picture,aires-acondicionados/img/logo_zervitecnics.png,sí,31,png,560,120,sí,sí,sí,Zervitecnics,no,no,419,676
aires-acondicionados/mantenimiento-zonas/les-corts.html,mantenimiento/zona,les-corts,,,og:image,aires-acondicionados/img/tecnico-limpieza-filtro.jpg,sí,184,jpg,1448,1086,no,sí,,,,,42,1
aires-acondicionados/mantenimiento-zonas/nou-barris.html,mantenimiento/zona,nou-barris,,,picture,aires-acondicionados/img/logo_zervitecnics.png,sí,31,png,560,120,sí,sí,sí,Zervitecnics,sí,no,178,676
aires-acondicionados/mantenimiento-zonas/nou-barris.html,mantenimiento/zona,nou-barris,,,picture,aires-acondicionados/img/logo_zervitecnics.png,sí,31,png,560,120,sí,sí,sí,Zervitecnics,no,no,419,676
aires-acondicionados/mantenimiento-zonas/nou-barris.html,mantenimiento/zona,nou-barris,,,og:image,aires-acondicionados/img/tecnico-limpieza-filtro.jpg,sí,184,jpg,1448,1086,no,sí,,,,,42,1
aires-acondicionados/mantenimiento-zonas/sabadell.html,mantenimiento/zona,Sabadell,,,picture,aires-acondicionados/img/logo_zervitecnics.png,sí,31,png,560,120,sí,sí,sí,Zervitecnics,sí,no,178,676
aires-acondicionados/mantenimiento-zonas/sabadell.html,mantenimiento/zona,Sabadell,,,picture,aires-acondicionados/img/logo_zervitecnics.png,sí,31,png,560,120,sí,sí,sí,Zervitecnics,no,no,419,676
aires-acondicionados/mantenimiento-zonas/sabadell.html,mantenimiento/zona,Sabadell,,,og:image,aires-acondicionados/img/tecnico-limpieza-filtro.jpg,sí,184,jpg,1448,1086,no,sí,,,,,42,1
aires-acondicionados/mantenimiento-zonas/sant-andreu.html,mantenimiento/zona,sant-andreu,,,picture,aires-acondicionados/img/logo_zervitecnics.png,sí,31,png,560,120,sí,sí,sí,Zervitecnics,sí,no,178,676
aires-acondicionados/mantenimiento-zonas/sant-andreu.html,mantenimiento/zona,sant-andreu,,,picture,aires-acondicionados/img/logo_zervitecnics.png,sí,31,png,560,120,sí,sí,sí,Zervitecnics,no,no,419,676
aires-acondicionados/mantenimiento-zonas/sant-andreu.html,mantenimiento/zona,sant-andreu,,,og:image,aires-acondicionados/img/tecnico-limpieza-filtro.jpg,sí,184,jpg,1448,1086,no,sí,,,,,42,1
aires-acondicionados/mantenimiento-zonas/sant-cugat.html,mantenimiento/zona,sant-cugat,,,picture,aires-acondicionados/img/logo_zervitecnics.png,sí,31,png,560,120,sí,sí,sí,Zervitecnics,sí,no,178,676
aires-acondicionados/mantenimiento-zonas/sant-cugat.html,mantenimiento/zona,sant-cugat,,,picture,aires-acondicionados/img/logo_zervitecnics.png,sí,31,png,560,120,sí,sí,sí,Zervitecnics,no,no,419,676
aires-acondicionados/mantenimiento-zonas/sant-cugat.html,mantenimiento/zona,sant-cugat,,,og:image,aires-acondicionados/img/tecnico-limpieza-filtro.jpg,sí,184,jpg,1448,1086,no,sí,,,,,42,1
aires-acondicionados/mantenimiento-zonas/sant-marti.html,mantenimiento/zona,sant-marti,,,picture,aires-acondicionados/img/logo_zervitecnics.png,sí,31,png,560,120,sí,sí,sí,Zervitecnics,sí,no,178,676
aires-acondicionados/mantenimiento-zonas/sant-marti.html,mantenimiento/zona,sant-marti,,,picture,aires-acondicionados/img/logo_zervitecnics.png,sí,31,png,560,120,sí,sí,sí,Zervitecnics,no,no,419,676
aires-acondicionados/mantenimiento-zonas/sant-marti.html,mantenimiento/zona,sant-marti,,,og:image,aires-acondicionados/img/tecnico-limpieza-filtro.jpg,sí,184,jpg,1448,1086,no,sí,,,,,42,1
aires-acondicionados/mantenimiento-zonas/sants.html,mantenimiento/zona,sants,,,picture,aires-acondicionados/img/logo_zervitecnics.png,sí,31,png,560,120,sí,sí,sí,Zervitecnics,sí,no,178,676
aires-acondicionados/mantenimiento-zonas/sants.html,mantenimiento/zona,sants,,,picture,aires-acondicionados/img/logo_zervitecnics.png,sí,31,png,560,120,sí,sí,sí,Zervitecnics,no,no,419,676
aires-acondicionados/mantenimiento-zonas/sants.html,mantenimiento/zona,sants,,,og:image,aires-acondicionados/img/tecnico-limpieza-filtro.jpg,sí,184,jpg,1448,1086,no,sí,,,,,42,1
aires-acondicionados/mantenimiento-zonas/sarria.html,mantenimiento/zona,sarria,,,picture,aires-acondicionados/img/logo_zervitecnics.png,sí,31,png,560,120,sí,sí,sí,Zervitecnics,sí,no,178,676
aires-acondicionados/mantenimiento-zonas/sarria.html,mantenimiento/zona,sarria,,,picture,aires-acondicionados/img/logo_zervitecnics.png,sí,31,png,560,120,sí,sí,sí,Zervitecnics,no,no,419,676
aires-acondicionados/mantenimiento-zonas/sarria.html,mantenimiento/zona,sarria,,,og:image,aires-acondicionados/img/tecnico-limpieza-filtro.jpg,sí,184,jpg,1448,1086,no,sí,,,,,42,1
aires-acondicionados/mantenimiento-zonas/terrassa.html,mantenimiento/zona,Terrassa,,,picture,aires-acondicionados/img/logo_zervitecnics.png,sí,31,png,560,120,sí,sí,sí,Zervitecnics,sí,no,178,676
aires-acondicionados/mantenimiento-zonas/terrassa.html,mantenimiento/zona,Terrassa,,,picture,aires-acondicionados/img/logo_zervitecnics.png,sí,31,png,560,120,sí,sí,sí,Zervitecnics,no,no,419,676
aires-acondicionados/mantenimiento-zonas/terrassa.html,mantenimiento/zona,Terrassa,,,og:image,aires-acondicionados/img/tecnico-limpieza-filtro.jpg,sí,184,jpg,1448,1086,no,sí,,,,,42,1
aires-acondicionados/mantenimiento.html,servicio,,,,picture,aires-acondicionados/img/logo_zervitecnics.png,sí,31,png,560,120,sí,sí,sí,Zervitecnics,sí,no,195,676
aires-acondicionados/mantenimiento.html,servicio,,,,picture,aires-acondicionados/img/tecnico-limpieza-filtro.jpg,sí,184,jpg,1448,1086,sí,sí,sí,Técnico de Zervitecnics limpiando el filtro de un aire acondicionado en Barcelona,sí,no,222,1
aires-acondicionados/mantenimiento.html,servicio,,,,picture,aires-acondicionados/img/logo_zervitecnics.png,sí,31,png,560,120,sí,sí,sí,Zervitecnics,no,no,528,676
aires-acondicionados/mantenimiento.html,servicio,,,,og:image,aires-acondicionados/img/tecnico-limpieza-filtro.jpg,sí,184,jpg,1448,1086,no,sí,,,,,42,1
aires-acondicionados/marcas/daikin-2000-frigorias.html,marca/capacidad,,daikin,2000,picture,aires-acondicionados/img/logo_zervitecnics.png,sí,31,png,560,120,sí,sí,sí,Zervitecnics,sí,no,99,676
aires-acondicionados/marcas/daikin-2000-frigorias.html,marca/capacidad,,daikin,2000,picture,aires-acondicionados/img/hero_split.jpg,sí,91,jpg,1200,900,sí,sí,sí,Instalación Daikin 2000 frigorías Barcelona,no,sí,126,621
aires-acondicionados/marcas/daikin-2000-frigorias.html,marca/capacidad,,daikin,2000,picture,aires-acondicionados/img/logo_zervitecnics.png,sí,31,png,560,120,sí,sí,sí,Zervitecnics,no,no,271,676
aires-acondicionados/marcas/daikin-2000-frigorias.html,marca/capacidad,,daikin,2000,og:image,aires-acondicionados/img/hero_main.jpg,sí,115,jpg,1400,787,no,sí,,,,,41,5
aires-acondicionados/marcas/daikin-2500-frigorias.html,marca/capacidad,,daikin,2500,picture,aires-acondicionados/img/logo_zervitecnics.png,sí,31,png,560,120,sí,sí,sí,Zervitecnics,sí,no,99,676
aires-acondicionados/marcas/daikin-2500-frigorias.html,marca/capacidad,,daikin,2500,picture,aires-acondicionados/img/hero_split.jpg,sí,91,jpg,1200,900,sí,sí,sí,Instalación Daikin 2500 frigorías Barcelona,no,sí,126,621
aires-acondicionados/marcas/daikin-2500-frigorias.html,marca/capacidad,,daikin,2500,picture,aires-acondicionados/img/logo_zervitecnics.png,sí,31,png,560,120,sí,sí,sí,Zervitecnics,no,no,271,676
aires-acondicionados/marcas/daikin-2500-frigorias.html,marca/capacidad,,daikin,2500,og:image,aires-acondicionados/img/hero_main.jpg,sí,115,jpg,1400,787,no,sí,,,,,41,5
aires-acondicionados/marcas/daikin-4500-frigorias.html,marca/capacidad,,daikin,4500,picture,aires-acondicionados/img/logo_zervitecnics.png,sí,31,png,560,120,sí,sí,sí,Zervitecnics,sí,no,99,676
aires-acondicionados/marcas/daikin-4500-frigorias.html,marca/capacidad,,daikin,4500,picture,aires-acondicionados/img/hero_split.jpg,sí,91,jpg,1200,900,sí,sí,sí,Instalación Daikin 4500 frigorías Barcelona,no,sí,126,621
aires-acondicionados/marcas/daikin-4500-frigorias.html,marca/capacidad,,daikin,4500,picture,aires-acondicionados/img/logo_zervitecnics.png,sí,31,png,560,120,sí,sí,sí,Zervitecnics,no,no,271,676
aires-acondicionados/marcas/daikin-4500-frigorias.html,marca/capacidad,,daikin,4500,og:image,aires-acondicionados/img/hero_main.jpg,sí,115,jpg,1400,787,no,sí,,,,,41,5
aires-acondicionados/marcas/daikin-6000-frigorias.html,marca/capacidad,,daikin,6000,picture,aires-acondicionados/img/logo_zervitecnics.png,sí,31,png,560,120,sí,sí,sí,Zervitecnics,sí,no,99,676
aires-acondicionados/marcas/daikin-6000-frigorias.html,marca/capacidad,,daikin,6000,picture,aires-acondicionados/img/hero_split.jpg,sí,91,jpg,1200,900,sí,sí,sí,Instalación Daikin 6000 frigorías Barcelona,no,sí,126,621
aires-acondicionados/marcas/daikin-6000-frigorias.html,marca/capacidad,,daikin,6000,picture,aires-acondicionados/img/logo_zervitecnics.png,sí,31,png,560,120,sí,sí,sí,Zervitecnics,no,no,271,676
aires-acondicionados/marcas/daikin-6000-frigorias.html,marca/capacidad,,daikin,6000,og:image,aires-acondicionados/img/hero_main.jpg,sí,115,jpg,1400,787,no,sí,,,,,41,5
aires-acondicionados/marcas/daikin-arenys-de-mar.html,marca/ciudad,Arenys de Mar,daikin,,picture,aires-acondicionados/img/logo_zervitecnics.png,sí,31,png,560,120,sí,sí,sí,Zervitecnics,sí,no,140,676
aires-acondicionados/marcas/daikin-arenys-de-mar.html,marca/ciudad,Arenys de Mar,daikin,,picture,aires-acondicionados/img/hero_split.jpg,sí,91,jpg,1200,900,sí,sí,sí,Daikin en Arenys de Mar,no,sí,167,621
aires-acondicionados/marcas/daikin-arenys-de-mar.html,marca/ciudad,Arenys de Mar,daikin,,picture,aires-acondicionados/img/logo_zervitecnics.png,sí,31,png,560,120,sí,sí,sí,Zervitecnics,no,no,345,676
aires-acondicionados/marcas/daikin-arenys-de-mar.html,marca/ciudad,Arenys de Mar,daikin,,og:image,aires-acondicionados/img/hero_main.jpg,sí,115,jpg,1400,787,no,sí,,,,,41,5
aires-acondicionados/marcas/daikin-argentona.html,marca/ciudad,Argentona,daikin,,picture,aires-acondicionados/img/logo_zervitecnics.png,sí,31,png,560,120,sí,sí,sí,Zervitecnics,sí,no,140,676
aires-acondicionados/marcas/daikin-argentona.html,marca/ciudad,Argentona,daikin,,picture,aires-acondicionados/img/hero_split.jpg,sí,91,jpg,1200,900,sí,sí,sí,Daikin en Argentona,no,sí,167,621
aires-acondicionados/marcas/daikin-argentona.html,marca/ciudad,Argentona,daikin,,picture,aires-acondicionados/img/logo_zervitecnics.png,sí,31,png,560,120,sí,sí,sí,Zervitecnics,no,no,345,676
aires-acondicionados/marcas/daikin-argentona.html,marca/ciudad,Argentona,daikin,,og:image,aires-acondicionados/img/hero_main.jpg,sí,115,jpg,1400,787,no,sí,,,,,41,5
aires-acondicionados/marcas/daikin-badalona.html,marca/ciudad,Badalona,daikin,,picture,aires-acondicionados/img/logo_zervitecnics.png,sí,31,png,560,120,sí,sí,sí,Zervitecnics,sí,no,140,676
aires-acondicionados/marcas/daikin-badalona.html,marca/ciudad,Badalona,daikin,,picture,aires-acondicionados/img/hero_split.jpg,sí,91,jpg,1200,900,sí,sí,sí,Daikin en Badalona,no,sí,167,621
aires-acondicionados/marcas/daikin-badalona.html,marca/ciudad,Badalona,daikin,,picture,aires-acondicionados/img/logo_zervitecnics.png,sí,31,png,560,120,sí,sí,sí,Zervitecnics,no,no,376,676
aires-acondicionados/marcas/daikin-badalona.html,marca/ciudad,Badalona,daikin,,og:image,aires-acondicionados/img/hero_main.jpg,sí,115,jpg,1400,787,no,sí,,,,,41,5
aires-acondicionados/marcas/daikin-barbera-del-valles.html,marca/ciudad,Barberà del Vallès,daikin,,picture,aires-acondicionados/img/logo_zervitecnics.png,sí,31,png,560,120,sí,sí,sí,Zervitecnics,sí,no,140,676
aires-acondicionados/marcas/daikin-barbera-del-valles.html,marca/ciudad,Barberà del Vallès,daikin,,picture,aires-acondicionados/img/hero_split.jpg,sí,91,jpg,1200,900,sí,sí,sí,Daikin en Barberà del Vallès,no,sí,167,621
aires-acondicionados/marcas/daikin-barbera-del-valles.html,marca/ciudad,Barberà del Vallès,daikin,,picture,aires-acondicionados/img/logo_zervitecnics.png,sí,31,png,560,120,sí,sí,sí,Zervitecnics,no,no,345,676
aires-acondicionados/marcas/daikin-barbera-del-valles.html,marca/ciudad,Barberà del Vallès,daikin,,og:image,aires-acondicionados/img/hero_main.jpg,sí,115,jpg,1400,787,no,sí,,,,,41,5
aires-acondicionados/marcas/daikin-barcelona.html,marca/ciudad,Barcelona,daikin,,picture,aires-acondicionados/img/logo_zervitecnics.png,sí,31,png,560,120,sí,sí,sí,Zervitecnics,sí,no,140,676
aires-acondicionados/marcas/daikin-barcelona.html,marca/ciudad,Barcelona,daikin,,picture,aires-acondicionados/img/hero_split.jpg,sí,91,jpg,1200,900,sí,sí,sí,Daikin en Barcelona,no,sí,167,621
aires-acondicionados/marcas/daikin-barcelona.html,marca/ciudad,Barcelona,daikin,,picture,aires-acondicionados/img/logo_zervitecnics.png,sí,31,png,560,120,sí,sí,sí,Zervitecnics,no,no,375,676
aires-acondicionados/marcas/daikin-barcelona.html,marca/ciudad,Barcelona,daikin,,og:image,aires-acondicionados/img/hero_main.jpg,sí,115,jpg,1400,787,no,sí,,,,,41,5
aires-acondicionados/marcas/daikin-cabrils.html,marca/ciudad,Cabrils,daikin,,picture,aires-acondicionados/img/logo_zervitecnics.png,sí,31,png,560,120,sí,sí,sí,Zervitecnics,sí,no,140,676
aires-acondicionados/marcas/daikin-cabrils.html,marca/ciudad,Cabrils,daikin,,picture,aires-acondicionados/img/hero_split.jpg,sí,91,jpg,1200,900,sí,sí,sí,Daikin en Cabrils,no,sí,167,621
aires-acondicionados/marcas/daikin-cabrils.html,marca/ciudad,Cabrils,daikin,,picture,aires-acondicionados/img/logo_zervitecnics.png,sí,31,png,560,120,sí,sí,sí,Zervitecnics,no,no,345,676
aires-acondicionados/marcas/daikin-cabrils.html,marca/ciudad,Cabrils,daikin,,og:image,aires-acondicionados/img/hero_main.jpg,sí,115,jpg,1400,787,no,sí,,,,,41,5
aires-acondicionados/marcas/daikin-caldes-de-montbui.html,marca/ciudad,Caldes de Montbui,daikin,,picture,aires-acondicionados/img/logo_zervitecnics.png,sí,31,png,560,120,sí,sí,sí,Zervitecnics,sí,no,140,676
aires-acondicionados/marcas/daikin-caldes-de-montbui.html,marca/ciudad,Caldes de Montbui,daikin,,picture,aires-acondicionados/img/hero_split.jpg,sí,91,jpg,1200,900,sí,sí,sí,Daikin en Caldes de Montbui,no,sí,167,621
aires-acondicionados/marcas/daikin-caldes-de-montbui.html,marca/ciudad,Caldes de Montbui,daikin,,picture,aires-acondicionados/img/logo_zervitecnics.png,sí,31,png,560,120,sí,sí,sí,Zervitecnics,no,no,345,676
aires-acondicionados/marcas/daikin-caldes-de-montbui.html,marca/ciudad,Caldes de Montbui,daikin,,og:image,aires-acondicionados/img/hero_main.jpg,sí,115,jpg,1400,787,no,sí,,,,,41,5
aires-acondicionados/marcas/daikin-calella.html,marca/ciudad,Calella,daikin,,picture,aires-acondicionados/img/logo_zervitecnics.png,sí,31,png,560,120,sí,sí,sí,Zervitecnics,sí,no,140,676
aires-acondicionados/marcas/daikin-calella.html,marca/ciudad,Calella,daikin,,picture,aires-acondicionados/img/hero_split.jpg,sí,91,jpg,1200,900,sí,sí,sí,Daikin en Calella,no,sí,167,621
aires-acondicionados/marcas/daikin-calella.html,marca/ciudad,Calella,daikin,,picture,aires-acondicionados/img/logo_zervitecnics.png,sí,31,png,560,120,sí,sí,sí,Zervitecnics,no,no,345,676
aires-acondicionados/marcas/daikin-calella.html,marca/ciudad,Calella,daikin,,og:image,aires-acondicionados/img/hero_main.jpg,sí,115,jpg,1400,787,no,sí,,,,,41,5
aires-acondicionados/marcas/daikin-canet-de-mar.html,marca/ciudad,Canet de Mar,daikin,,picture,aires-acondicionados/img/logo_zervitecnics.png,sí,31,png,560,120,sí,sí,sí,Zervitecnics,sí,no,140,676
aires-acondicionados/marcas/daikin-canet-de-mar.html,marca/ciudad,Canet de Mar,daikin,,picture,aires-acondicionados/img/hero_split.jpg,sí,91,jpg,1200,900,sí,sí,sí,Daikin en Canet de Mar,no,sí,167,621
aires-acondicionados/marcas/daikin-canet-de-mar.html,marca/ciudad,Canet de Mar,daikin,,picture,aires-acondicionados/img/logo_zervitecnics.png,sí,31,png,560,120,sí,sí,sí,Zervitecnics,no,no,345,676
aires-acondicionados/marcas/daikin-canet-de-mar.html,marca/ciudad,Canet de Mar,daikin,,og:image,aires-acondicionados/img/hero_main.jpg,sí,115,jpg,1400,787,no,sí,,,,,41,5
aires-acondicionados/marcas/daikin-cardedeu.html,marca/ciudad,Cardedeu,daikin,,picture,aires-acondicionados/img/logo_zervitecnics.png,sí,31,png,560,120,sí,sí,sí,Zervitecnics,sí,no,140,676
aires-acondicionados/marcas/daikin-cardedeu.html,marca/ciudad,Cardedeu,daikin,,picture,aires-acondicionados/img/hero_split.jpg,sí,91,jpg,1200,900,sí,sí,sí,Daikin en Cardedeu,no,sí,167,621
aires-acondicionados/marcas/daikin-cardedeu.html,marca/ciudad,Cardedeu,daikin,,picture,aires-acondicionados/img/logo_zervitecnics.png,sí,31,png,560,120,sí,sí,sí,Zervitecnics,no,no,345,676
aires-acondicionados/marcas/daikin-cardedeu.html,marca/ciudad,Cardedeu,daikin,,og:image,aires-acondicionados/img/hero_main.jpg,sí,115,jpg,1400,787,no,sí,,,,,41,5
aires-acondicionados/marcas/daikin-castellar-del-valles.html,marca/ciudad,Castellar del Vallès,daikin,,picture,aires-acondicionados/img/logo_zervitecnics.png,sí,31,png,560,120,sí,sí,sí,Zervitecnics,sí,no,140,676
aires-acondicionados/marcas/daikin-castellar-del-valles.html,marca/ciudad,Castellar del Vallès,daikin,,picture,aires-acondicionados/img/hero_split.jpg,sí,91,jpg,1200,900,sí,sí,sí,Daikin en Castellar del Vallès,no,sí,167,621
aires-acondicionados/marcas/daikin-castellar-del-valles.html,marca/ciudad,Castellar del Vallès,daikin,,picture,aires-acondicionados/img/logo_zervitecnics.png,sí,31,png,560,120,sí,sí,sí,Zervitecnics,no,no,345,676
aires-acondicionados/marcas/daikin-castellar-del-valles.html,marca/ciudad,Castellar del Vallès,daikin,,og:image,aires-acondicionados/img/hero_main.jpg,sí,115,jpg,1400,787,no,sí,,,,,41,5
aires-acondicionados/marcas/daikin-castelldefels.html,marca/ciudad,Castelldefels,daikin,,picture,aires-acondicionados/img/logo_zervitecnics.png,sí,31,png,560,120,sí,sí,sí,Zervitecnics,sí,no,140,676
aires-acondicionados/marcas/daikin-castelldefels.html,marca/ciudad,Castelldefels,daikin,,picture,aires-acondicionados/img/hero_split.jpg,sí,91,jpg,1200,900,sí,sí,sí,Daikin en Castelldefels,no,sí,167,621
aires-acondicionados/marcas/daikin-castelldefels.html,marca/ciudad,Castelldefels,daikin,,picture,aires-acondicionados/img/logo_zervitecnics.png,sí,31,png,560,120,sí,sí,sí,Zervitecnics,no,no,376,676
aires-acondicionados/marcas/daikin-castelldefels.html,marca/ciudad,Castelldefels,daikin,,og:image,aires-acondicionados/img/hero_main.jpg,sí,115,jpg,1400,787,no,sí,,,,,41,5
aires-acondicionados/marcas/daikin-cerdanyola-del-valles.html,marca/ciudad,Cerdanyola del Vallès,daikin,,picture,aires-acondicionados/img/logo_zervitecnics.png,sí,31,png,560,120,sí,sí,sí,Zervitecnics,sí,no,140,676
aires-acondicionados/marcas/daikin-cerdanyola-del-valles.html,marca/ciudad,Cerdanyola del Vallès,daikin,,picture,aires-acondicionados/img/hero_split.jpg,sí,91,jpg,1200,900,sí,sí,sí,Daikin en Cerdanyola del Vallès,no,sí,167,621
aires-acondicionados/marcas/daikin-cerdanyola-del-valles.html,marca/ciudad,Cerdanyola del Vallès,daikin,,picture,aires-acondicionados/img/logo_zervitecnics.png,sí,31,png,560,120,sí,sí,sí,Zervitecnics,no,no,345,676
aires-acondicionados/marcas/daikin-cerdanyola-del-valles.html,marca/ciudad,Cerdanyola del Vallès,daikin,,og:image,aires-acondicionados/img/hero_main.jpg,sí,115,jpg,1400,787,no,sí,,,,,41,5
aires-acondicionados/marcas/daikin-cornella-de-llobregat.html,marca/ciudad,Cornellà de Llobregat,daikin,,picture,aires-acondicionados/img/logo_zervitecnics.png,sí,31,png,560,120,sí,sí,sí,Zervitecnics,sí,no,140,676
aires-acondicionados/marcas/daikin-cornella-de-llobregat.html,marca/ciudad,Cornellà de Llobregat,daikin,,picture,aires-acondicionados/img/hero_split.jpg,sí,91,jpg,1200,900,sí,sí,sí,Daikin en Cornellà de Llobregat,no,sí,167,621
aires-acondicionados/marcas/daikin-cornella-de-llobregat.html,marca/ciudad,Cornellà de Llobregat,daikin,,picture,aires-acondicionados/img/logo_zervitecnics.png,sí,31,png,560,120,sí,sí,sí,Zervitecnics,no,no,376,676
aires-acondicionados/marcas/daikin-cornella-de-llobregat.html,marca/ciudad,Cornellà de Llobregat,daikin,,og:image,aires-acondicionados/img/hero_main.jpg,sí,115,jpg,1400,787,no,sí,,,,,41,5
aires-acondicionados/marcas/daikin-el-masnou.html,marca/ciudad,El Masnou,daikin,,picture,aires-acondicionados/img/logo_zervitecnics.png,sí,31,png,560,120,sí,sí,sí,Zervitecnics,sí,no,140,676
aires-acondicionados/marcas/daikin-el-masnou.html,marca/ciudad,El Masnou,daikin,,picture,aires-acondicionados/img/hero_split.jpg,sí,91,jpg,1200,900,sí,sí,sí,Daikin en El Masnou,no,sí,167,621
aires-acondicionados/marcas/daikin-el-masnou.html,marca/ciudad,El Masnou,daikin,,picture,aires-acondicionados/img/logo_zervitecnics.png,sí,31,png,560,120,sí,sí,sí,Zervitecnics,no,no,345,676
aires-acondicionados/marcas/daikin-el-masnou.html,marca/ciudad,El Masnou,daikin,,og:image,aires-acondicionados/img/hero_main.jpg,sí,115,jpg,1400,787,no,sí,,,,,41,5
aires-acondicionados/marcas/daikin-el-prat-de-llobregat.html,marca/ciudad,El Prat de Llobregat,daikin,,picture,aires-acondicionados/img/logo_zervitecnics.png,sí,31,png,560,120,sí,sí,sí,Zervitecnics,sí,no,140,676
aires-acondicionados/marcas/daikin-el-prat-de-llobregat.html,marca/ciudad,El Prat de Llobregat,daikin,,picture,aires-acondicionados/img/hero_split.jpg,sí,91,jpg,1200,900,sí,sí,sí,Daikin en El Prat de Llobregat,no,sí,167,621
aires-acondicionados/marcas/daikin-el-prat-de-llobregat.html,marca/ciudad,El Prat de Llobregat,daikin,,picture,aires-acondicionados/img/logo_zervitecnics.png,sí,31,png,560,120,sí,sí,sí,Zervitecnics,no,no,375,676
aires-acondicionados/marcas/daikin-el-prat-de-llobregat.html,marca/ciudad,El Prat de Llobregat,daikin,,og:image,aires-acondicionados/img/hero_main.jpg,sí,115,jpg,1400,787,no,sí,,,,,41,5
aires-acondicionados/marcas/daikin-esplugues-de-llobregat.html,marca/ciudad,Esplugues de Llobregat,daikin,,picture,aires-acondicionados/img/logo_zervitecnics.png,sí,31,png,560,120,sí,sí,sí,Zervitecnics,sí,no,140,676
aires-acondicionados/marcas/daikin-esplugues-de-llobregat.html,marca/ciudad,Esplugues de Llobregat,daikin,,picture,aires-acondicionados/img/hero_split.jpg,sí,91,jpg,1200,900,sí,sí,sí,Daikin en Esplugues de Llobregat,no,sí,167,621
aires-acondicionados/marcas/daikin-esplugues-de-llobregat.html,marca/ciudad,Esplugues de Llobregat,daikin,,picture,aires-acondicionados/img/logo_zervitecnics.png,sí,31,png,560,120,sí,sí,sí,Zervitecnics,no,no,375,676
aires-acondicionados/marcas/daikin-esplugues-de-llobregat.html,marca/ciudad,Esplugues de Llobregat,daikin,,og:image,aires-acondicionados/img/hero_main.jpg,sí,115,jpg,1400,787,no,sí,,,,,41,5
aires-acondicionados/marcas/daikin-gava.html,marca/ciudad,Gavà,daikin,,picture,aires-acondicionados/img/logo_zervitecnics.png,sí,31,png,560,120,sí,sí,sí,Zervitecnics,sí,no,140,676
aires-acondicionados/marcas/daikin-gava.html,marca/ciudad,Gavà,daikin,,picture,aires-acondicionados/img/hero_split.jpg,sí,91,jpg,1200,900,sí,sí,sí,Daikin en Gavà,no,sí,167,621
aires-acondicionados/marcas/daikin-gava.html,marca/ciudad,Gavà,daikin,,picture,aires-acondicionados/img/logo_zervitecnics.png,sí,31,png,560,120,sí,sí,sí,Zervitecnics,no,no,375,676
aires-acondicionados/marcas/daikin-gava.html,marca/ciudad,Gavà,daikin,,og:image,aires-acondicionados/img/hero_main.jpg,sí,115,jpg,1400,787,no,sí,,,,,41,5
aires-acondicionados/marcas/daikin-granollers.html,marca/ciudad,Granollers,daikin,,picture,aires-acondicionados/img/logo_zervitecnics.png,sí,31,png,560,120,sí,sí,sí,Zervitecnics,sí,no,140,676
aires-acondicionados/marcas/daikin-granollers.html,marca/ciudad,Granollers,daikin,,picture,aires-acondicionados/img/hero_split.jpg,sí,91,jpg,1200,900,sí,sí,sí,Daikin en Granollers,no,sí,167,621
aires-acondicionados/marcas/daikin-granollers.html,marca/ciudad,Granollers,daikin,,picture,aires-acondicionados/img/logo_zervitecnics.png,sí,31,png,560,120,sí,sí,sí,Zervitecnics,no,no,345,676
aires-acondicionados/marcas/daikin-granollers.html,marca/ciudad,Granollers,daikin,,og:image,aires-acondicionados/img/hero_main.jpg,sí,115,jpg,1400,787,no,sí,,,,,41,5
aires-acondicionados/marcas/daikin-hospitalet-de-llobregat.html,marca/ciudad,L'Hospitalet de Llobregat,daikin,,picture,aires-acondicionados/img/logo_zervitecnics.png,sí,31,png,560,120,sí,sí,sí,Zervitecnics,sí,no,140,676
aires-acondicionados/marcas/daikin-hospitalet-de-llobregat.html,marca/ciudad,L'Hospitalet de Llobregat,daikin,,picture,aires-acondicionados/img/hero_split.jpg,sí,91,jpg,1200,900,sí,sí,sí,Daikin en L'Hospitalet de Llobregat,no,sí,167,621
aires-acondicionados/marcas/daikin-hospitalet-de-llobregat.html,marca/ciudad,L'Hospitalet de Llobregat,daikin,,picture,aires-acondicionados/img/logo_zervitecnics.png,sí,31,png,560,120,sí,sí,sí,Zervitecnics,no,no,376,676
aires-acondicionados/marcas/daikin-hospitalet-de-llobregat.html,marca/ciudad,L'Hospitalet de Llobregat,daikin,,og:image,aires-acondicionados/img/hero_main.jpg,sí,115,jpg,1400,787,no,sí,,,,,41,5
aires-acondicionados/marcas/daikin-la-garriga.html,marca/ciudad,La Garriga,daikin,,picture,aires-acondicionados/img/logo_zervitecnics.png,sí,31,png,560,120,sí,sí,sí,Zervitecnics,sí,no,140,676
aires-acondicionados/marcas/daikin-la-garriga.html,marca/ciudad,La Garriga,daikin,,picture,aires-acondicionados/img/hero_split.jpg,sí,91,jpg,1200,900,sí,sí,sí,Daikin en La Garriga,no,sí,167,621
aires-acondicionados/marcas/daikin-la-garriga.html,marca/ciudad,La Garriga,daikin,,picture,aires-acondicionados/img/logo_zervitecnics.png,sí,31,png,560,120,sí,sí,sí,Zervitecnics,no,no,345,676
aires-acondicionados/marcas/daikin-la-garriga.html,marca/ciudad,La Garriga,daikin,,og:image,aires-acondicionados/img/hero_main.jpg,sí,115,jpg,1400,787,no,sí,,,,,41,5
aires-acondicionados/marcas/daikin-mataro.html,marca/ciudad,Mataró,daikin,,picture,aires-acondicionados/img/logo_zervitecnics.png,sí,31,png,560,120,sí,sí,sí,Zervitecnics,sí,no,140,676
aires-acondicionados/marcas/daikin-mataro.html,marca/ciudad,Mataró,daikin,,picture,aires-acondicionados/img/hero_split.jpg,sí,91,jpg,1200,900,sí,sí,sí,Daikin en Mataró,no,sí,167,621
aires-acondicionados/marcas/daikin-mataro.html,marca/ciudad,Mataró,daikin,,picture,aires-acondicionados/img/logo_zervitecnics.png,sí,31,png,560,120,sí,sí,sí,Zervitecnics,no,no,345,676
aires-acondicionados/marcas/daikin-mataro.html,marca/ciudad,Mataró,daikin,,og:image,aires-acondicionados/img/hero_main.jpg,sí,115,jpg,1400,787,no,sí,,,,,41,5
aires-acondicionados/marcas/daikin-mollet-del-valles.html,marca/ciudad,Mollet del Vallès,daikin,,picture,aires-acondicionados/img/logo_zervitecnics.png,sí,31,png,560,120,sí,sí,sí,Zervitecnics,sí,no,140,676
aires-acondicionados/marcas/daikin-mollet-del-valles.html,marca/ciudad,Mollet del Vallès,daikin,,picture,aires-acondicionados/img/hero_split.jpg,sí,91,jpg,1200,900,sí,sí,sí,Daikin en Mollet del Vallès,no,sí,167,621
aires-acondicionados/marcas/daikin-mollet-del-valles.html,marca/ciudad,Mollet del Vallès,daikin,,picture,aires-acondicionados/img/logo_zervitecnics.png,sí,31,png,560,120,sí,sí,sí,Zervitecnics,no,no,345,676
aires-acondicionados/marcas/daikin-mollet-del-valles.html,marca/ciudad,Mollet del Vallès,daikin,,og:image,aires-acondicionados/img/hero_main.jpg,sí,115,jpg,1400,787,no,sí,,,,,41,5
aires-acondicionados/marcas/daikin-parets-del-valles.html,marca/ciudad,Parets del Vallès,daikin,,picture,aires-acondicionados/img/logo_zervitecnics.png,sí,31,png,560,120,sí,sí,sí,Zervitecnics,sí,no,140,676
aires-acondicionados/marcas/daikin-parets-del-valles.html,marca/ciudad,Parets del Vallès,daikin,,picture,aires-acondicionados/img/hero_split.jpg,sí,91,jpg,1200,900,sí,sí,sí,Daikin en Parets del Vallès,no,sí,167,621
aires-acondicionados/marcas/daikin-parets-del-valles.html,marca/ciudad,Parets del Vallès,daikin,,picture,aires-acondicionados/img/logo_zervitecnics.png,sí,31,png,560,120,sí,sí,sí,Zervitecnics,no,no,345,676
aires-acondicionados/marcas/daikin-parets-del-valles.html,marca/ciudad,Parets del Vallès,daikin,,og:image,aires-acondicionados/img/hero_main.jpg,sí,115,jpg,1400,787,no,sí,,,,,41,5
aires-acondicionados/marcas/daikin-pineda-de-mar.html,marca/ciudad,Pineda de Mar,daikin,,picture,aires-acondicionados/img/logo_zervitecnics.png,sí,31,png,560,120,sí,sí,sí,Zervitecnics,sí,no,140,676
aires-acondicionados/marcas/daikin-pineda-de-mar.html,marca/ciudad,Pineda de Mar,daikin,,picture,aires-acondicionados/img/hero_split.jpg,sí,91,jpg,1200,900,sí,sí,sí,Daikin en Pineda de Mar,no,sí,167,621
aires-acondicionados/marcas/daikin-pineda-de-mar.html,marca/ciudad,Pineda de Mar,daikin,,picture,aires-acondicionados/img/logo_zervitecnics.png,sí,31,png,560,120,sí,sí,sí,Zervitecnics,no,no,345,676
aires-acondicionados/marcas/daikin-pineda-de-mar.html,marca/ciudad,Pineda de Mar,daikin,,og:image,aires-acondicionados/img/hero_main.jpg,sí,115,jpg,1400,787,no,sí,,,,,41,5
aires-acondicionados/marcas/daikin-premia-de-mar.html,marca/ciudad,Premià de Mar,daikin,,picture,aires-acondicionados/img/logo_zervitecnics.png,sí,31,png,560,120,sí,sí,sí,Zervitecnics,sí,no,140,676
aires-acondicionados/marcas/daikin-premia-de-mar.html,marca/ciudad,Premià de Mar,daikin,,picture,aires-acondicionados/img/hero_split.jpg,sí,91,jpg,1200,900,sí,sí,sí,Daikin en Premià de Mar,no,sí,167,621
aires-acondicionados/marcas/daikin-premia-de-mar.html,marca/ciudad,Premià de Mar,daikin,,picture,aires-acondicionados/img/logo_zervitecnics.png,sí,31,png,560,120,sí,sí,sí,Zervitecnics,no,no,345,676
aires-acondicionados/marcas/daikin-premia-de-mar.html,marca/ciudad,Premià de Mar,daikin,,og:image,aires-acondicionados/img/hero_main.jpg,sí,115,jpg,1400,787,no,sí,,,,,41,5
aires-acondicionados/marcas/daikin-rubi.html,marca/ciudad,Rubí,daikin,,picture,aires-acondicionados/img/logo_zervitecnics.png,sí,31,png,560,120,sí,sí,sí,Zervitecnics,sí,no,140,676
aires-acondicionados/marcas/daikin-rubi.html,marca/ciudad,Rubí,daikin,,picture,aires-acondicionados/img/hero_split.jpg,sí,91,jpg,1200,900,sí,sí,sí,Daikin en Rubí,no,sí,167,621
aires-acondicionados/marcas/daikin-rubi.html,marca/ciudad,Rubí,daikin,,picture,aires-acondicionados/img/logo_zervitecnics.png,sí,31,png,560,120,sí,sí,sí,Zervitecnics,no,no,345,676
aires-acondicionados/marcas/daikin-rubi.html,marca/ciudad,Rubí,daikin,,og:image,aires-acondicionados/img/hero_main.jpg,sí,115,jpg,1400,787,no,sí,,,,,41,5
aires-acondicionados/marcas/daikin-sabadell.html,marca/ciudad,Sabadell,daikin,,picture,aires-acondicionados/img/logo_zervitecnics.png,sí,31,png,560,120,sí,sí,sí,Zervitecnics,sí,no,140,676
aires-acondicionados/marcas/daikin-sabadell.html,marca/ciudad,Sabadell,daikin,,picture,aires-acondicionados/img/hero_split.jpg,sí,91,jpg,1200,900,sí,sí,sí,Daikin en Sabadell,no,sí,167,621
aires-acondicionados/marcas/daikin-sabadell.html,marca/ciudad,Sabadell,daikin,,picture,aires-acondicionados/img/logo_zervitecnics.png,sí,31,png,560,120,sí,sí,sí,Zervitecnics,no,no,376,676
aires-acondicionados/marcas/daikin-sabadell.html,marca/ciudad,Sabadell,daikin,,og:image,aires-acondicionados/img/hero_main.jpg,sí,115,jpg,1400,787,no,sí,,,,,41,5
aires-acondicionados/marcas/daikin-sant-adria-de-besos.html,marca/ciudad,Sant Adrià de Besòs,daikin,,picture,aires-acondicionados/img/logo_zervitecnics.png,sí,31,png,560,120,sí,sí,sí,Zervitecnics,sí,no,140,676
aires-acondicionados/marcas/daikin-sant-adria-de-besos.html,marca/ciudad,Sant Adrià de Besòs,daikin,,picture,aires-acondicionados/img/hero_split.jpg,sí,91,jpg,1200,900,sí,sí,sí,Daikin en Sant Adrià de Besòs,no,sí,167,621
aires-acondicionados/marcas/daikin-sant-adria-de-besos.html,marca/ciudad,Sant Adrià de Besòs,daikin,,picture,aires-acondicionados/img/logo_zervitecnics.png,sí,31,png,560,120,sí,sí,sí,Zervitecnics,no,no,375,676
aires-acondicionados/marcas/daikin-sant-adria-de-besos.html,marca/ciudad,Sant Adrià de Besòs,daikin,,og:image,aires-acondicionados/img/hero_main.jpg,sí,115,jpg,1400,787,no,sí,,,,,41,5
aires-acondicionados/marcas/daikin-sant-boi-de-llobregat.html,marca/ciudad,Sant Boi de Llobregat,daikin,,picture,aires-acondicionados/img/logo_zervitecnics.png,sí,31,png,560,120,sí,sí,sí,Zervitecnics,sí,no,140,676
aires-acondicionados/marcas/daikin-sant-boi-de-llobregat.html,marca/ciudad,Sant Boi de Llobregat,daikin,,picture,aires-acondicionados/img/hero_split.jpg,sí,91,jpg,1200,900,sí,sí,sí,Daikin en Sant Boi de Llobregat,no,sí,167,621
aires-acondicionados/marcas/daikin-sant-boi-de-llobregat.html,marca/ciudad,Sant Boi de Llobregat,daikin,,picture,aires-acondicionados/img/logo_zervitecnics.png,sí,31,png,560,120,sí,sí,sí,Zervitecnics,no,no,375,676
aires-acondicionados/marcas/daikin-sant-boi-de-llobregat.html,marca/ciudad,Sant Boi de Llobregat,daikin,,og:image,aires-acondicionados/img/hero_main.jpg,sí,115,jpg,1400,787,no,sí,,,,,41,5
aires-acondicionados/marcas/daikin-sant-celoni.html,marca/ciudad,Sant Celoni,daikin,,picture,aires-acondicionados/img/logo_zervitecnics.png,sí,31,png,560,120,sí,sí,sí,Zervitecnics,sí,no,140,676
aires-acondicionados/marcas/daikin-sant-celoni.html,marca/ciudad,Sant Celoni,daikin,,picture,aires-acondicionados/img/hero_split.jpg,sí,91,jpg,1200,900,sí,sí,sí,Daikin en Sant Celoni,no,sí,167,621
aires-acondicionados/marcas/daikin-sant-celoni.html,marca/ciudad,Sant Celoni,daikin,,picture,aires-acondicionados/img/logo_zervitecnics.png,sí,31,png,560,120,sí,sí,sí,Zervitecnics,no,no,345,676
aires-acondicionados/marcas/daikin-sant-celoni.html,marca/ciudad,Sant Celoni,daikin,,og:image,aires-acondicionados/img/hero_main.jpg,sí,115,jpg,1400,787,no,sí,,,,,41,5
aires-acondicionados/marcas/daikin-sant-cugat-del-valles.html,marca/ciudad,Sant Cugat del Vallès,daikin,,picture,aires-acondicionados/img/logo_zervitecnics.png,sí,31,png,560,120,sí,sí,sí,Zervitecnics,sí,no,140,676
aires-acondicionados/marcas/daikin-sant-cugat-del-valles.html,marca/ciudad,Sant Cugat del Vallès,daikin,,picture,aires-acondicionados/img/hero_split.jpg,sí,91,jpg,1200,900,sí,sí,sí,Daikin en Sant Cugat del Vallès,no,sí,167,621
aires-acondicionados/marcas/daikin-sant-cugat-del-valles.html,marca/ciudad,Sant Cugat del Vallès,daikin,,picture,aires-acondicionados/img/logo_zervitecnics.png,sí,31,png,560,120,sí,sí,sí,Zervitecnics,no,no,376,676
aires-acondicionados/marcas/daikin-sant-cugat-del-valles.html,marca/ciudad,Sant Cugat del Vallès,daikin,,og:image,aires-acondicionados/img/hero_main.jpg,sí,115,jpg,1400,787,no,sí,,,,,41,5
aires-acondicionados/marcas/daikin-sant-joan-despi.html,marca/ciudad,Sant Joan Despí,daikin,,picture,aires-acondicionados/img/logo_zervitecnics.png,sí,31,png,560,120,sí,sí,sí,Zervitecnics,sí,no,140,676
aires-acondicionados/marcas/daikin-sant-joan-despi.html,marca/ciudad,Sant Joan Despí,daikin,,picture,aires-acondicionados/img/hero_split.jpg,sí,91,jpg,1200,900,sí,sí,sí,Daikin en Sant Joan Despí,no,sí,167,621
aires-acondicionados/marcas/daikin-sant-joan-despi.html,marca/ciudad,Sant Joan Despí,daikin,,picture,aires-acondicionados/img/logo_zervitecnics.png,sí,31,png,560,120,sí,sí,sí,Zervitecnics,no,no,375,676
aires-acondicionados/marcas/daikin-sant-joan-despi.html,marca/ciudad,Sant Joan Despí,daikin,,og:image,aires-acondicionados/img/hero_main.jpg,sí,115,jpg,1400,787,no,sí,,,,,41,5
aires-acondicionados/marcas/daikin-sant-just-desvern.html,marca/ciudad,Sant Just Desvern,daikin,,picture,aires-acondicionados/img/logo_zervitecnics.png,sí,31,png,560,120,sí,sí,sí,Zervitecnics,sí,no,140,676
aires-acondicionados/marcas/daikin-sant-just-desvern.html,marca/ciudad,Sant Just Desvern,daikin,,picture,aires-acondicionados/img/hero_split.jpg,sí,91,jpg,1200,900,sí,sí,sí,Daikin en Sant Just Desvern,no,sí,167,621
aires-acondicionados/marcas/daikin-sant-just-desvern.html,marca/ciudad,Sant Just Desvern,daikin,,picture,aires-acondicionados/img/logo_zervitecnics.png,sí,31,png,560,120,sí,sí,sí,Zervitecnics,no,no,375,676
aires-acondicionados/marcas/daikin-sant-just-desvern.html,marca/ciudad,Sant Just Desvern,daikin,,og:image,aires-acondicionados/img/hero_main.jpg,sí,115,jpg,1400,787,no,sí,,,,,41,5
aires-acondicionados/marcas/daikin-sant-quirze-del-valles.html,marca/ciudad,Sant Quirze del Vallès,daikin,,picture,aires-acondicionados/img/logo_zervitecnics.png,sí,31,png,560,120,sí,sí,sí,Zervitecnics,sí,no,140,676
aires-acondicionados/marcas/daikin-sant-quirze-del-valles.html,marca/ciudad,Sant Quirze del Vallès,daikin,,picture,aires-acondicionados/img/hero_split.jpg,sí,91,jpg,1200,900,sí,sí,sí,Daikin en Sant Quirze del Vallès,no,sí,167,621
aires-acondicionados/marcas/daikin-sant-quirze-del-valles.html,marca/ciudad,Sant Quirze del Vallès,daikin,,picture,aires-acondicionados/img/logo_zervitecnics.png,sí,31,png,560,120,sí,sí,sí,Zervitecnics,no,no,345,676
aires-acondicionados/marcas/daikin-sant-quirze-del-valles.html,marca/ciudad,Sant Quirze del Vallès,daikin,,og:image,aires-acondicionados/img/hero_main.jpg,sí,115,jpg,1400,787,no,sí,,,,,41,5
aires-acondicionados/marcas/daikin-santa-coloma-de-gramenet.html,marca/ciudad,Santa Coloma de Gramenet,daikin,,picture,aires-acondicionados/img/logo_zervitecnics.png,sí,31,png,560,120,sí,sí,sí,Zervitecnics,sí,no,140,676
aires-acondicionados/marcas/daikin-santa-coloma-de-gramenet.html,marca/ciudad,Santa Coloma de Gramenet,daikin,,picture,aires-acondicionados/img/hero_split.jpg,sí,91,jpg,1200,900,sí,sí,sí,Daikin en Santa Coloma de Gramenet,no,sí,167,621
aires-acondicionados/marcas/daikin-santa-coloma-de-gramenet.html,marca/ciudad,Santa Coloma de Gramenet,daikin,,picture,aires-acondicionados/img/logo_zervitecnics.png,sí,31,png,560,120,sí,sí,sí,Zervitecnics,no,no,375,676
aires-acondicionados/marcas/daikin-santa-coloma-de-gramenet.html,marca/ciudad,Santa Coloma de Gramenet,daikin,,og:image,aires-acondicionados/img/hero_main.jpg,sí,115,jpg,1400,787,no,sí,,,,,41,5
aires-acondicionados/marcas/daikin-sitges.html,marca/ciudad,Sitges,daikin,,picture,aires-acondicionados/img/logo_zervitecnics.png,sí,31,png,560,120,sí,sí,sí,Zervitecnics,sí,no,140,676
aires-acondicionados/marcas/daikin-sitges.html,marca/ciudad,Sitges,daikin,,picture,aires-acondicionados/img/hero_split.jpg,sí,91,jpg,1200,900,sí,sí,sí,Daikin en Sitges,no,sí,167,621
aires-acondicionados/marcas/daikin-sitges.html,marca/ciudad,Sitges,daikin,,picture,aires-acondicionados/img/logo_zervitecnics.png,sí,31,png,560,120,sí,sí,sí,Zervitecnics,no,no,345,676
aires-acondicionados/marcas/daikin-sitges.html,marca/ciudad,Sitges,daikin,,og:image,aires-acondicionados/img/hero_main.jpg,sí,115,jpg,1400,787,no,sí,,,,,41,5
aires-acondicionados/marcas/daikin-terrassa.html,marca/ciudad,Terrassa,daikin,,picture,aires-acondicionados/img/logo_zervitecnics.png,sí,31,png,560,120,sí,sí,sí,Zervitecnics,sí,no,140,676
aires-acondicionados/marcas/daikin-terrassa.html,marca/ciudad,Terrassa,daikin,,picture,aires-acondicionados/img/hero_split.jpg,sí,91,jpg,1200,900,sí,sí,sí,Daikin en Terrassa,no,sí,167,621
aires-acondicionados/marcas/daikin-terrassa.html,marca/ciudad,Terrassa,daikin,,picture,aires-acondicionados/img/logo_zervitecnics.png,sí,31,png,560,120,sí,sí,sí,Zervitecnics,no,no,376,676
aires-acondicionados/marcas/daikin-terrassa.html,marca/ciudad,Terrassa,daikin,,og:image,aires-acondicionados/img/hero_main.jpg,sí,115,jpg,1400,787,no,sí,,,,,41,5
aires-acondicionados/marcas/daikin-viladecans.html,marca/ciudad,Viladecans,daikin,,picture,aires-acondicionados/img/logo_zervitecnics.png,sí,31,png,560,120,sí,sí,sí,Zervitecnics,sí,no,140,676
aires-acondicionados/marcas/daikin-viladecans.html,marca/ciudad,Viladecans,daikin,,picture,aires-acondicionados/img/hero_split.jpg,sí,91,jpg,1200,900,sí,sí,sí,Daikin en Viladecans,no,sí,167,621
aires-acondicionados/marcas/daikin-viladecans.html,marca/ciudad,Viladecans,daikin,,picture,aires-acondicionados/img/logo_zervitecnics.png,sí,31,png,560,120,sí,sí,sí,Zervitecnics,no,no,375,676
aires-acondicionados/marcas/daikin-viladecans.html,marca/ciudad,Viladecans,daikin,,og:image,aires-acondicionados/img/hero_main.jpg,sí,115,jpg,1400,787,no,sí,,,,,41,5
aires-acondicionados/marcas/daikin-vilassar-de-mar.html,marca/ciudad,Vilassar de Mar,daikin,,picture,aires-acondicionados/img/logo_zervitecnics.png,sí,31,png,560,120,sí,sí,sí,Zervitecnics,sí,no,140,676
aires-acondicionados/marcas/daikin-vilassar-de-mar.html,marca/ciudad,Vilassar de Mar,daikin,,picture,aires-acondicionados/img/hero_split.jpg,sí,91,jpg,1200,900,sí,sí,sí,Daikin en Vilassar de Mar,no,sí,167,621
aires-acondicionados/marcas/daikin-vilassar-de-mar.html,marca/ciudad,Vilassar de Mar,daikin,,picture,aires-acondicionados/img/logo_zervitecnics.png,sí,31,png,560,120,sí,sí,sí,Zervitecnics,no,no,345,676
aires-acondicionados/marcas/daikin-vilassar-de-mar.html,marca/ciudad,Vilassar de Mar,daikin,,og:image,aires-acondicionados/img/hero_main.jpg,sí,115,jpg,1400,787,no,sí,,,,,41,5
aires-acondicionados/marcas/daikin.html,marca/raiz,,daikin,,picture,aires-acondicionados/img/logo_zervitecnics.png,sí,31,png,560,120,sí,sí,sí,Zervitecnics,sí,no,112,676
aires-acondicionados/marcas/daikin.html,marca/raiz,,daikin,,picture,aires-acondicionados/img/hero_split.jpg,sí,91,jpg,1200,900,sí,sí,sí,Instalación Daikin en Barcelona,no,sí,139,621
aires-acondicionados/marcas/daikin.html,marca/raiz,,daikin,,picture,aires-acondicionados/img/logo_zervitecnics.png,sí,31,png,560,120,sí,sí,sí,Zervitecnics,no,no,342,676
aires-acondicionados/marcas/daikin.html,marca/raiz,,daikin,,og:image,aires-acondicionados/img/hero_main.jpg,sí,115,jpg,1400,787,no,sí,,,,,45,5
aires-acondicionados/marcas/fujitsu-2000-frigorias.html,marca/capacidad,,fujitsu,2000,picture,aires-acondicionados/img/logo_zervitecnics.png,sí,31,png,560,120,sí,sí,sí,Zervitecnics,sí,no,99,676
aires-acondicionados/marcas/fujitsu-2000-frigorias.html,marca/capacidad,,fujitsu,2000,picture,aires-acondicionados/img/hero_split.jpg,sí,91,jpg,1200,900,sí,sí,sí,Instalación Fujitsu 2000 frigorías Barcelona,no,sí,126,621
aires-acondicionados/marcas/fujitsu-2000-frigorias.html,marca/capacidad,,fujitsu,2000,picture,aires-acondicionados/img/logo_zervitecnics.png,sí,31,png,560,120,sí,sí,sí,Zervitecnics,no,no,271,676
aires-acondicionados/marcas/fujitsu-2000-frigorias.html,marca/capacidad,,fujitsu,2000,og:image,aires-acondicionados/img/hero_main.jpg,sí,115,jpg,1400,787,no,sí,,,,,41,5
aires-acondicionados/marcas/fujitsu-2500-frigorias.html,marca/capacidad,,fujitsu,2500,picture,aires-acondicionados/img/logo_zervitecnics.png,sí,31,png,560,120,sí,sí,sí,Zervitecnics,sí,no,99,676
aires-acondicionados/marcas/fujitsu-2500-frigorias.html,marca/capacidad,,fujitsu,2500,picture,aires-acondicionados/img/hero_split.jpg,sí,91,jpg,1200,900,sí,sí,sí,Instalación Fujitsu 2500 frigorías Barcelona,no,sí,126,621
aires-acondicionados/marcas/fujitsu-2500-frigorias.html,marca/capacidad,,fujitsu,2500,picture,aires-acondicionados/img/logo_zervitecnics.png,sí,31,png,560,120,sí,sí,sí,Zervitecnics,no,no,271,676
aires-acondicionados/marcas/fujitsu-2500-frigorias.html,marca/capacidad,,fujitsu,2500,og:image,aires-acondicionados/img/hero_main.jpg,sí,115,jpg,1400,787,no,sí,,,,,41,5
aires-acondicionados/marcas/fujitsu-4500-frigorias.html,marca/capacidad,,fujitsu,4500,picture,aires-acondicionados/img/logo_zervitecnics.png,sí,31,png,560,120,sí,sí,sí,Zervitecnics,sí,no,99,676
aires-acondicionados/marcas/fujitsu-4500-frigorias.html,marca/capacidad,,fujitsu,4500,picture,aires-acondicionados/img/hero_split.jpg,sí,91,jpg,1200,900,sí,sí,sí,Instalación Fujitsu 4500 frigorías Barcelona,no,sí,126,621
aires-acondicionados/marcas/fujitsu-4500-frigorias.html,marca/capacidad,,fujitsu,4500,picture,aires-acondicionados/img/logo_zervitecnics.png,sí,31,png,560,120,sí,sí,sí,Zervitecnics,no,no,271,676
aires-acondicionados/marcas/fujitsu-4500-frigorias.html,marca/capacidad,,fujitsu,4500,og:image,aires-acondicionados/img/hero_main.jpg,sí,115,jpg,1400,787,no,sí,,,,,41,5
aires-acondicionados/marcas/fujitsu-6000-frigorias.html,marca/capacidad,,fujitsu,6000,picture,aires-acondicionados/img/logo_zervitecnics.png,sí,31,png,560,120,sí,sí,sí,Zervitecnics,sí,no,99,676
aires-acondicionados/marcas/fujitsu-6000-frigorias.html,marca/capacidad,,fujitsu,6000,picture,aires-acondicionados/img/hero_split.jpg,sí,91,jpg,1200,900,sí,sí,sí,Instalación Fujitsu 6000 frigorías Barcelona,no,sí,126,621
aires-acondicionados/marcas/fujitsu-6000-frigorias.html,marca/capacidad,,fujitsu,6000,picture,aires-acondicionados/img/logo_zervitecnics.png,sí,31,png,560,120,sí,sí,sí,Zervitecnics,no,no,271,676
aires-acondicionados/marcas/fujitsu-6000-frigorias.html,marca/capacidad,,fujitsu,6000,og:image,aires-acondicionados/img/hero_main.jpg,sí,115,jpg,1400,787,no,sí,,,,,41,5
aires-acondicionados/marcas/fujitsu-arenys-de-mar.html,marca/ciudad,Arenys de Mar,fujitsu,,picture,aires-acondicionados/img/logo_zervitecnics.png,sí,31,png,560,120,sí,sí,sí,Zervitecnics,sí,no,140,676
aires-acondicionados/marcas/fujitsu-arenys-de-mar.html,marca/ciudad,Arenys de Mar,fujitsu,,picture,aires-acondicionados/img/hero_split.jpg,sí,91,jpg,1200,900,sí,sí,sí,Fujitsu en Arenys de Mar,no,sí,167,621
aires-acondicionados/marcas/fujitsu-arenys-de-mar.html,marca/ciudad,Arenys de Mar,fujitsu,,picture,aires-acondicionados/img/logo_zervitecnics.png,sí,31,png,560,120,sí,sí,sí,Zervitecnics,no,no,345,676
aires-acondicionados/marcas/fujitsu-arenys-de-mar.html,marca/ciudad,Arenys de Mar,fujitsu,,og:image,aires-acondicionados/img/hero_main.jpg,sí,115,jpg,1400,787,no,sí,,,,,41,5
aires-acondicionados/marcas/fujitsu-argentona.html,marca/ciudad,Argentona,fujitsu,,picture,aires-acondicionados/img/logo_zervitecnics.png,sí,31,png,560,120,sí,sí,sí,Zervitecnics,sí,no,140,676
aires-acondicionados/marcas/fujitsu-argentona.html,marca/ciudad,Argentona,fujitsu,,picture,aires-acondicionados/img/hero_split.jpg,sí,91,jpg,1200,900,sí,sí,sí,Fujitsu en Argentona,no,sí,167,621
aires-acondicionados/marcas/fujitsu-argentona.html,marca/ciudad,Argentona,fujitsu,,picture,aires-acondicionados/img/logo_zervitecnics.png,sí,31,png,560,120,sí,sí,sí,Zervitecnics,no,no,345,676
aires-acondicionados/marcas/fujitsu-argentona.html,marca/ciudad,Argentona,fujitsu,,og:image,aires-acondicionados/img/hero_main.jpg,sí,115,jpg,1400,787,no,sí,,,,,41,5
aires-acondicionados/marcas/fujitsu-badalona.html,marca/ciudad,Badalona,fujitsu,,picture,aires-acondicionados/img/logo_zervitecnics.png,sí,31,png,560,120,sí,sí,sí,Zervitecnics,sí,no,140,676
aires-acondicionados/marcas/fujitsu-badalona.html,marca/ciudad,Badalona,fujitsu,,picture,aires-acondicionados/img/hero_split.jpg,sí,91,jpg,1200,900,sí,sí,sí,Fujitsu en Badalona,no,sí,167,621
aires-acondicionados/marcas/fujitsu-badalona.html,marca/ciudad,Badalona,fujitsu,,picture,aires-acondicionados/img/logo_zervitecnics.png,sí,31,png,560,120,sí,sí,sí,Zervitecnics,no,no,376,676
aires-acondicionados/marcas/fujitsu-badalona.html,marca/ciudad,Badalona,fujitsu,,og:image,aires-acondicionados/img/hero_main.jpg,sí,115,jpg,1400,787,no,sí,,,,,41,5
aires-acondicionados/marcas/fujitsu-barbera-del-valles.html,marca/ciudad,Barberà del Vallès,fujitsu,,picture,aires-acondicionados/img/logo_zervitecnics.png,sí,31,png,560,120,sí,sí,sí,Zervitecnics,sí,no,140,676
aires-acondicionados/marcas/fujitsu-barbera-del-valles.html,marca/ciudad,Barberà del Vallès,fujitsu,,picture,aires-acondicionados/img/hero_split.jpg,sí,91,jpg,1200,900,sí,sí,sí,Fujitsu en Barberà del Vallès,no,sí,167,621
aires-acondicionados/marcas/fujitsu-barbera-del-valles.html,marca/ciudad,Barberà del Vallès,fujitsu,,picture,aires-acondicionados/img/logo_zervitecnics.png,sí,31,png,560,120,sí,sí,sí,Zervitecnics,no,no,345,676
aires-acondicionados/marcas/fujitsu-barbera-del-valles.html,marca/ciudad,Barberà del Vallès,fujitsu,,og:image,aires-acondicionados/img/hero_main.jpg,sí,115,jpg,1400,787,no,sí,,,,,41,5
aires-acondicionados/marcas/fujitsu-barcelona.html,marca/ciudad,Barcelona,fujitsu,,picture,aires-acondicionados/img/logo_zervitecnics.png,sí,31,png,560,120,sí,sí,sí,Zervitecnics,sí,no,140,676
aires-acondicionados/marcas/fujitsu-barcelona.html,marca/ciudad,Barcelona,fujitsu,,picture,aires-acondicionados/img/hero_split.jpg,sí,91,jpg,1200,900,sí,sí,sí,Fujitsu en Barcelona,no,sí,167,621
aires-acondicionados/marcas/fujitsu-barcelona.html,marca/ciudad,Barcelona,fujitsu,,picture,aires-acondicionados/img/logo_zervitecnics.png,sí,31,png,560,120,sí,sí,sí,Zervitecnics,no,no,375,676
aires-acondicionados/marcas/fujitsu-barcelona.html,marca/ciudad,Barcelona,fujitsu,,og:image,aires-acondicionados/img/hero_main.jpg,sí,115,jpg,1400,787,no,sí,,,,,41,5
aires-acondicionados/marcas/fujitsu-cabrils.html,marca/ciudad,Cabrils,fujitsu,,picture,aires-acondicionados/img/logo_zervitecnics.png,sí,31,png,560,120,sí,sí,sí,Zervitecnics,sí,no,140,676
aires-acondicionados/marcas/fujitsu-cabrils.html,marca/ciudad,Cabrils,fujitsu,,picture,aires-acondicionados/img/hero_split.jpg,sí,91,jpg,1200,900,sí,sí,sí,Fujitsu en Cabrils,no,sí,167,621
aires-acondicionados/marcas/fujitsu-cabrils.html,marca/ciudad,Cabrils,fujitsu,,picture,aires-acondicionados/img/logo_zervitecnics.png,sí,31,png,560,120,sí,sí,sí,Zervitecnics,no,no,345,676
aires-acondicionados/marcas/fujitsu-cabrils.html,marca/ciudad,Cabrils,fujitsu,,og:image,aires-acondicionados/img/hero_main.jpg,sí,115,jpg,1400,787,no,sí,,,,,41,5
aires-acondicionados/marcas/fujitsu-caldes-de-montbui.html,marca/ciudad,Caldes de Montbui,fujitsu,,picture,aires-acondicionados/img/logo_zervitecnics.png,sí,31,png,560,120,sí,sí,sí,Zervitecnics,sí,no,140,676
aires-acondicionados/marcas/fujitsu-caldes-de-montbui.html,marca/ciudad,Caldes de Montbui,fujitsu,,picture,aires-acondicionados/img/hero_split.jpg,sí,91,jpg,1200,900,sí,sí,sí,Fujitsu en Caldes de Montbui,no,sí,167,621
aires-acondicionados/marcas/fujitsu-caldes-de-montbui.html,marca/ciudad,Caldes de Montbui,fujitsu,,picture,aires-acondicionados/img/logo_zervitecnics.png,sí,31,png,560,120,sí,sí,sí,Zervitecnics,no,no,345,676
aires-acondicionados/marcas/fujitsu-caldes-de-montbui.html,marca/ciudad,Caldes de Montbui,fujitsu,,og:image,aires-acondicionados/img/hero_main.jpg,sí,115,jpg,1400,787,no,sí,,,,,41,5
aires-acondicionados/marcas/fujitsu-calella.html,marca/ciudad,Calella,fujitsu,,picture,aires-acondicionados/img/logo_zervitecnics.png,sí,31,png,560,120,sí,sí,sí,Zervitecnics,sí,no,140,676
aires-acondicionados/marcas/fujitsu-calella.html,marca/ciudad,Calella,fujitsu,,picture,aires-acondicionados/img/hero_split.jpg,sí,91,jpg,1200,900,sí,sí,sí,Fujitsu en Calella,no,sí,167,621
aires-acondicionados/marcas/fujitsu-calella.html,marca/ciudad,Calella,fujitsu,,picture,aires-acondicionados/img/logo_zervitecnics.png,sí,31,png,560,120,sí,sí,sí,Zervitecnics,no,no,345,676
aires-acondicionados/marcas/fujitsu-calella.html,marca/ciudad,Calella,fujitsu,,og:image,aires-acondicionados/img/hero_main.jpg,sí,115,jpg,1400,787,no,sí,,,,,41,5
aires-acondicionados/marcas/fujitsu-canet-de-mar.html,marca/ciudad,Canet de Mar,fujitsu,,picture,aires-acondicionados/img/logo_zervitecnics.png,sí,31,png,560,120,sí,sí,sí,Zervitecnics,sí,no,140,676
aires-acondicionados/marcas/fujitsu-canet-de-mar.html,marca/ciudad,Canet de Mar,fujitsu,,picture,aires-acondicionados/img/hero_split.jpg,sí,91,jpg,1200,900,sí,sí,sí,Fujitsu en Canet de Mar,no,sí,167,621
aires-acondicionados/marcas/fujitsu-canet-de-mar.html,marca/ciudad,Canet de Mar,fujitsu,,picture,aires-acondicionados/img/logo_zervitecnics.png,sí,31,png,560,120,sí,sí,sí,Zervitecnics,no,no,345,676
aires-acondicionados/marcas/fujitsu-canet-de-mar.html,marca/ciudad,Canet de Mar,fujitsu,,og:image,aires-acondicionados/img/hero_main.jpg,sí,115,jpg,1400,787,no,sí,,,,,41,5
aires-acondicionados/marcas/fujitsu-cardedeu.html,marca/ciudad,Cardedeu,fujitsu,,picture,aires-acondicionados/img/logo_zervitecnics.png,sí,31,png,560,120,sí,sí,sí,Zervitecnics,sí,no,140,676
aires-acondicionados/marcas/fujitsu-cardedeu.html,marca/ciudad,Cardedeu,fujitsu,,picture,aires-acondicionados/img/hero_split.jpg,sí,91,jpg,1200,900,sí,sí,sí,Fujitsu en Cardedeu,no,sí,167,621
aires-acondicionados/marcas/fujitsu-cardedeu.html,marca/ciudad,Cardedeu,fujitsu,,picture,aires-acondicionados/img/logo_zervitecnics.png,sí,31,png,560,120,sí,sí,sí,Zervitecnics,no,no,345,676
aires-acondicionados/marcas/fujitsu-cardedeu.html,marca/ciudad,Cardedeu,fujitsu,,og:image,aires-acondicionados/img/hero_main.jpg,sí,115,jpg,1400,787,no,sí,,,,,41,5
aires-acondicionados/marcas/fujitsu-castellar-del-valles.html,marca/ciudad,Castellar del Vallès,fujitsu,,picture,aires-acondicionados/img/logo_zervitecnics.png,sí,31,png,560,120,sí,sí,sí,Zervitecnics,sí,no,140,676
aires-acondicionados/marcas/fujitsu-castellar-del-valles.html,marca/ciudad,Castellar del Vallès,fujitsu,,picture,aires-acondicionados/img/hero_split.jpg,sí,91,jpg,1200,900,sí,sí,sí,Fujitsu en Castellar del Vallès,no,sí,167,621
aires-acondicionados/marcas/fujitsu-castellar-del-valles.html,marca/ciudad,Castellar del Vallès,fujitsu,,picture,aires-acondicionados/img/logo_zervitecnics.png,sí,31,png,560,120,sí,sí,sí,Zervitecnics,no,no,345,676
aires-acondicionados/marcas/fujitsu-castellar-del-valles.html,marca/ciudad,Castellar del Vallès,fujitsu,,og:image,aires-acondicionados/img/hero_main.jpg,sí,115,jpg,1400,787,no,sí,,,,,41,5
aires-acondicionados/marcas/fujitsu-castelldefels.html,marca/ciudad,Castelldefels,fujitsu,,picture,aires-acondicionados/img/logo_zervitecnics.png,sí,31,png,560,120,sí,sí,sí,Zervitecnics,sí,no,140,676
aires-acondicionados/marcas/fujitsu-castelldefels.html,marca/ciudad,Castelldefels,fujitsu,,picture,aires-acondicionados/img/hero_split.jpg,sí,91,jpg,1200,900,sí,sí,sí,Fujitsu en Castelldefels,no,sí,167,621
aires-acondicionados/marcas/fujitsu-castelldefels.html,marca/ciudad,Castelldefels,fujitsu,,picture,aires-acondicionados/img/logo_zervitecnics.png,sí,31,png,560,120,sí,sí,sí,Zervitecnics,no,no,376,676
aires-acondicionados/marcas/fujitsu-castelldefels.html,marca/ciudad,Castelldefels,fujitsu,,og:image,aires-acondicionados/img/hero_main.jpg,sí,115,jpg,1400,787,no,sí,,,,,41,5
aires-acondicionados/marcas/fujitsu-cerdanyola-del-valles.html,marca/ciudad,Cerdanyola del Vallès,fujitsu,,picture,aires-acondicionados/img/logo_zervitecnics.png,sí,31,png,560,120,sí,sí,sí,Zervitecnics,sí,no,140,676
aires-acondicionados/marcas/fujitsu-cerdanyola-del-valles.html,marca/ciudad,Cerdanyola del Vallès,fujitsu,,picture,aires-acondicionados/img/hero_split.jpg,sí,91,jpg,1200,900,sí,sí,sí,Fujitsu en Cerdanyola del Vallès,no,sí,167,621
aires-acondicionados/marcas/fujitsu-cerdanyola-del-valles.html,marca/ciudad,Cerdanyola del Vallès,fujitsu,,picture,aires-acondicionados/img/logo_zervitecnics.png,sí,31,png,560,120,sí,sí,sí,Zervitecnics,no,no,345,676
aires-acondicionados/marcas/fujitsu-cerdanyola-del-valles.html,marca/ciudad,Cerdanyola del Vallès,fujitsu,,og:image,aires-acondicionados/img/hero_main.jpg,sí,115,jpg,1400,787,no,sí,,,,,41,5
aires-acondicionados/marcas/fujitsu-cornella-de-llobregat.html,marca/ciudad,Cornellà de Llobregat,fujitsu,,picture,aires-acondicionados/img/logo_zervitecnics.png,sí,31,png,560,120,sí,sí,sí,Zervitecnics,sí,no,140,676
aires-acondicionados/marcas/fujitsu-cornella-de-llobregat.html,marca/ciudad,Cornellà de Llobregat,fujitsu,,picture,aires-acondicionados/img/hero_split.jpg,sí,91,jpg,1200,900,sí,sí,sí,Fujitsu en Cornellà de Llobregat,no,sí,167,621
aires-acondicionados/marcas/fujitsu-cornella-de-llobregat.html,marca/ciudad,Cornellà de Llobregat,fujitsu,,picture,aires-acondicionados/img/logo_zervitecnics.png,sí,31,png,560,120,sí,sí,sí,Zervitecnics,no,no,376,676
aires-acondicionados/marcas/fujitsu-cornella-de-llobregat.html,marca/ciudad,Cornellà de Llobregat,fujitsu,,og:image,aires-acondicionados/img/hero_main.jpg,sí,115,jpg,1400,787,no,sí,,,,,41,5
aires-acondicionados/marcas/fujitsu-el-masnou.html,marca/ciudad,El Masnou,fujitsu,,picture,aires-acondicionados/img/logo_zervitecnics.png,sí,31,png,560,120,sí,sí,sí,Zervitecnics,sí,no,140,676
aires-acondicionados/marcas/fujitsu-el-masnou.html,marca/ciudad,El Masnou,fujitsu,,picture,aires-acondicionados/img/hero_split.jpg,sí,91,jpg,1200,900,sí,sí,sí,Fujitsu en El Masnou,no,sí,167,621
aires-acondicionados/marcas/fujitsu-el-masnou.html,marca/ciudad,El Masnou,fujitsu,,picture,aires-acondicionados/img/logo_zervitecnics.png,sí,31,png,560,120,sí,sí,sí,Zervitecnics,no,no,345,676
aires-acondicionados/marcas/fujitsu-el-masnou.html,marca/ciudad,El Masnou,fujitsu,,og:image,aires-acondicionados/img/hero_main.jpg,sí,115,jpg,1400,787,no,sí,,,,,41,5
aires-acondicionados/marcas/fujitsu-el-prat-de-llobregat.html,marca/ciudad,El Prat de Llobregat,fujitsu,,picture,aires-acondicionados/img/logo_zervitecnics.png,sí,31,png,560,120,sí,sí,sí,Zervitecnics,sí,no,140,676
aires-acondicionados/marcas/fujitsu-el-prat-de-llobregat.html,marca/ciudad,El Prat de Llobregat,fujitsu,,picture,aires-acondicionados/img/hero_split.jpg,sí,91,jpg,1200,900,sí,sí,sí,Fujitsu en El Prat de Llobregat,no,sí,167,621
aires-acondicionados/marcas/fujitsu-el-prat-de-llobregat.html,marca/ciudad,El Prat de Llobregat,fujitsu,,picture,aires-acondicionados/img/logo_zervitecnics.png,sí,31,png,560,120,sí,sí,sí,Zervitecnics,no,no,375,676
aires-acondicionados/marcas/fujitsu-el-prat-de-llobregat.html,marca/ciudad,El Prat de Llobregat,fujitsu,,og:image,aires-acondicionados/img/hero_main.jpg,sí,115,jpg,1400,787,no,sí,,,,,41,5
aires-acondicionados/marcas/fujitsu-esplugues-de-llobregat.html,marca/ciudad,Esplugues de Llobregat,fujitsu,,picture,aires-acondicionados/img/logo_zervitecnics.png,sí,31,png,560,120,sí,sí,sí,Zervitecnics,sí,no,140,676
aires-acondicionados/marcas/fujitsu-esplugues-de-llobregat.html,marca/ciudad,Esplugues de Llobregat,fujitsu,,picture,aires-acondicionados/img/hero_split.jpg,sí,91,jpg,1200,900,sí,sí,sí,Fujitsu en Esplugues de Llobregat,no,sí,167,621
aires-acondicionados/marcas/fujitsu-esplugues-de-llobregat.html,marca/ciudad,Esplugues de Llobregat,fujitsu,,picture,aires-acondicionados/img/logo_zervitecnics.png,sí,31,png,560,120,sí,sí,sí,Zervitecnics,no,no,375,676
aires-acondicionados/marcas/fujitsu-esplugues-de-llobregat.html,marca/ciudad,Esplugues de Llobregat,fujitsu,,og:image,aires-acondicionados/img/hero_main.jpg,sí,115,jpg,1400,787,no,sí,,,,,41,5
aires-acondicionados/marcas/fujitsu-gava.html,marca/ciudad,Gavà,fujitsu,,picture,aires-acondicionados/img/logo_zervitecnics.png,sí,31,png,560,120,sí,sí,sí,Zervitecnics,sí,no,140,676
aires-acondicionados/marcas/fujitsu-gava.html,marca/ciudad,Gavà,fujitsu,,picture,aires-acondicionados/img/hero_split.jpg,sí,91,jpg,1200,900,sí,sí,sí,Fujitsu en Gavà,no,sí,167,621
aires-acondicionados/marcas/fujitsu-gava.html,marca/ciudad,Gavà,fujitsu,,picture,aires-acondicionados/img/logo_zervitecnics.png,sí,31,png,560,120,sí,sí,sí,Zervitecnics,no,no,375,676
aires-acondicionados/marcas/fujitsu-gava.html,marca/ciudad,Gavà,fujitsu,,og:image,aires-acondicionados/img/hero_main.jpg,sí,115,jpg,1400,787,no,sí,,,,,41,5
aires-acondicionados/marcas/fujitsu-granollers.html,marca/ciudad,Granollers,fujitsu,,picture,aires-acondicionados/img/logo_zervitecnics.png,sí,31,png,560,120,sí,sí,sí,Zervitecnics,sí,no,140,676
aires-acondicionados/marcas/fujitsu-granollers.html,marca/ciudad,Granollers,fujitsu,,picture,aires-acondicionados/img/hero_split.jpg,sí,91,jpg,1200,900,sí,sí,sí,Fujitsu en Granollers,no,sí,167,621
aires-acondicionados/marcas/fujitsu-granollers.html,marca/ciudad,Granollers,fujitsu,,picture,aires-acondicionados/img/logo_zervitecnics.png,sí,31,png,560,120,sí,sí,sí,Zervitecnics,no,no,345,676
aires-acondicionados/marcas/fujitsu-granollers.html,marca/ciudad,Granollers,fujitsu,,og:image,aires-acondicionados/img/hero_main.jpg,sí,115,jpg,1400,787,no,sí,,,,,41,5
aires-acondicionados/marcas/fujitsu-hospitalet-de-llobregat.html,marca/ciudad,L'Hospitalet de Llobregat,fujitsu,,picture,aires-acondicionados/img/logo_zervitecnics.png,sí,31,png,560,120,sí,sí,sí,Zervitecnics,sí,no,140,676
aires-acondicionados/marcas/fujitsu-hospitalet-de-llobregat.html,marca/ciudad,L'Hospitalet de Llobregat,fujitsu,,picture,aires-acondicionados/img/hero_split.jpg,sí,91,jpg,1200,900,sí,sí,sí,Fujitsu en L'Hospitalet de Llobregat,no,sí,167,621
aires-acondicionados/marcas/fujitsu-hospitalet-de-llobregat.html,marca/ciudad,L'Hospitalet de Llobregat,fujitsu,,picture,aires-acondicionados/img/logo_zervitecnics.png,sí,31,png,560,120,sí,sí,sí,Zervitecnics,no,no,376,676
aires-acondicionados/marcas/fujitsu-hospitalet-de-llobregat.html,marca/ciudad,L'Hospitalet de Llobregat,fujitsu,,og:image,aires-acondicionados/img/hero_main.jpg,sí,115,jpg,1400,787,no,sí,,,,,41,5
aires-acondicionados/marcas/fujitsu-la-garriga.html,marca/ciudad,La Garriga,fujitsu,,picture,aires-acondicionados/img/logo_zervitecnics.png,sí,31,png,560,120,sí,sí,sí,Zervitecnics,sí,no,140,676
aires-acondicionados/marcas/fujitsu-la-garriga.html,marca/ciudad,La Garriga,fujitsu,,picture,aires-acondicionados/img/hero_split.jpg,sí,91,jpg,1200,900,sí,sí,sí,Fujitsu en La Garriga,no,sí,167,621
aires-acondicionados/marcas/fujitsu-la-garriga.html,marca/ciudad,La Garriga,fujitsu,,picture,aires-acondicionados/img/logo_zervitecnics.png,sí,31,png,560,120,sí,sí,sí,Zervitecnics,no,no,345,676
aires-acondicionados/marcas/fujitsu-la-garriga.html,marca/ciudad,La Garriga,fujitsu,,og:image,aires-acondicionados/img/hero_main.jpg,sí,115,jpg,1400,787,no,sí,,,,,41,5
aires-acondicionados/marcas/fujitsu-mataro.html,marca/ciudad,Mataró,fujitsu,,picture,aires-acondicionados/img/logo_zervitecnics.png,sí,31,png,560,120,sí,sí,sí,Zervitecnics,sí,no,140,676
aires-acondicionados/marcas/fujitsu-mataro.html,marca/ciudad,Mataró,fujitsu,,picture,aires-acondicionados/img/hero_split.jpg,sí,91,jpg,1200,900,sí,sí,sí,Fujitsu en Mataró,no,sí,167,621
aires-acondicionados/marcas/fujitsu-mataro.html,marca/ciudad,Mataró,fujitsu,,picture,aires-acondicionados/img/logo_zervitecnics.png,sí,31,png,560,120,sí,sí,sí,Zervitecnics,no,no,345,676
aires-acondicionados/marcas/fujitsu-mataro.html,marca/ciudad,Mataró,fujitsu,,og:image,aires-acondicionados/img/hero_main.jpg,sí,115,jpg,1400,787,no,sí,,,,,41,5
aires-acondicionados/marcas/fujitsu-mollet-del-valles.html,marca/ciudad,Mollet del Vallès,fujitsu,,picture,aires-acondicionados/img/logo_zervitecnics.png,sí,31,png,560,120,sí,sí,sí,Zervitecnics,sí,no,140,676
aires-acondicionados/marcas/fujitsu-mollet-del-valles.html,marca/ciudad,Mollet del Vallès,fujitsu,,picture,aires-acondicionados/img/hero_split.jpg,sí,91,jpg,1200,900,sí,sí,sí,Fujitsu en Mollet del Vallès,no,sí,167,621
aires-acondicionados/marcas/fujitsu-mollet-del-valles.html,marca/ciudad,Mollet del Vallès,fujitsu,,picture,aires-acondicionados/img/logo_zervitecnics.png,sí,31,png,560,120,sí,sí,sí,Zervitecnics,no,no,345,676
aires-acondicionados/marcas/fujitsu-mollet-del-valles.html,marca/ciudad,Mollet del Vallès,fujitsu,,og:image,aires-acondicionados/img/hero_main.jpg,sí,115,jpg,1400,787,no,sí,,,,,41,5
aires-acondicionados/marcas/fujitsu-parets-del-valles.html,marca/ciudad,Parets del Vallès,fujitsu,,picture,aires-acondicionados/img/logo_zervitecnics.png,sí,31,png,560,120,sí,sí,sí,Zervitecnics,sí,no,140,676
aires-acondicionados/marcas/fujitsu-parets-del-valles.html,marca/ciudad,Parets del Vallès,fujitsu,,picture,aires-acondicionados/img/hero_split.jpg,sí,91,jpg,1200,900,sí,sí,sí,Fujitsu en Parets del Vallès,no,sí,167,621
aires-acondicionados/marcas/fujitsu-parets-del-valles.html,marca/ciudad,Parets del Vallès,fujitsu,,picture,aires-acondicionados/img/logo_zervitecnics.png,sí,31,png,560,120,sí,sí,sí,Zervitecnics,no,no,345,676
aires-acondicionados/marcas/fujitsu-parets-del-valles.html,marca/ciudad,Parets del Vallès,fujitsu,,og:image,aires-acondicionados/img/hero_main.jpg,sí,115,jpg,1400,787,no,sí,,,,,41,5
aires-acondicionados/marcas/fujitsu-pineda-de-mar.html,marca/ciudad,Pineda de Mar,fujitsu,,picture,aires-acondicionados/img/logo_zervitecnics.png,sí,31,png,560,120,sí,sí,sí,Zervitecnics,sí,no,140,676
aires-acondicionados/marcas/fujitsu-pineda-de-mar.html,marca/ciudad,Pineda de Mar,fujitsu,,picture,aires-acondicionados/img/hero_split.jpg,sí,91,jpg,1200,900,sí,sí,sí,Fujitsu en Pineda de Mar,no,sí,167,621
aires-acondicionados/marcas/fujitsu-pineda-de-mar.html,marca/ciudad,Pineda de Mar,fujitsu,,picture,aires-acondicionados/img/logo_zervitecnics.png,sí,31,png,560,120,sí,sí,sí,Zervitecnics,no,no,345,676
aires-acondicionados/marcas/fujitsu-pineda-de-mar.html,marca/ciudad,Pineda de Mar,fujitsu,,og:image,aires-acondicionados/img/hero_main.jpg,sí,115,jpg,1400,787,no,sí,,,,,41,5
aires-acondicionados/marcas/fujitsu-premia-de-mar.html,marca/ciudad,Premià de Mar,fujitsu,,picture,aires-acondicionados/img/logo_zervitecnics.png,sí,31,png,560,120,sí,sí,sí,Zervitecnics,sí,no,140,676
aires-acondicionados/marcas/fujitsu-premia-de-mar.html,marca/ciudad,Premià de Mar,fujitsu,,picture,aires-acondicionados/img/hero_split.jpg,sí,91,jpg,1200,900,sí,sí,sí,Fujitsu en Premià de Mar,no,sí,167,621
aires-acondicionados/marcas/fujitsu-premia-de-mar.html,marca/ciudad,Premià de Mar,fujitsu,,picture,aires-acondicionados/img/logo_zervitecnics.png,sí,31,png,560,120,sí,sí,sí,Zervitecnics,no,no,345,676
aires-acondicionados/marcas/fujitsu-premia-de-mar.html,marca/ciudad,Premià de Mar,fujitsu,,og:image,aires-acondicionados/img/hero_main.jpg,sí,115,jpg,1400,787,no,sí,,,,,41,5
aires-acondicionados/marcas/fujitsu-rubi.html,marca/ciudad,Rubí,fujitsu,,picture,aires-acondicionados/img/logo_zervitecnics.png,sí,31,png,560,120,sí,sí,sí,Zervitecnics,sí,no,140,676
aires-acondicionados/marcas/fujitsu-rubi.html,marca/ciudad,Rubí,fujitsu,,picture,aires-acondicionados/img/hero_split.jpg,sí,91,jpg,1200,900,sí,sí,sí,Fujitsu en Rubí,no,sí,167,621
aires-acondicionados/marcas/fujitsu-rubi.html,marca/ciudad,Rubí,fujitsu,,picture,aires-acondicionados/img/logo_zervitecnics.png,sí,31,png,560,120,sí,sí,sí,Zervitecnics,no,no,345,676
aires-acondicionados/marcas/fujitsu-rubi.html,marca/ciudad,Rubí,fujitsu,,og:image,aires-acondicionados/img/hero_main.jpg,sí,115,jpg,1400,787,no,sí,,,,,41,5
aires-acondicionados/marcas/fujitsu-sabadell.html,marca/ciudad,Sabadell,fujitsu,,picture,aires-acondicionados/img/logo_zervitecnics.png,sí,31,png,560,120,sí,sí,sí,Zervitecnics,sí,no,140,676
aires-acondicionados/marcas/fujitsu-sabadell.html,marca/ciudad,Sabadell,fujitsu,,picture,aires-acondicionados/img/hero_split.jpg,sí,91,jpg,1200,900,sí,sí,sí,Fujitsu en Sabadell,no,sí,167,621
aires-acondicionados/marcas/fujitsu-sabadell.html,marca/ciudad,Sabadell,fujitsu,,picture,aires-acondicionados/img/logo_zervitecnics.png,sí,31,png,560,120,sí,sí,sí,Zervitecnics,no,no,376,676
aires-acondicionados/marcas/fujitsu-sabadell.html,marca/ciudad,Sabadell,fujitsu,,og:image,aires-acondicionados/img/hero_main.jpg,sí,115,jpg,1400,787,no,sí,,,,,41,5
aires-acondicionados/marcas/fujitsu-sant-adria-de-besos.html,marca/ciudad,Sant Adrià de Besòs,fujitsu,,picture,aires-acondicionados/img/logo_zervitecnics.png,sí,31,png,560,120,sí,sí,sí,Zervitecnics,sí,no,140,676
aires-acondicionados/marcas/fujitsu-sant-adria-de-besos.html,marca/ciudad,Sant Adrià de Besòs,fujitsu,,picture,aires-acondicionados/img/hero_split.jpg,sí,91,jpg,1200,900,sí,sí,sí,Fujitsu en Sant Adrià de Besòs,no,sí,167,621
aires-acondicionados/marcas/fujitsu-sant-adria-de-besos.html,marca/ciudad,Sant Adrià de Besòs,fujitsu,,picture,aires-acondicionados/img/logo_zervitecnics.png,sí,31,png,560,120,sí,sí,sí,Zervitecnics,no,no,375,676
aires-acondicionados/marcas/fujitsu-sant-adria-de-besos.html,marca/ciudad,Sant Adrià de Besòs,fujitsu,,og:image,aires-acondicionados/img/hero_main.jpg,sí,115,jpg,1400,787,no,sí,,,,,41,5
aires-acondicionados/marcas/fujitsu-sant-boi-de-llobregat.html,marca/ciudad,Sant Boi de Llobregat,fujitsu,,picture,aires-acondicionados/img/logo_zervitecnics.png,sí,31,png,560,120,sí,sí,sí,Zervitecnics,sí,no,140,676
aires-acondicionados/marcas/fujitsu-sant-boi-de-llobregat.html,marca/ciudad,Sant Boi de Llobregat,fujitsu,,picture,aires-acondicionados/img/hero_split.jpg,sí,91,jpg,1200,900,sí,sí,sí,Fujitsu en Sant Boi de Llobregat,no,sí,167,621
aires-acondicionados/marcas/fujitsu-sant-boi-de-llobregat.html,marca/ciudad,Sant Boi de Llobregat,fujitsu,,picture,aires-acondicionados/img/logo_zervitecnics.png,sí,31,png,560,120,sí,sí,sí,Zervitecnics,no,no,375,676
aires-acondicionados/marcas/fujitsu-sant-boi-de-llobregat.html,marca/ciudad,Sant Boi de Llobregat,fujitsu,,og:image,aires-acondicionados/img/hero_main.jpg,sí,115,jpg,1400,787,no,sí,,,,,41,5
aires-acondicionados/marcas/fujitsu-sant-celoni.html,marca/ciudad,Sant Celoni,fujitsu,,picture,aires-acondicionados/img/logo_zervitecnics.png,sí,31,png,560,120,sí,sí,sí,Zervitecnics,sí,no,140,676
aires-acondicionados/marcas/fujitsu-sant-celoni.html,marca/ciudad,Sant Celoni,fujitsu,,picture,aires-acondicionados/img/hero_split.jpg,sí,91,jpg,1200,900,sí,sí,sí,Fujitsu en Sant Celoni,no,sí,167,621
aires-acondicionados/marcas/fujitsu-sant-celoni.html,marca/ciudad,Sant Celoni,fujitsu,,picture,aires-acondicionados/img/logo_zervitecnics.png,sí,31,png,560,120,sí,sí,sí,Zervitecnics,no,no,345,676
aires-acondicionados/marcas/fujitsu-sant-celoni.html,marca/ciudad,Sant Celoni,fujitsu,,og:image,aires-acondicionados/img/hero_main.jpg,sí,115,jpg,1400,787,no,sí,,,,,41,5
aires-acondicionados/marcas/fujitsu-sant-cugat-del-valles.html,marca/ciudad,Sant Cugat del Vallès,fujitsu,,picture,aires-acondicionados/img/logo_zervitecnics.png,sí,31,png,560,120,sí,sí,sí,Zervitecnics,sí,no,140,676
aires-acondicionados/marcas/fujitsu-sant-cugat-del-valles.html,marca/ciudad,Sant Cugat del Vallès,fujitsu,,picture,aires-acondicionados/img/hero_split.jpg,sí,91,jpg,1200,900,sí,sí,sí,Fujitsu en Sant Cugat del Vallès,no,sí,167,621
aires-acondicionados/marcas/fujitsu-sant-cugat-del-valles.html,marca/ciudad,Sant Cugat del Vallès,fujitsu,,picture,aires-acondicionados/img/logo_zervitecnics.png,sí,31,png,560,120,sí,sí,sí,Zervitecnics,no,no,376,676
aires-acondicionados/marcas/fujitsu-sant-cugat-del-valles.html,marca/ciudad,Sant Cugat del Vallès,fujitsu,,og:image,aires-acondicionados/img/hero_main.jpg,sí,115,jpg,1400,787,no,sí,,,,,41,5
aires-acondicionados/marcas/fujitsu-sant-joan-despi.html,marca/ciudad,Sant Joan Despí,fujitsu,,picture,aires-acondicionados/img/logo_zervitecnics.png,sí,31,png,560,120,sí,sí,sí,Zervitecnics,sí,no,140,676
aires-acondicionados/marcas/fujitsu-sant-joan-despi.html,marca/ciudad,Sant Joan Despí,fujitsu,,picture,aires-acondicionados/img/hero_split.jpg,sí,91,jpg,1200,900,sí,sí,sí,Fujitsu en Sant Joan Despí,no,sí,167,621
aires-acondicionados/marcas/fujitsu-sant-joan-despi.html,marca/ciudad,Sant Joan Despí,fujitsu,,picture,aires-acondicionados/img/logo_zervitecnics.png,sí,31,png,560,120,sí,sí,sí,Zervitecnics,no,no,375,676
aires-acondicionados/marcas/fujitsu-sant-joan-despi.html,marca/ciudad,Sant Joan Despí,fujitsu,,og:image,aires-acondicionados/img/hero_main.jpg,sí,115,jpg,1400,787,no,sí,,,,,41,5
aires-acondicionados/marcas/fujitsu-sant-just-desvern.html,marca/ciudad,Sant Just Desvern,fujitsu,,picture,aires-acondicionados/img/logo_zervitecnics.png,sí,31,png,560,120,sí,sí,sí,Zervitecnics,sí,no,140,676
aires-acondicionados/marcas/fujitsu-sant-just-desvern.html,marca/ciudad,Sant Just Desvern,fujitsu,,picture,aires-acondicionados/img/hero_split.jpg,sí,91,jpg,1200,900,sí,sí,sí,Fujitsu en Sant Just Desvern,no,sí,167,621
aires-acondicionados/marcas/fujitsu-sant-just-desvern.html,marca/ciudad,Sant Just Desvern,fujitsu,,picture,aires-acondicionados/img/logo_zervitecnics.png,sí,31,png,560,120,sí,sí,sí,Zervitecnics,no,no,375,676
aires-acondicionados/marcas/fujitsu-sant-just-desvern.html,marca/ciudad,Sant Just Desvern,fujitsu,,og:image,aires-acondicionados/img/hero_main.jpg,sí,115,jpg,1400,787,no,sí,,,,,41,5
aires-acondicionados/marcas/fujitsu-sant-quirze-del-valles.html,marca/ciudad,Sant Quirze del Vallès,fujitsu,,picture,aires-acondicionados/img/logo_zervitecnics.png,sí,31,png,560,120,sí,sí,sí,Zervitecnics,sí,no,140,676
aires-acondicionados/marcas/fujitsu-sant-quirze-del-valles.html,marca/ciudad,Sant Quirze del Vallès,fujitsu,,picture,aires-acondicionados/img/hero_split.jpg,sí,91,jpg,1200,900,sí,sí,sí,Fujitsu en Sant Quirze del Vallès,no,sí,167,621
aires-acondicionados/marcas/fujitsu-sant-quirze-del-valles.html,marca/ciudad,Sant Quirze del Vallès,fujitsu,,picture,aires-acondicionados/img/logo_zervitecnics.png,sí,31,png,560,120,sí,sí,sí,Zervitecnics,no,no,345,676
aires-acondicionados/marcas/fujitsu-sant-quirze-del-valles.html,marca/ciudad,Sant Quirze del Vallès,fujitsu,,og:image,aires-acondicionados/img/hero_main.jpg,sí,115,jpg,1400,787,no,sí,,,,,41,5
aires-acondicionados/marcas/fujitsu-santa-coloma-de-gramenet.html,marca/ciudad,Santa Coloma de Gramenet,fujitsu,,picture,aires-acondicionados/img/logo_zervitecnics.png,sí,31,png,560,120,sí,sí,sí,Zervitecnics,sí,no,140,676
aires-acondicionados/marcas/fujitsu-santa-coloma-de-gramenet.html,marca/ciudad,Santa Coloma de Gramenet,fujitsu,,picture,aires-acondicionados/img/hero_split.jpg,sí,91,jpg,1200,900,sí,sí,sí,Fujitsu en Santa Coloma de Gramenet,no,sí,167,621
aires-acondicionados/marcas/fujitsu-santa-coloma-de-gramenet.html,marca/ciudad,Santa Coloma de Gramenet,fujitsu,,picture,aires-acondicionados/img/logo_zervitecnics.png,sí,31,png,560,120,sí,sí,sí,Zervitecnics,no,no,375,676
aires-acondicionados/marcas/fujitsu-santa-coloma-de-gramenet.html,marca/ciudad,Santa Coloma de Gramenet,fujitsu,,og:image,aires-acondicionados/img/hero_main.jpg,sí,115,jpg,1400,787,no,sí,,,,,41,5
aires-acondicionados/marcas/fujitsu-sitges.html,marca/ciudad,Sitges,fujitsu,,picture,aires-acondicionados/img/logo_zervitecnics.png,sí,31,png,560,120,sí,sí,sí,Zervitecnics,sí,no,140,676
aires-acondicionados/marcas/fujitsu-sitges.html,marca/ciudad,Sitges,fujitsu,,picture,aires-acondicionados/img/hero_split.jpg,sí,91,jpg,1200,900,sí,sí,sí,Fujitsu en Sitges,no,sí,167,621
aires-acondicionados/marcas/fujitsu-sitges.html,marca/ciudad,Sitges,fujitsu,,picture,aires-acondicionados/img/logo_zervitecnics.png,sí,31,png,560,120,sí,sí,sí,Zervitecnics,no,no,345,676
aires-acondicionados/marcas/fujitsu-sitges.html,marca/ciudad,Sitges,fujitsu,,og:image,aires-acondicionados/img/hero_main.jpg,sí,115,jpg,1400,787,no,sí,,,,,41,5
aires-acondicionados/marcas/fujitsu-terrassa.html,marca/ciudad,Terrassa,fujitsu,,picture,aires-acondicionados/img/logo_zervitecnics.png,sí,31,png,560,120,sí,sí,sí,Zervitecnics,sí,no,140,676
aires-acondicionados/marcas/fujitsu-terrassa.html,marca/ciudad,Terrassa,fujitsu,,picture,aires-acondicionados/img/hero_split.jpg,sí,91,jpg,1200,900,sí,sí,sí,Fujitsu en Terrassa,no,sí,167,621
aires-acondicionados/marcas/fujitsu-terrassa.html,marca/ciudad,Terrassa,fujitsu,,picture,aires-acondicionados/img/logo_zervitecnics.png,sí,31,png,560,120,sí,sí,sí,Zervitecnics,no,no,376,676
aires-acondicionados/marcas/fujitsu-terrassa.html,marca/ciudad,Terrassa,fujitsu,,og:image,aires-acondicionados/img/hero_main.jpg,sí,115,jpg,1400,787,no,sí,,,,,41,5
aires-acondicionados/marcas/fujitsu-viladecans.html,marca/ciudad,Viladecans,fujitsu,,picture,aires-acondicionados/img/logo_zervitecnics.png,sí,31,png,560,120,sí,sí,sí,Zervitecnics,sí,no,140,676
aires-acondicionados/marcas/fujitsu-viladecans.html,marca/ciudad,Viladecans,fujitsu,,picture,aires-acondicionados/img/hero_split.jpg,sí,91,jpg,1200,900,sí,sí,sí,Fujitsu en Viladecans,no,sí,167,621
aires-acondicionados/marcas/fujitsu-viladecans.html,marca/ciudad,Viladecans,fujitsu,,picture,aires-acondicionados/img/logo_zervitecnics.png,sí,31,png,560,120,sí,sí,sí,Zervitecnics,no,no,375,676
aires-acondicionados/marcas/fujitsu-viladecans.html,marca/ciudad,Viladecans,fujitsu,,og:image,aires-acondicionados/img/hero_main.jpg,sí,115,jpg,1400,787,no,sí,,,,,41,5
aires-acondicionados/marcas/fujitsu-vilassar-de-mar.html,marca/ciudad,Vilassar de Mar,fujitsu,,picture,aires-acondicionados/img/logo_zervitecnics.png,sí,31,png,560,120,sí,sí,sí,Zervitecnics,sí,no,140,676
aires-acondicionados/marcas/fujitsu-vilassar-de-mar.html,marca/ciudad,Vilassar de Mar,fujitsu,,picture,aires-acondicionados/img/hero_split.jpg,sí,91,jpg,1200,900,sí,sí,sí,Fujitsu en Vilassar de Mar,no,sí,167,621
aires-acondicionados/marcas/fujitsu-vilassar-de-mar.html,marca/ciudad,Vilassar de Mar,fujitsu,,picture,aires-acondicionados/img/logo_zervitecnics.png,sí,31,png,560,120,sí,sí,sí,Zervitecnics,no,no,345,676
aires-acondicionados/marcas/fujitsu-vilassar-de-mar.html,marca/ciudad,Vilassar de Mar,fujitsu,,og:image,aires-acondicionados/img/hero_main.jpg,sí,115,jpg,1400,787,no,sí,,,,,41,5
aires-acondicionados/marcas/fujitsu.html,marca/raiz,,fujitsu,,picture,aires-acondicionados/img/logo_zervitecnics.png,sí,31,png,560,120,sí,sí,sí,Zervitecnics,sí,no,112,676
aires-acondicionados/marcas/fujitsu.html,marca/raiz,,fujitsu,,picture,aires-acondicionados/img/multisplit_service.jpg,sí,102,jpg,1200,675,sí,sí,sí,Instalación Fujitsu en Barcelona,no,sí,139,21
aires-acondicionados/marcas/fujitsu.html,marca/raiz,,fujitsu,,picture,aires-acondicionados/img/logo_zervitecnics.png,sí,31,png,560,120,sí,sí,sí,Zervitecnics,no,no,342,676
aires-acondicionados/marcas/fujitsu.html,marca/raiz,,fujitsu,,og:image,aires-acondicionados/img/hero_main.jpg,sí,115,jpg,1400,787,no,sí,,,,,45,5
aires-acondicionados/marcas/haier-2000-frigorias.html,marca/capacidad,,haier,2000,picture,aires-acondicionados/img/logo_zervitecnics.png,sí,31,png,560,120,sí,sí,sí,Zervitecnics,sí,no,99,676
aires-acondicionados/marcas/haier-2000-frigorias.html,marca/capacidad,,haier,2000,picture,aires-acondicionados/img/hero_split.jpg,sí,91,jpg,1200,900,sí,sí,sí,Instalación Haier 2000 frigorías Barcelona,no,sí,126,621
aires-acondicionados/marcas/haier-2000-frigorias.html,marca/capacidad,,haier,2000,picture,aires-acondicionados/img/logo_zervitecnics.png,sí,31,png,560,120,sí,sí,sí,Zervitecnics,no,no,271,676
aires-acondicionados/marcas/haier-2000-frigorias.html,marca/capacidad,,haier,2000,og:image,aires-acondicionados/img/hero_main.jpg,sí,115,jpg,1400,787,no,sí,,,,,41,5
aires-acondicionados/marcas/haier-2500-frigorias.html,marca/capacidad,,haier,2500,picture,aires-acondicionados/img/logo_zervitecnics.png,sí,31,png,560,120,sí,sí,sí,Zervitecnics,sí,no,99,676
aires-acondicionados/marcas/haier-2500-frigorias.html,marca/capacidad,,haier,2500,picture,aires-acondicionados/img/hero_split.jpg,sí,91,jpg,1200,900,sí,sí,sí,Instalación Haier 2500 frigorías Barcelona,no,sí,126,621
aires-acondicionados/marcas/haier-2500-frigorias.html,marca/capacidad,,haier,2500,picture,aires-acondicionados/img/logo_zervitecnics.png,sí,31,png,560,120,sí,sí,sí,Zervitecnics,no,no,271,676
aires-acondicionados/marcas/haier-2500-frigorias.html,marca/capacidad,,haier,2500,og:image,aires-acondicionados/img/hero_main.jpg,sí,115,jpg,1400,787,no,sí,,,,,41,5
aires-acondicionados/marcas/haier-4500-frigorias.html,marca/capacidad,,haier,4500,picture,aires-acondicionados/img/logo_zervitecnics.png,sí,31,png,560,120,sí,sí,sí,Zervitecnics,sí,no,99,676
aires-acondicionados/marcas/haier-4500-frigorias.html,marca/capacidad,,haier,4500,picture,aires-acondicionados/img/hero_split.jpg,sí,91,jpg,1200,900,sí,sí,sí,Instalación Haier 4500 frigorías Barcelona,no,sí,126,621
aires-acondicionados/marcas/haier-4500-frigorias.html,marca/capacidad,,haier,4500,picture,aires-acondicionados/img/logo_zervitecnics.png,sí,31,png,560,120,sí,sí,sí,Zervitecnics,no,no,271,676
aires-acondicionados/marcas/haier-4500-frigorias.html,marca/capacidad,,haier,4500,og:image,aires-acondicionados/img/hero_main.jpg,sí,115,jpg,1400,787,no,sí,,,,,41,5
aires-acondicionados/marcas/haier-6000-frigorias.html,marca/capacidad,,haier,6000,picture,aires-acondicionados/img/logo_zervitecnics.png,sí,31,png,560,120,sí,sí,sí,Zervitecnics,sí,no,99,676
aires-acondicionados/marcas/haier-6000-frigorias.html,marca/capacidad,,haier,6000,picture,aires-acondicionados/img/hero_split.jpg,sí,91,jpg,1200,900,sí,sí,sí,Instalación Haier 6000 frigorías Barcelona,no,sí,126,621
aires-acondicionados/marcas/haier-6000-frigorias.html,marca/capacidad,,haier,6000,picture,aires-acondicionados/img/logo_zervitecnics.png,sí,31,png,560,120,sí,sí,sí,Zervitecnics,no,no,271,676
aires-acondicionados/marcas/haier-6000-frigorias.html,marca/capacidad,,haier,6000,og:image,aires-acondicionados/img/hero_main.jpg,sí,115,jpg,1400,787,no,sí,,,,,41,5
aires-acondicionados/marcas/haier-arenys-de-mar.html,marca/ciudad,Arenys de Mar,haier,,picture,aires-acondicionados/img/logo_zervitecnics.png,sí,31,png,560,120,sí,sí,sí,Zervitecnics,sí,no,140,676
aires-acondicionados/marcas/haier-arenys-de-mar.html,marca/ciudad,Arenys de Mar,haier,,picture,aires-acondicionados/img/hero_split.jpg,sí,91,jpg,1200,900,sí,sí,sí,Haier en Arenys de Mar,no,sí,167,621
aires-acondicionados/marcas/haier-arenys-de-mar.html,marca/ciudad,Arenys de Mar,haier,,picture,aires-acondicionados/img/logo_zervitecnics.png,sí,31,png,560,120,sí,sí,sí,Zervitecnics,no,no,345,676
aires-acondicionados/marcas/haier-arenys-de-mar.html,marca/ciudad,Arenys de Mar,haier,,og:image,aires-acondicionados/img/hero_main.jpg,sí,115,jpg,1400,787,no,sí,,,,,41,5
aires-acondicionados/marcas/haier-argentona.html,marca/ciudad,Argentona,haier,,picture,aires-acondicionados/img/logo_zervitecnics.png,sí,31,png,560,120,sí,sí,sí,Zervitecnics,sí,no,140,676
aires-acondicionados/marcas/haier-argentona.html,marca/ciudad,Argentona,haier,,picture,aires-acondicionados/img/hero_split.jpg,sí,91,jpg,1200,900,sí,sí,sí,Haier en Argentona,no,sí,167,621
aires-acondicionados/marcas/haier-argentona.html,marca/ciudad,Argentona,haier,,picture,aires-acondicionados/img/logo_zervitecnics.png,sí,31,png,560,120,sí,sí,sí,Zervitecnics,no,no,345,676
aires-acondicionados/marcas/haier-argentona.html,marca/ciudad,Argentona,haier,,og:image,aires-acondicionados/img/hero_main.jpg,sí,115,jpg,1400,787,no,sí,,,,,41,5
aires-acondicionados/marcas/haier-badalona.html,marca/ciudad,Badalona,haier,,picture,aires-acondicionados/img/logo_zervitecnics.png,sí,31,png,560,120,sí,sí,sí,Zervitecnics,sí,no,140,676
aires-acondicionados/marcas/haier-badalona.html,marca/ciudad,Badalona,haier,,picture,aires-acondicionados/img/hero_split.jpg,sí,91,jpg,1200,900,sí,sí,sí,Haier en Badalona,no,sí,167,621
aires-acondicionados/marcas/haier-badalona.html,marca/ciudad,Badalona,haier,,picture,aires-acondicionados/img/logo_zervitecnics.png,sí,31,png,560,120,sí,sí,sí,Zervitecnics,no,no,376,676
aires-acondicionados/marcas/haier-badalona.html,marca/ciudad,Badalona,haier,,og:image,aires-acondicionados/img/hero_main.jpg,sí,115,jpg,1400,787,no,sí,,,,,41,5
aires-acondicionados/marcas/haier-barbera-del-valles.html,marca/ciudad,Barberà del Vallès,haier,,picture,aires-acondicionados/img/logo_zervitecnics.png,sí,31,png,560,120,sí,sí,sí,Zervitecnics,sí,no,140,676
aires-acondicionados/marcas/haier-barbera-del-valles.html,marca/ciudad,Barberà del Vallès,haier,,picture,aires-acondicionados/img/hero_split.jpg,sí,91,jpg,1200,900,sí,sí,sí,Haier en Barberà del Vallès,no,sí,167,621
aires-acondicionados/marcas/haier-barbera-del-valles.html,marca/ciudad,Barberà del Vallès,haier,,picture,aires-acondicionados/img/logo_zervitecnics.png,sí,31,png,560,120,sí,sí,sí,Zervitecnics,no,no,345,676
aires-acondicionados/marcas/haier-barbera-del-valles.html,marca/ciudad,Barberà del Vallès,haier,,og:image,aires-acondicionados/img/hero_main.jpg,sí,115,jpg,1400,787,no,sí,,,,,41,5
aires-acondicionados/marcas/haier-barcelona.html,marca/ciudad,Barcelona,haier,,picture,aires-acondicionados/img/logo_zervitecnics.png,sí,31,png,560,120,sí,sí,sí,Zervitecnics,sí,no,140,676
aires-acondicionados/marcas/haier-barcelona.html,marca/ciudad,Barcelona,haier,,picture,aires-acondicionados/img/hero_split.jpg,sí,91,jpg,1200,900,sí,sí,sí,Haier en Barcelona,no,sí,167,621
aires-acondicionados/marcas/haier-barcelona.html,marca/ciudad,Barcelona,haier,,picture,aires-acondicionados/img/logo_zervitecnics.png,sí,31,png,560,120,sí,sí,sí,Zervitecnics,no,no,375,676
aires-acondicionados/marcas/haier-barcelona.html,marca/ciudad,Barcelona,haier,,og:image,aires-acondicionados/img/hero_main.jpg,sí,115,jpg,1400,787,no,sí,,,,,41,5
aires-acondicionados/marcas/haier-cabrils.html,marca/ciudad,Cabrils,haier,,picture,aires-acondicionados/img/logo_zervitecnics.png,sí,31,png,560,120,sí,sí,sí,Zervitecnics,sí,no,140,676
aires-acondicionados/marcas/haier-cabrils.html,marca/ciudad,Cabrils,haier,,picture,aires-acondicionados/img/hero_split.jpg,sí,91,jpg,1200,900,sí,sí,sí,Haier en Cabrils,no,sí,167,621
aires-acondicionados/marcas/haier-cabrils.html,marca/ciudad,Cabrils,haier,,picture,aires-acondicionados/img/logo_zervitecnics.png,sí,31,png,560,120,sí,sí,sí,Zervitecnics,no,no,345,676
aires-acondicionados/marcas/haier-cabrils.html,marca/ciudad,Cabrils,haier,,og:image,aires-acondicionados/img/hero_main.jpg,sí,115,jpg,1400,787,no,sí,,,,,41,5
aires-acondicionados/marcas/haier-caldes-de-montbui.html,marca/ciudad,Caldes de Montbui,haier,,picture,aires-acondicionados/img/logo_zervitecnics.png,sí,31,png,560,120,sí,sí,sí,Zervitecnics,sí,no,140,676
aires-acondicionados/marcas/haier-caldes-de-montbui.html,marca/ciudad,Caldes de Montbui,haier,,picture,aires-acondicionados/img/hero_split.jpg,sí,91,jpg,1200,900,sí,sí,sí,Haier en Caldes de Montbui,no,sí,167,621
aires-acondicionados/marcas/haier-caldes-de-montbui.html,marca/ciudad,Caldes de Montbui,haier,,picture,aires-acondicionados/img/logo_zervitecnics.png,sí,31,png,560,120,sí,sí,sí,Zervitecnics,no,no,345,676
aires-acondicionados/marcas/haier-caldes-de-montbui.html,marca/ciudad,Caldes de Montbui,haier,,og:image,aires-acondicionados/img/hero_main.jpg,sí,115,jpg,1400,787,no,sí,,,,,41,5
aires-acondicionados/marcas/haier-calella.html,marca/ciudad,Calella,haier,,picture,aires-acondicionados/img/logo_zervitecnics.png,sí,31,png,560,120,sí,sí,sí,Zervitecnics,sí,no,140,676
aires-acondicionados/marcas/haier-calella.html,marca/ciudad,Calella,haier,,picture,aires-acondicionados/img/hero_split.jpg,sí,91,jpg,1200,900,sí,sí,sí,Haier en Calella,no,sí,167,621
aires-acondicionados/marcas/haier-calella.html,marca/ciudad,Calella,haier,,picture,aires-acondicionados/img/logo_zervitecnics.png,sí,31,png,560,120,sí,sí,sí,Zervitecnics,no,no,345,676
aires-acondicionados/marcas/haier-calella.html,marca/ciudad,Calella,haier,,og:image,aires-acondicionados/img/hero_main.jpg,sí,115,jpg,1400,787,no,sí,,,,,41,5
aires-acondicionados/marcas/haier-canet-de-mar.html,marca/ciudad,Canet de Mar,haier,,picture,aires-acondicionados/img/logo_zervitecnics.png,sí,31,png,560,120,sí,sí,sí,Zervitecnics,sí,no,140,676
aires-acondicionados/marcas/haier-canet-de-mar.html,marca/ciudad,Canet de Mar,haier,,picture,aires-acondicionados/img/hero_split.jpg,sí,91,jpg,1200,900,sí,sí,sí,Haier en Canet de Mar,no,sí,167,621
aires-acondicionados/marcas/haier-canet-de-mar.html,marca/ciudad,Canet de Mar,haier,,picture,aires-acondicionados/img/logo_zervitecnics.png,sí,31,png,560,120,sí,sí,sí,Zervitecnics,no,no,345,676
aires-acondicionados/marcas/haier-canet-de-mar.html,marca/ciudad,Canet de Mar,haier,,og:image,aires-acondicionados/img/hero_main.jpg,sí,115,jpg,1400,787,no,sí,,,,,41,5
aires-acondicionados/marcas/haier-cardedeu.html,marca/ciudad,Cardedeu,haier,,picture,aires-acondicionados/img/logo_zervitecnics.png,sí,31,png,560,120,sí,sí,sí,Zervitecnics,sí,no,140,676
aires-acondicionados/marcas/haier-cardedeu.html,marca/ciudad,Cardedeu,haier,,picture,aires-acondicionados/img/hero_split.jpg,sí,91,jpg,1200,900,sí,sí,sí,Haier en Cardedeu,no,sí,167,621
aires-acondicionados/marcas/haier-cardedeu.html,marca/ciudad,Cardedeu,haier,,picture,aires-acondicionados/img/logo_zervitecnics.png,sí,31,png,560,120,sí,sí,sí,Zervitecnics,no,no,345,676
aires-acondicionados/marcas/haier-cardedeu.html,marca/ciudad,Cardedeu,haier,,og:image,aires-acondicionados/img/hero_main.jpg,sí,115,jpg,1400,787,no,sí,,,,,41,5
aires-acondicionados/marcas/haier-castellar-del-valles.html,marca/ciudad,Castellar del Vallès,haier,,picture,aires-acondicionados/img/logo_zervitecnics.png,sí,31,png,560,120,sí,sí,sí,Zervitecnics,sí,no,140,676
aires-acondicionados/marcas/haier-castellar-del-valles.html,marca/ciudad,Castellar del Vallès,haier,,picture,aires-acondicionados/img/hero_split.jpg,sí,91,jpg,1200,900,sí,sí,sí,Haier en Castellar del Vallès,no,sí,167,621
aires-acondicionados/marcas/haier-castellar-del-valles.html,marca/ciudad,Castellar del Vallès,haier,,picture,aires-acondicionados/img/logo_zervitecnics.png,sí,31,png,560,120,sí,sí,sí,Zervitecnics,no,no,345,676
aires-acondicionados/marcas/haier-castellar-del-valles.html,marca/ciudad,Castellar del Vallès,haier,,og:image,aires-acondicionados/img/hero_main.jpg,sí,115,jpg,1400,787,no,sí,,,,,41,5
aires-acondicionados/marcas/haier-castelldefels.html,marca/ciudad,Castelldefels,haier,,picture,aires-acondicionados/img/logo_zervitecnics.png,sí,31,png,560,120,sí,sí,sí,Zervitecnics,sí,no,140,676
aires-acondicionados/marcas/haier-castelldefels.html,marca/ciudad,Castelldefels,haier,,picture,aires-acondicionados/img/hero_split.jpg,sí,91,jpg,1200,900,sí,sí,sí,Haier en Castelldefels,no,sí,167,621
aires-acondicionados/marcas/haier-castelldefels.html,marca/ciudad,Castelldefels,haier,,picture,aires-acondicionados/img/logo_zervitecnics.png,sí,31,png,560,120,sí,sí,sí,Zervitecnics,no,no,376,676
aires-acondicionados/marcas/haier-castelldefels.html,marca/ciudad,Castelldefels,haier,,og:image,aires-acondicionados/img/hero_main.jpg,sí,115,jpg,1400,787,no,sí,,,,,41,5
aires-acondicionados/marcas/haier-cerdanyola-del-valles.html,marca/ciudad,Cerdanyola del Vallès,haier,,picture,aires-acondicionados/img/logo_zervitecnics.png,sí,31,png,560,120,sí,sí,sí,Zervitecnics,sí,no,140,676
aires-acondicionados/marcas/haier-cerdanyola-del-valles.html,marca/ciudad,Cerdanyola del Vallès,haier,,picture,aires-acondicionados/img/hero_split.jpg,sí,91,jpg,1200,900,sí,sí,sí,Haier en Cerdanyola del Vallès,no,sí,167,621
aires-acondicionados/marcas/haier-cerdanyola-del-valles.html,marca/ciudad,Cerdanyola del Vallès,haier,,picture,aires-acondicionados/img/logo_zervitecnics.png,sí,31,png,560,120,sí,sí,sí,Zervitecnics,no,no,345,676
aires-acondicionados/marcas/haier-cerdanyola-del-valles.html,marca/ciudad,Cerdanyola del Vallès,haier,,og:image,aires-acondicionados/img/hero_main.jpg,sí,115,jpg,1400,787,no,sí,,,,,41,5
aires-acondicionados/marcas/haier-cornella-de-llobregat.html,marca/ciudad,Cornellà de Llobregat,haier,,picture,aires-acondicionados/img/logo_zervitecnics.png,sí,31,png,560,120,sí,sí,sí,Zervitecnics,sí,no,140,676
aires-acondicionados/marcas/haier-cornella-de-llobregat.html,marca/ciudad,Cornellà de Llobregat,haier,,picture,aires-acondicionados/img/hero_split.jpg,sí,91,jpg,1200,900,sí,sí,sí,Haier en Cornellà de Llobregat,no,sí,167,621
aires-acondicionados/marcas/haier-cornella-de-llobregat.html,marca/ciudad,Cornellà de Llobregat,haier,,picture,aires-acondicionados/img/logo_zervitecnics.png,sí,31,png,560,120,sí,sí,sí,Zervitecnics,no,no,376,676
aires-acondicionados/marcas/haier-cornella-de-llobregat.html,marca/ciudad,Cornellà de Llobregat,haier,,og:image,aires-acondicionados/img/hero_main.jpg,sí,115,jpg,1400,787,no,sí,,,,,41,5
aires-acondicionados/marcas/haier-el-masnou.html,marca/ciudad,El Masnou,haier,,picture,aires-acondicionados/img/logo_zervitecnics.png,sí,31,png,560,120,sí,sí,sí,Zervitecnics,sí,no,140,676
aires-acondicionados/marcas/haier-el-masnou.html,marca/ciudad,El Masnou,haier,,picture,aires-acondicionados/img/hero_split.jpg,sí,91,jpg,1200,900,sí,sí,sí,Haier en El Masnou,no,sí,167,621
aires-acondicionados/marcas/haier-el-masnou.html,marca/ciudad,El Masnou,haier,,picture,aires-acondicionados/img/logo_zervitecnics.png,sí,31,png,560,120,sí,sí,sí,Zervitecnics,no,no,345,676
aires-acondicionados/marcas/haier-el-masnou.html,marca/ciudad,El Masnou,haier,,og:image,aires-acondicionados/img/hero_main.jpg,sí,115,jpg,1400,787,no,sí,,,,,41,5
aires-acondicionados/marcas/haier-el-prat-de-llobregat.html,marca/ciudad,El Prat de Llobregat,haier,,picture,aires-acondicionados/img/logo_zervitecnics.png,sí,31,png,560,120,sí,sí,sí,Zervitecnics,sí,no,140,676
aires-acondicionados/marcas/haier-el-prat-de-llobregat.html,marca/ciudad,El Prat de Llobregat,haier,,picture,aires-acondicionados/img/hero_split.jpg,sí,91,jpg,1200,900,sí,sí,sí,Haier en El Prat de Llobregat,no,sí,167,621
aires-acondicionados/marcas/haier-el-prat-de-llobregat.html,marca/ciudad,El Prat de Llobregat,haier,,picture,aires-acondicionados/img/logo_zervitecnics.png,sí,31,png,560,120,sí,sí,sí,Zervitecnics,no,no,375,676
aires-acondicionados/marcas/haier-el-prat-de-llobregat.html,marca/ciudad,El Prat de Llobregat,haier,,og:image,aires-acondicionados/img/hero_main.jpg,sí,115,jpg,1400,787,no,sí,,,,,41,5
aires-acondicionados/marcas/haier-esplugues-de-llobregat.html,marca/ciudad,Esplugues de Llobregat,haier,,picture,aires-acondicionados/img/logo_zervitecnics.png,sí,31,png,560,120,sí,sí,sí,Zervitecnics,sí,no,140,676
aires-acondicionados/marcas/haier-esplugues-de-llobregat.html,marca/ciudad,Esplugues de Llobregat,haier,,picture,aires-acondicionados/img/hero_split.jpg,sí,91,jpg,1200,900,sí,sí,sí,Haier en Esplugues de Llobregat,no,sí,167,621
aires-acondicionados/marcas/haier-esplugues-de-llobregat.html,marca/ciudad,Esplugues de Llobregat,haier,,picture,aires-acondicionados/img/logo_zervitecnics.png,sí,31,png,560,120,sí,sí,sí,Zervitecnics,no,no,375,676
aires-acondicionados/marcas/haier-esplugues-de-llobregat.html,marca/ciudad,Esplugues de Llobregat,haier,,og:image,aires-acondicionados/img/hero_main.jpg,sí,115,jpg,1400,787,no,sí,,,,,41,5
aires-acondicionados/marcas/haier-gava.html,marca/ciudad,Gavà,haier,,picture,aires-acondicionados/img/logo_zervitecnics.png,sí,31,png,560,120,sí,sí,sí,Zervitecnics,sí,no,140,676
aires-acondicionados/marcas/haier-gava.html,marca/ciudad,Gavà,haier,,picture,aires-acondicionados/img/hero_split.jpg,sí,91,jpg,1200,900,sí,sí,sí,Haier en Gavà,no,sí,167,621
aires-acondicionados/marcas/haier-gava.html,marca/ciudad,Gavà,haier,,picture,aires-acondicionados/img/logo_zervitecnics.png,sí,31,png,560,120,sí,sí,sí,Zervitecnics,no,no,375,676
aires-acondicionados/marcas/haier-gava.html,marca/ciudad,Gavà,haier,,og:image,aires-acondicionados/img/hero_main.jpg,sí,115,jpg,1400,787,no,sí,,,,,41,5
aires-acondicionados/marcas/haier-granollers.html,marca/ciudad,Granollers,haier,,picture,aires-acondicionados/img/logo_zervitecnics.png,sí,31,png,560,120,sí,sí,sí,Zervitecnics,sí,no,140,676
aires-acondicionados/marcas/haier-granollers.html,marca/ciudad,Granollers,haier,,picture,aires-acondicionados/img/hero_split.jpg,sí,91,jpg,1200,900,sí,sí,sí,Haier en Granollers,no,sí,167,621
aires-acondicionados/marcas/haier-granollers.html,marca/ciudad,Granollers,haier,,picture,aires-acondicionados/img/logo_zervitecnics.png,sí,31,png,560,120,sí,sí,sí,Zervitecnics,no,no,345,676
aires-acondicionados/marcas/haier-granollers.html,marca/ciudad,Granollers,haier,,og:image,aires-acondicionados/img/hero_main.jpg,sí,115,jpg,1400,787,no,sí,,,,,41,5
aires-acondicionados/marcas/haier-hospitalet-de-llobregat.html,marca/ciudad,L'Hospitalet de Llobregat,haier,,picture,aires-acondicionados/img/logo_zervitecnics.png,sí,31,png,560,120,sí,sí,sí,Zervitecnics,sí,no,140,676
aires-acondicionados/marcas/haier-hospitalet-de-llobregat.html,marca/ciudad,L'Hospitalet de Llobregat,haier,,picture,aires-acondicionados/img/hero_split.jpg,sí,91,jpg,1200,900,sí,sí,sí,Haier en L'Hospitalet de Llobregat,no,sí,167,621
aires-acondicionados/marcas/haier-hospitalet-de-llobregat.html,marca/ciudad,L'Hospitalet de Llobregat,haier,,picture,aires-acondicionados/img/logo_zervitecnics.png,sí,31,png,560,120,sí,sí,sí,Zervitecnics,no,no,376,676
aires-acondicionados/marcas/haier-hospitalet-de-llobregat.html,marca/ciudad,L'Hospitalet de Llobregat,haier,,og:image,aires-acondicionados/img/hero_main.jpg,sí,115,jpg,1400,787,no,sí,,,,,41,5
aires-acondicionados/marcas/haier-la-garriga.html,marca/ciudad,La Garriga,haier,,picture,aires-acondicionados/img/logo_zervitecnics.png,sí,31,png,560,120,sí,sí,sí,Zervitecnics,sí,no,140,676
aires-acondicionados/marcas/haier-la-garriga.html,marca/ciudad,La Garriga,haier,,picture,aires-acondicionados/img/hero_split.jpg,sí,91,jpg,1200,900,sí,sí,sí,Haier en La Garriga,no,sí,167,621
aires-acondicionados/marcas/haier-la-garriga.html,marca/ciudad,La Garriga,haier,,picture,aires-acondicionados/img/logo_zervitecnics.png,sí,31,png,560,120,sí,sí,sí,Zervitecnics,no,no,345,676
aires-acondicionados/marcas/haier-la-garriga.html,marca/ciudad,La Garriga,haier,,og:image,aires-acondicionados/img/hero_main.jpg,sí,115,jpg,1400,787,no,sí,,,,,41,5
aires-acondicionados/marcas/haier-mataro.html,marca/ciudad,Mataró,haier,,picture,aires-acondicionados/img/logo_zervitecnics.png,sí,31,png,560,120,sí,sí,sí,Zervitecnics,sí,no,140,676
aires-acondicionados/marcas/haier-mataro.html,marca/ciudad,Mataró,haier,,picture,aires-acondicionados/img/hero_split.jpg,sí,91,jpg,1200,900,sí,sí,sí,Haier en Mataró,no,sí,167,621
aires-acondicionados/marcas/haier-mataro.html,marca/ciudad,Mataró,haier,,picture,aires-acondicionados/img/logo_zervitecnics.png,sí,31,png,560,120,sí,sí,sí,Zervitecnics,no,no,345,676
aires-acondicionados/marcas/haier-mataro.html,marca/ciudad,Mataró,haier,,og:image,aires-acondicionados/img/hero_main.jpg,sí,115,jpg,1400,787,no,sí,,,,,41,5
aires-acondicionados/marcas/haier-mollet-del-valles.html,marca/ciudad,Mollet del Vallès,haier,,picture,aires-acondicionados/img/logo_zervitecnics.png,sí,31,png,560,120,sí,sí,sí,Zervitecnics,sí,no,140,676
aires-acondicionados/marcas/haier-mollet-del-valles.html,marca/ciudad,Mollet del Vallès,haier,,picture,aires-acondicionados/img/hero_split.jpg,sí,91,jpg,1200,900,sí,sí,sí,Haier en Mollet del Vallès,no,sí,167,621
aires-acondicionados/marcas/haier-mollet-del-valles.html,marca/ciudad,Mollet del Vallès,haier,,picture,aires-acondicionados/img/logo_zervitecnics.png,sí,31,png,560,120,sí,sí,sí,Zervitecnics,no,no,345,676
aires-acondicionados/marcas/haier-mollet-del-valles.html,marca/ciudad,Mollet del Vallès,haier,,og:image,aires-acondicionados/img/hero_main.jpg,sí,115,jpg,1400,787,no,sí,,,,,41,5
aires-acondicionados/marcas/haier-parets-del-valles.html,marca/ciudad,Parets del Vallès,haier,,picture,aires-acondicionados/img/logo_zervitecnics.png,sí,31,png,560,120,sí,sí,sí,Zervitecnics,sí,no,140,676
aires-acondicionados/marcas/haier-parets-del-valles.html,marca/ciudad,Parets del Vallès,haier,,picture,aires-acondicionados/img/hero_split.jpg,sí,91,jpg,1200,900,sí,sí,sí,Haier en Parets del Vallès,no,sí,167,621
aires-acondicionados/marcas/haier-parets-del-valles.html,marca/ciudad,Parets del Vallès,haier,,picture,aires-acondicionados/img/logo_zervitecnics.png,sí,31,png,560,120,sí,sí,sí,Zervitecnics,no,no,345,676
aires-acondicionados/marcas/haier-parets-del-valles.html,marca/ciudad,Parets del Vallès,haier,,og:image,aires-acondicionados/img/hero_main.jpg,sí,115,jpg,1400,787,no,sí,,,,,41,5
aires-acondicionados/marcas/haier-pineda-de-mar.html,marca/ciudad,Pineda de Mar,haier,,picture,aires-acondicionados/img/logo_zervitecnics.png,sí,31,png,560,120,sí,sí,sí,Zervitecnics,sí,no,140,676
aires-acondicionados/marcas/haier-pineda-de-mar.html,marca/ciudad,Pineda de Mar,haier,,picture,aires-acondicionados/img/hero_split.jpg,sí,91,jpg,1200,900,sí,sí,sí,Haier en Pineda de Mar,no,sí,167,621
aires-acondicionados/marcas/haier-pineda-de-mar.html,marca/ciudad,Pineda de Mar,haier,,picture,aires-acondicionados/img/logo_zervitecnics.png,sí,31,png,560,120,sí,sí,sí,Zervitecnics,no,no,345,676
aires-acondicionados/marcas/haier-pineda-de-mar.html,marca/ciudad,Pineda de Mar,haier,,og:image,aires-acondicionados/img/hero_main.jpg,sí,115,jpg,1400,787,no,sí,,,,,41,5
aires-acondicionados/marcas/haier-premia-de-mar.html,marca/ciudad,Premià de Mar,haier,,picture,aires-acondicionados/img/logo_zervitecnics.png,sí,31,png,560,120,sí,sí,sí,Zervitecnics,sí,no,140,676
aires-acondicionados/marcas/haier-premia-de-mar.html,marca/ciudad,Premià de Mar,haier,,picture,aires-acondicionados/img/hero_split.jpg,sí,91,jpg,1200,900,sí,sí,sí,Haier en Premià de Mar,no,sí,167,621
aires-acondicionados/marcas/haier-premia-de-mar.html,marca/ciudad,Premià de Mar,haier,,picture,aires-acondicionados/img/logo_zervitecnics.png,sí,31,png,560,120,sí,sí,sí,Zervitecnics,no,no,345,676
aires-acondicionados/marcas/haier-premia-de-mar.html,marca/ciudad,Premià de Mar,haier,,og:image,aires-acondicionados/img/hero_main.jpg,sí,115,jpg,1400,787,no,sí,,,,,41,5
aires-acondicionados/marcas/haier-rubi.html,marca/ciudad,Rubí,haier,,picture,aires-acondicionados/img/logo_zervitecnics.png,sí,31,png,560,120,sí,sí,sí,Zervitecnics,sí,no,140,676
aires-acondicionados/marcas/haier-rubi.html,marca/ciudad,Rubí,haier,,picture,aires-acondicionados/img/hero_split.jpg,sí,91,jpg,1200,900,sí,sí,sí,Haier en Rubí,no,sí,167,621
aires-acondicionados/marcas/haier-rubi.html,marca/ciudad,Rubí,haier,,picture,aires-acondicionados/img/logo_zervitecnics.png,sí,31,png,560,120,sí,sí,sí,Zervitecnics,no,no,345,676
aires-acondicionados/marcas/haier-rubi.html,marca/ciudad,Rubí,haier,,og:image,aires-acondicionados/img/hero_main.jpg,sí,115,jpg,1400,787,no,sí,,,,,41,5
aires-acondicionados/marcas/haier-sabadell.html,marca/ciudad,Sabadell,haier,,picture,aires-acondicionados/img/logo_zervitecnics.png,sí,31,png,560,120,sí,sí,sí,Zervitecnics,sí,no,140,676
aires-acondicionados/marcas/haier-sabadell.html,marca/ciudad,Sabadell,haier,,picture,aires-acondicionados/img/hero_split.jpg,sí,91,jpg,1200,900,sí,sí,sí,Haier en Sabadell,no,sí,167,621
aires-acondicionados/marcas/haier-sabadell.html,marca/ciudad,Sabadell,haier,,picture,aires-acondicionados/img/logo_zervitecnics.png,sí,31,png,560,120,sí,sí,sí,Zervitecnics,no,no,376,676
aires-acondicionados/marcas/haier-sabadell.html,marca/ciudad,Sabadell,haier,,og:image,aires-acondicionados/img/hero_main.jpg,sí,115,jpg,1400,787,no,sí,,,,,41,5
aires-acondicionados/marcas/haier-sant-adria-de-besos.html,marca/ciudad,Sant Adrià de Besòs,haier,,picture,aires-acondicionados/img/logo_zervitecnics.png,sí,31,png,560,120,sí,sí,sí,Zervitecnics,sí,no,140,676
aires-acondicionados/marcas/haier-sant-adria-de-besos.html,marca/ciudad,Sant Adrià de Besòs,haier,,picture,aires-acondicionados/img/hero_split.jpg,sí,91,jpg,1200,900,sí,sí,sí,Haier en Sant Adrià de Besòs,no,sí,167,621
aires-acondicionados/marcas/haier-sant-adria-de-besos.html,marca/ciudad,Sant Adrià de Besòs,haier,,picture,aires-acondicionados/img/logo_zervitecnics.png,sí,31,png,560,120,sí,sí,sí,Zervitecnics,no,no,375,676
aires-acondicionados/marcas/haier-sant-adria-de-besos.html,marca/ciudad,Sant Adrià de Besòs,haier,,og:image,aires-acondicionados/img/hero_main.jpg,sí,115,jpg,1400,787,no,sí,,,,,41,5
aires-acondicionados/marcas/haier-sant-boi-de-llobregat.html,marca/ciudad,Sant Boi de Llobregat,haier,,picture,aires-acondicionados/img/logo_zervitecnics.png,sí,31,png,560,120,sí,sí,sí,Zervitecnics,sí,no,140,676
aires-acondicionados/marcas/haier-sant-boi-de-llobregat.html,marca/ciudad,Sant Boi de Llobregat,haier,,picture,aires-acondicionados/img/hero_split.jpg,sí,91,jpg,1200,900,sí,sí,sí,Haier en Sant Boi de Llobregat,no,sí,167,621
aires-acondicionados/marcas/haier-sant-boi-de-llobregat.html,marca/ciudad,Sant Boi de Llobregat,haier,,picture,aires-acondicionados/img/logo_zervitecnics.png,sí,31,png,560,120,sí,sí,sí,Zervitecnics,no,no,375,676
aires-acondicionados/marcas/haier-sant-boi-de-llobregat.html,marca/ciudad,Sant Boi de Llobregat,haier,,og:image,aires-acondicionados/img/hero_main.jpg,sí,115,jpg,1400,787,no,sí,,,,,41,5
aires-acondicionados/marcas/haier-sant-celoni.html,marca/ciudad,Sant Celoni,haier,,picture,aires-acondicionados/img/logo_zervitecnics.png,sí,31,png,560,120,sí,sí,sí,Zervitecnics,sí,no,140,676
aires-acondicionados/marcas/haier-sant-celoni.html,marca/ciudad,Sant Celoni,haier,,picture,aires-acondicionados/img/hero_split.jpg,sí,91,jpg,1200,900,sí,sí,sí,Haier en Sant Celoni,no,sí,167,621
aires-acondicionados/marcas/haier-sant-celoni.html,marca/ciudad,Sant Celoni,haier,,picture,aires-acondicionados/img/logo_zervitecnics.png,sí,31,png,560,120,sí,sí,sí,Zervitecnics,no,no,345,676
aires-acondicionados/marcas/haier-sant-celoni.html,marca/ciudad,Sant Celoni,haier,,og:image,aires-acondicionados/img/hero_main.jpg,sí,115,jpg,1400,787,no,sí,,,,,41,5
aires-acondicionados/marcas/haier-sant-cugat-del-valles.html,marca/ciudad,Sant Cugat del Vallès,haier,,picture,aires-acondicionados/img/logo_zervitecnics.png,sí,31,png,560,120,sí,sí,sí,Zervitecnics,sí,no,140,676
aires-acondicionados/marcas/haier-sant-cugat-del-valles.html,marca/ciudad,Sant Cugat del Vallès,haier,,picture,aires-acondicionados/img/hero_split.jpg,sí,91,jpg,1200,900,sí,sí,sí,Haier en Sant Cugat del Vallès,no,sí,167,621
aires-acondicionados/marcas/haier-sant-cugat-del-valles.html,marca/ciudad,Sant Cugat del Vallès,haier,,picture,aires-acondicionados/img/logo_zervitecnics.png,sí,31,png,560,120,sí,sí,sí,Zervitecnics,no,no,376,676
aires-acondicionados/marcas/haier-sant-cugat-del-valles.html,marca/ciudad,Sant Cugat del Vallès,haier,,og:image,aires-acondicionados/img/hero_main.jpg,sí,115,jpg,1400,787,no,sí,,,,,41,5
aires-acondicionados/marcas/haier-sant-joan-despi.html,marca/ciudad,Sant Joan Despí,haier,,picture,aires-acondicionados/img/logo_zervitecnics.png,sí,31,png,560,120,sí,sí,sí,Zervitecnics,sí,no,140,676
aires-acondicionados/marcas/haier-sant-joan-despi.html,marca/ciudad,Sant Joan Despí,haier,,picture,aires-acondicionados/img/hero_split.jpg,sí,91,jpg,1200,900,sí,sí,sí,Haier en Sant Joan Despí,no,sí,167,621
aires-acondicionados/marcas/haier-sant-joan-despi.html,marca/ciudad,Sant Joan Despí,haier,,picture,aires-acondicionados/img/logo_zervitecnics.png,sí,31,png,560,120,sí,sí,sí,Zervitecnics,no,no,375,676
aires-acondicionados/marcas/haier-sant-joan-despi.html,marca/ciudad,Sant Joan Despí,haier,,og:image,aires-acondicionados/img/hero_main.jpg,sí,115,jpg,1400,787,no,sí,,,,,41,5
aires-acondicionados/marcas/haier-sant-just-desvern.html,marca/ciudad,Sant Just Desvern,haier,,picture,aires-acondicionados/img/logo_zervitecnics.png,sí,31,png,560,120,sí,sí,sí,Zervitecnics,sí,no,140,676
aires-acondicionados/marcas/haier-sant-just-desvern.html,marca/ciudad,Sant Just Desvern,haier,,picture,aires-acondicionados/img/hero_split.jpg,sí,91,jpg,1200,900,sí,sí,sí,Haier en Sant Just Desvern,no,sí,167,621
aires-acondicionados/marcas/haier-sant-just-desvern.html,marca/ciudad,Sant Just Desvern,haier,,picture,aires-acondicionados/img/logo_zervitecnics.png,sí,31,png,560,120,sí,sí,sí,Zervitecnics,no,no,375,676
aires-acondicionados/marcas/haier-sant-just-desvern.html,marca/ciudad,Sant Just Desvern,haier,,og:image,aires-acondicionados/img/hero_main.jpg,sí,115,jpg,1400,787,no,sí,,,,,41,5
aires-acondicionados/marcas/haier-sant-quirze-del-valles.html,marca/ciudad,Sant Quirze del Vallès,haier,,picture,aires-acondicionados/img/logo_zervitecnics.png,sí,31,png,560,120,sí,sí,sí,Zervitecnics,sí,no,140,676
aires-acondicionados/marcas/haier-sant-quirze-del-valles.html,marca/ciudad,Sant Quirze del Vallès,haier,,picture,aires-acondicionados/img/hero_split.jpg,sí,91,jpg,1200,900,sí,sí,sí,Haier en Sant Quirze del Vallès,no,sí,167,621
aires-acondicionados/marcas/haier-sant-quirze-del-valles.html,marca/ciudad,Sant Quirze del Vallès,haier,,picture,aires-acondicionados/img/logo_zervitecnics.png,sí,31,png,560,120,sí,sí,sí,Zervitecnics,no,no,345,676
aires-acondicionados/marcas/haier-sant-quirze-del-valles.html,marca/ciudad,Sant Quirze del Vallès,haier,,og:image,aires-acondicionados/img/hero_main.jpg,sí,115,jpg,1400,787,no,sí,,,,,41,5
aires-acondicionados/marcas/haier-santa-coloma-de-gramenet.html,marca/ciudad,Santa Coloma de Gramenet,haier,,picture,aires-acondicionados/img/logo_zervitecnics.png,sí,31,png,560,120,sí,sí,sí,Zervitecnics,sí,no,140,676
aires-acondicionados/marcas/haier-santa-coloma-de-gramenet.html,marca/ciudad,Santa Coloma de Gramenet,haier,,picture,aires-acondicionados/img/hero_split.jpg,sí,91,jpg,1200,900,sí,sí,sí,Haier en Santa Coloma de Gramenet,no,sí,167,621
aires-acondicionados/marcas/haier-santa-coloma-de-gramenet.html,marca/ciudad,Santa Coloma de Gramenet,haier,,picture,aires-acondicionados/img/logo_zervitecnics.png,sí,31,png,560,120,sí,sí,sí,Zervitecnics,no,no,375,676
aires-acondicionados/marcas/haier-santa-coloma-de-gramenet.html,marca/ciudad,Santa Coloma de Gramenet,haier,,og:image,aires-acondicionados/img/hero_main.jpg,sí,115,jpg,1400,787,no,sí,,,,,41,5
aires-acondicionados/marcas/haier-sitges.html,marca/ciudad,Sitges,haier,,picture,aires-acondicionados/img/logo_zervitecnics.png,sí,31,png,560,120,sí,sí,sí,Zervitecnics,sí,no,140,676
aires-acondicionados/marcas/haier-sitges.html,marca/ciudad,Sitges,haier,,picture,aires-acondicionados/img/hero_split.jpg,sí,91,jpg,1200,900,sí,sí,sí,Haier en Sitges,no,sí,167,621
aires-acondicionados/marcas/haier-sitges.html,marca/ciudad,Sitges,haier,,picture,aires-acondicionados/img/logo_zervitecnics.png,sí,31,png,560,120,sí,sí,sí,Zervitecnics,no,no,345,676
aires-acondicionados/marcas/haier-sitges.html,marca/ciudad,Sitges,haier,,og:image,aires-acondicionados/img/hero_main.jpg,sí,115,jpg,1400,787,no,sí,,,,,41,5
aires-acondicionados/marcas/haier-terrassa.html,marca/ciudad,Terrassa,haier,,picture,aires-acondicionados/img/logo_zervitecnics.png,sí,31,png,560,120,sí,sí,sí,Zervitecnics,sí,no,140,676
aires-acondicionados/marcas/haier-terrassa.html,marca/ciudad,Terrassa,haier,,picture,aires-acondicionados/img/hero_split.jpg,sí,91,jpg,1200,900,sí,sí,sí,Haier en Terrassa,no,sí,167,621
aires-acondicionados/marcas/haier-terrassa.html,marca/ciudad,Terrassa,haier,,picture,aires-acondicionados/img/logo_zervitecnics.png,sí,31,png,560,120,sí,sí,sí,Zervitecnics,no,no,376,676
aires-acondicionados/marcas/haier-terrassa.html,marca/ciudad,Terrassa,haier,,og:image,aires-acondicionados/img/hero_main.jpg,sí,115,jpg,1400,787,no,sí,,,,,41,5
aires-acondicionados/marcas/haier-viladecans.html,marca/ciudad,Viladecans,haier,,picture,aires-acondicionados/img/logo_zervitecnics.png,sí,31,png,560,120,sí,sí,sí,Zervitecnics,sí,no,140,676
aires-acondicionados/marcas/haier-viladecans.html,marca/ciudad,Viladecans,haier,,picture,aires-acondicionados/img/hero_split.jpg,sí,91,jpg,1200,900,sí,sí,sí,Haier en Viladecans,no,sí,167,621
aires-acondicionados/marcas/haier-viladecans.html,marca/ciudad,Viladecans,haier,,picture,aires-acondicionados/img/logo_zervitecnics.png,sí,31,png,560,120,sí,sí,sí,Zervitecnics,no,no,375,676
aires-acondicionados/marcas/haier-viladecans.html,marca/ciudad,Viladecans,haier,,og:image,aires-acondicionados/img/hero_main.jpg,sí,115,jpg,1400,787,no,sí,,,,,41,5
aires-acondicionados/marcas/haier-vilassar-de-mar.html,marca/ciudad,Vilassar de Mar,haier,,picture,aires-acondicionados/img/logo_zervitecnics.png,sí,31,png,560,120,sí,sí,sí,Zervitecnics,sí,no,140,676
aires-acondicionados/marcas/haier-vilassar-de-mar.html,marca/ciudad,Vilassar de Mar,haier,,picture,aires-acondicionados/img/hero_split.jpg,sí,91,jpg,1200,900,sí,sí,sí,Haier en Vilassar de Mar,no,sí,167,621
aires-acondicionados/marcas/haier-vilassar-de-mar.html,marca/ciudad,Vilassar de Mar,haier,,picture,aires-acondicionados/img/logo_zervitecnics.png,sí,31,png,560,120,sí,sí,sí,Zervitecnics,no,no,345,676
aires-acondicionados/marcas/haier-vilassar-de-mar.html,marca/ciudad,Vilassar de Mar,haier,,og:image,aires-acondicionados/img/hero_main.jpg,sí,115,jpg,1400,787,no,sí,,,,,41,5
aires-acondicionados/marcas/haier.html,marca/raiz,,haier,,picture,aires-acondicionados/img/logo_zervitecnics.png,sí,31,png,560,120,sí,sí,sí,Zervitecnics,sí,no,127,676
aires-acondicionados/marcas/haier.html,marca/raiz,,haier,,picture,aires-acondicionados/img/hero_split.jpg,sí,91,jpg,1200,900,sí,sí,sí,Instalación Haier en Barcelona,no,sí,154,621
aires-acondicionados/marcas/haier.html,marca/raiz,,haier,,picture,aires-acondicionados/img/logo_zervitecnics.png,sí,31,png,560,120,sí,sí,sí,Zervitecnics,no,no,358,676
aires-acondicionados/marcas/haier.html,marca/raiz,,haier,,og:image,aires-acondicionados/img/hero_main.jpg,sí,115,jpg,1400,787,no,sí,,,,,45,5
aires-acondicionados/marcas/hisense-2000-frigorias.html,marca/capacidad,,hisense,2000,picture,aires-acondicionados/img/logo_zervitecnics.png,sí,31,png,560,120,sí,sí,sí,Zervitecnics,sí,no,99,676
aires-acondicionados/marcas/hisense-2000-frigorias.html,marca/capacidad,,hisense,2000,picture,aires-acondicionados/img/hero_split.jpg,sí,91,jpg,1200,900,sí,sí,sí,Instalación Hisense 2000 frigorías Barcelona,no,sí,126,621
aires-acondicionados/marcas/hisense-2000-frigorias.html,marca/capacidad,,hisense,2000,picture,aires-acondicionados/img/logo_zervitecnics.png,sí,31,png,560,120,sí,sí,sí,Zervitecnics,no,no,271,676
aires-acondicionados/marcas/hisense-2000-frigorias.html,marca/capacidad,,hisense,2000,og:image,aires-acondicionados/img/hero_main.jpg,sí,115,jpg,1400,787,no,sí,,,,,41,5
aires-acondicionados/marcas/hisense-2500-frigorias.html,marca/capacidad,,hisense,2500,picture,aires-acondicionados/img/logo_zervitecnics.png,sí,31,png,560,120,sí,sí,sí,Zervitecnics,sí,no,99,676
aires-acondicionados/marcas/hisense-2500-frigorias.html,marca/capacidad,,hisense,2500,picture,aires-acondicionados/img/hero_split.jpg,sí,91,jpg,1200,900,sí,sí,sí,Instalación Hisense 2500 frigorías Barcelona,no,sí,126,621
aires-acondicionados/marcas/hisense-2500-frigorias.html,marca/capacidad,,hisense,2500,picture,aires-acondicionados/img/logo_zervitecnics.png,sí,31,png,560,120,sí,sí,sí,Zervitecnics,no,no,271,676
aires-acondicionados/marcas/hisense-2500-frigorias.html,marca/capacidad,,hisense,2500,og:image,aires-acondicionados/img/hero_main.jpg,sí,115,jpg,1400,787,no,sí,,,,,41,5
aires-acondicionados/marcas/hisense-4500-frigorias.html,marca/capacidad,,hisense,4500,picture,aires-acondicionados/img/logo_zervitecnics.png,sí,31,png,560,120,sí,sí,sí,Zervitecnics,sí,no,99,676
aires-acondicionados/marcas/hisense-4500-frigorias.html,marca/capacidad,,hisense,4500,picture,aires-acondicionados/img/hero_split.jpg,sí,91,jpg,1200,900,sí,sí,sí,Instalación Hisense 4500 frigorías Barcelona,no,sí,126,621
aires-acondicionados/marcas/hisense-4500-frigorias.html,marca/capacidad,,hisense,4500,picture,aires-acondicionados/img/logo_zervitecnics.png,sí,31,png,560,120,sí,sí,sí,Zervitecnics,no,no,271,676
aires-acondicionados/marcas/hisense-4500-frigorias.html,marca/capacidad,,hisense,4500,og:image,aires-acondicionados/img/hero_main.jpg,sí,115,jpg,1400,787,no,sí,,,,,41,5
aires-acondicionados/marcas/hisense-6000-frigorias.html,marca/capacidad,,hisense,6000,picture,aires-acondicionados/img/logo_zervitecnics.png,sí,31,png,560,120,sí,sí,sí,Zervitecnics,sí,no,99,676
aires-acondicionados/marcas/hisense-6000-frigorias.html,marca/capacidad,,hisense,6000,picture,aires-acondicionados/img/hero_split.jpg,sí,91,jpg,1200,900,sí,sí,sí,Instalación Hisense 6000 frigorías Barcelona,no,sí,126,621
aires-acondicionados/marcas/hisense-6000-frigorias.html,marca/capacidad,,hisense,6000,picture,aires-acondicionados/img/logo_zervitecnics.png,sí,31,png,560,120,sí,sí,sí,Zervitecnics,no,no,271,676
aires-acondicionados/marcas/hisense-6000-frigorias.html,marca/capacidad,,hisense,6000,og:image,aires-acondicionados/img/hero_main.jpg,sí,115,jpg,1400,787,no,sí,,,,,41,5
aires-acondicionados/marcas/hisense-arenys-de-mar.html,marca/ciudad,Arenys de Mar,hisense,,picture,aires-acondicionados/img/logo_zervitecnics.png,sí,31,png,560,120,sí,sí,sí,Zervitecnics,sí,no,140,676
aires-acondicionados/marcas/hisense-arenys-de-mar.html,marca/ciudad,Arenys de Mar,hisense,,picture,aires-acondicionados/img/hero_split.jpg,sí,91,jpg,1200,900,sí,sí,sí,Hisense en Arenys de Mar,no,sí,167,621
aires-acondicionados/marcas/hisense-arenys-de-mar.html,marca/ciudad,Arenys de Mar,hisense,,picture,aires-acondicionados/img/logo_zervitecnics.png,sí,31,png,560,120,sí,sí,sí,Zervitecnics,no,no,345,676
aires-acondicionados/marcas/hisense-arenys-de-mar.html,marca/ciudad,Arenys de Mar,hisense,,og:image,aires-acondicionados/img/hero_main.jpg,sí,115,jpg,1400,787,no,sí,,,,,41,5
aires-acondicionados/marcas/hisense-argentona.html,marca/ciudad,Argentona,hisense,,picture,aires-acondicionados/img/logo_zervitecnics.png,sí,31,png,560,120,sí,sí,sí,Zervitecnics,sí,no,140,676
aires-acondicionados/marcas/hisense-argentona.html,marca/ciudad,Argentona,hisense,,picture,aires-acondicionados/img/hero_split.jpg,sí,91,jpg,1200,900,sí,sí,sí,Hisense en Argentona,no,sí,167,621
aires-acondicionados/marcas/hisense-argentona.html,marca/ciudad,Argentona,hisense,,picture,aires-acondicionados/img/logo_zervitecnics.png,sí,31,png,560,120,sí,sí,sí,Zervitecnics,no,no,345,676
aires-acondicionados/marcas/hisense-argentona.html,marca/ciudad,Argentona,hisense,,og:image,aires-acondicionados/img/hero_main.jpg,sí,115,jpg,1400,787,no,sí,,,,,41,5
aires-acondicionados/marcas/hisense-badalona.html,marca/ciudad,Badalona,hisense,,picture,aires-acondicionados/img/logo_zervitecnics.png,sí,31,png,560,120,sí,sí,sí,Zervitecnics,sí,no,140,676
aires-acondicionados/marcas/hisense-badalona.html,marca/ciudad,Badalona,hisense,,picture,aires-acondicionados/img/hero_split.jpg,sí,91,jpg,1200,900,sí,sí,sí,Hisense en Badalona,no,sí,167,621
aires-acondicionados/marcas/hisense-badalona.html,marca/ciudad,Badalona,hisense,,picture,aires-acondicionados/img/logo_zervitecnics.png,sí,31,png,560,120,sí,sí,sí,Zervitecnics,no,no,376,676
aires-acondicionados/marcas/hisense-badalona.html,marca/ciudad,Badalona,hisense,,og:image,aires-acondicionados/img/hero_main.jpg,sí,115,jpg,1400,787,no,sí,,,,,41,5
aires-acondicionados/marcas/hisense-barbera-del-valles.html,marca/ciudad,Barberà del Vallès,hisense,,picture,aires-acondicionados/img/logo_zervitecnics.png,sí,31,png,560,120,sí,sí,sí,Zervitecnics,sí,no,140,676
aires-acondicionados/marcas/hisense-barbera-del-valles.html,marca/ciudad,Barberà del Vallès,hisense,,picture,aires-acondicionados/img/hero_split.jpg,sí,91,jpg,1200,900,sí,sí,sí,Hisense en Barberà del Vallès,no,sí,167,621
aires-acondicionados/marcas/hisense-barbera-del-valles.html,marca/ciudad,Barberà del Vallès,hisense,,picture,aires-acondicionados/img/logo_zervitecnics.png,sí,31,png,560,120,sí,sí,sí,Zervitecnics,no,no,345,676
aires-acondicionados/marcas/hisense-barbera-del-valles.html,marca/ciudad,Barberà del Vallès,hisense,,og:image,aires-acondicionados/img/hero_main.jpg,sí,115,jpg,1400,787,no,sí,,,,,41,5
aires-acondicionados/marcas/hisense-barcelona.html,marca/ciudad,Barcelona,hisense,,picture,aires-acondicionados/img/logo_zervitecnics.png,sí,31,png,560,120,sí,sí,sí,Zervitecnics,sí,no,140,676
aires-acondicionados/marcas/hisense-barcelona.html,marca/ciudad,Barcelona,hisense,,picture,aires-acondicionados/img/hero_split.jpg,sí,91,jpg,1200,900,sí,sí,sí,Hisense en Barcelona,no,sí,167,621
aires-acondicionados/marcas/hisense-barcelona.html,marca/ciudad,Barcelona,hisense,,picture,aires-acondicionados/img/logo_zervitecnics.png,sí,31,png,560,120,sí,sí,sí,Zervitecnics,no,no,375,676
aires-acondicionados/marcas/hisense-barcelona.html,marca/ciudad,Barcelona,hisense,,og:image,aires-acondicionados/img/hero_main.jpg,sí,115,jpg,1400,787,no,sí,,,,,41,5
aires-acondicionados/marcas/hisense-cabrils.html,marca/ciudad,Cabrils,hisense,,picture,aires-acondicionados/img/logo_zervitecnics.png,sí,31,png,560,120,sí,sí,sí,Zervitecnics,sí,no,140,676
aires-acondicionados/marcas/hisense-cabrils.html,marca/ciudad,Cabrils,hisense,,picture,aires-acondicionados/img/hero_split.jpg,sí,91,jpg,1200,900,sí,sí,sí,Hisense en Cabrils,no,sí,167,621
aires-acondicionados/marcas/hisense-cabrils.html,marca/ciudad,Cabrils,hisense,,picture,aires-acondicionados/img/logo_zervitecnics.png,sí,31,png,560,120,sí,sí,sí,Zervitecnics,no,no,345,676
aires-acondicionados/marcas/hisense-cabrils.html,marca/ciudad,Cabrils,hisense,,og:image,aires-acondicionados/img/hero_main.jpg,sí,115,jpg,1400,787,no,sí,,,,,41,5
aires-acondicionados/marcas/hisense-caldes-de-montbui.html,marca/ciudad,Caldes de Montbui,hisense,,picture,aires-acondicionados/img/logo_zervitecnics.png,sí,31,png,560,120,sí,sí,sí,Zervitecnics,sí,no,140,676
aires-acondicionados/marcas/hisense-caldes-de-montbui.html,marca/ciudad,Caldes de Montbui,hisense,,picture,aires-acondicionados/img/hero_split.jpg,sí,91,jpg,1200,900,sí,sí,sí,Hisense en Caldes de Montbui,no,sí,167,621
aires-acondicionados/marcas/hisense-caldes-de-montbui.html,marca/ciudad,Caldes de Montbui,hisense,,picture,aires-acondicionados/img/logo_zervitecnics.png,sí,31,png,560,120,sí,sí,sí,Zervitecnics,no,no,345,676
aires-acondicionados/marcas/hisense-caldes-de-montbui.html,marca/ciudad,Caldes de Montbui,hisense,,og:image,aires-acondicionados/img/hero_main.jpg,sí,115,jpg,1400,787,no,sí,,,,,41,5
aires-acondicionados/marcas/hisense-calella.html,marca/ciudad,Calella,hisense,,picture,aires-acondicionados/img/logo_zervitecnics.png,sí,31,png,560,120,sí,sí,sí,Zervitecnics,sí,no,140,676
aires-acondicionados/marcas/hisense-calella.html,marca/ciudad,Calella,hisense,,picture,aires-acondicionados/img/hero_split.jpg,sí,91,jpg,1200,900,sí,sí,sí,Hisense en Calella,no,sí,167,621
aires-acondicionados/marcas/hisense-calella.html,marca/ciudad,Calella,hisense,,picture,aires-acondicionados/img/logo_zervitecnics.png,sí,31,png,560,120,sí,sí,sí,Zervitecnics,no,no,345,676
aires-acondicionados/marcas/hisense-calella.html,marca/ciudad,Calella,hisense,,og:image,aires-acondicionados/img/hero_main.jpg,sí,115,jpg,1400,787,no,sí,,,,,41,5
aires-acondicionados/marcas/hisense-canet-de-mar.html,marca/ciudad,Canet de Mar,hisense,,picture,aires-acondicionados/img/logo_zervitecnics.png,sí,31,png,560,120,sí,sí,sí,Zervitecnics,sí,no,140,676
aires-acondicionados/marcas/hisense-canet-de-mar.html,marca/ciudad,Canet de Mar,hisense,,picture,aires-acondicionados/img/hero_split.jpg,sí,91,jpg,1200,900,sí,sí,sí,Hisense en Canet de Mar,no,sí,167,621
aires-acondicionados/marcas/hisense-canet-de-mar.html,marca/ciudad,Canet de Mar,hisense,,picture,aires-acondicionados/img/logo_zervitecnics.png,sí,31,png,560,120,sí,sí,sí,Zervitecnics,no,no,345,676
aires-acondicionados/marcas/hisense-canet-de-mar.html,marca/ciudad,Canet de Mar,hisense,,og:image,aires-acondicionados/img/hero_main.jpg,sí,115,jpg,1400,787,no,sí,,,,,41,5
aires-acondicionados/marcas/hisense-cardedeu.html,marca/ciudad,Cardedeu,hisense,,picture,aires-acondicionados/img/logo_zervitecnics.png,sí,31,png,560,120,sí,sí,sí,Zervitecnics,sí,no,140,676
aires-acondicionados/marcas/hisense-cardedeu.html,marca/ciudad,Cardedeu,hisense,,picture,aires-acondicionados/img/hero_split.jpg,sí,91,jpg,1200,900,sí,sí,sí,Hisense en Cardedeu,no,sí,167,621
aires-acondicionados/marcas/hisense-cardedeu.html,marca/ciudad,Cardedeu,hisense,,picture,aires-acondicionados/img/logo_zervitecnics.png,sí,31,png,560,120,sí,sí,sí,Zervitecnics,no,no,345,676
aires-acondicionados/marcas/hisense-cardedeu.html,marca/ciudad,Cardedeu,hisense,,og:image,aires-acondicionados/img/hero_main.jpg,sí,115,jpg,1400,787,no,sí,,,,,41,5
aires-acondicionados/marcas/hisense-castellar-del-valles.html,marca/ciudad,Castellar del Vallès,hisense,,picture,aires-acondicionados/img/logo_zervitecnics.png,sí,31,png,560,120,sí,sí,sí,Zervitecnics,sí,no,140,676
aires-acondicionados/marcas/hisense-castellar-del-valles.html,marca/ciudad,Castellar del Vallès,hisense,,picture,aires-acondicionados/img/hero_split.jpg,sí,91,jpg,1200,900,sí,sí,sí,Hisense en Castellar del Vallès,no,sí,167,621
aires-acondicionados/marcas/hisense-castellar-del-valles.html,marca/ciudad,Castellar del Vallès,hisense,,picture,aires-acondicionados/img/logo_zervitecnics.png,sí,31,png,560,120,sí,sí,sí,Zervitecnics,no,no,345,676
aires-acondicionados/marcas/hisense-castellar-del-valles.html,marca/ciudad,Castellar del Vallès,hisense,,og:image,aires-acondicionados/img/hero_main.jpg,sí,115,jpg,1400,787,no,sí,,,,,41,5
aires-acondicionados/marcas/hisense-castelldefels.html,marca/ciudad,Castelldefels,hisense,,picture,aires-acondicionados/img/logo_zervitecnics.png,sí,31,png,560,120,sí,sí,sí,Zervitecnics,sí,no,140,676
aires-acondicionados/marcas/hisense-castelldefels.html,marca/ciudad,Castelldefels,hisense,,picture,aires-acondicionados/img/hero_split.jpg,sí,91,jpg,1200,900,sí,sí,sí,Hisense en Castelldefels,no,sí,167,621
aires-acondicionados/marcas/hisense-castelldefels.html,marca/ciudad,Castelldefels,hisense,,picture,aires-acondicionados/img/logo_zervitecnics.png,sí,31,png,560,120,sí,sí,sí,Zervitecnics,no,no,376,676
aires-acondicionados/marcas/hisense-castelldefels.html,marca/ciudad,Castelldefels,hisense,,og:image,aires-acondicionados/img/hero_main.jpg,sí,115,jpg,1400,787,no,sí,,,,,41,5
aires-acondicionados/marcas/hisense-cerdanyola-del-valles.html,marca/ciudad,Cerdanyola del Vallès,hisense,,picture,aires-acondicionados/img/logo_zervitecnics.png,sí,31,png,560,120,sí,sí,sí,Zervitecnics,sí,no,140,676
aires-acondicionados/marcas/hisense-cerdanyola-del-valles.html,marca/ciudad,Cerdanyola del Vallès,hisense,,picture,aires-acondicionados/img/hero_split.jpg,sí,91,jpg,1200,900,sí,sí,sí,Hisense en Cerdanyola del Vallès,no,sí,167,621
aires-acondicionados/marcas/hisense-cerdanyola-del-valles.html,marca/ciudad,Cerdanyola del Vallès,hisense,,picture,aires-acondicionados/img/logo_zervitecnics.png,sí,31,png,560,120,sí,sí,sí,Zervitecnics,no,no,345,676
aires-acondicionados/marcas/hisense-cerdanyola-del-valles.html,marca/ciudad,Cerdanyola del Vallès,hisense,,og:image,aires-acondicionados/img/hero_main.jpg,sí,115,jpg,1400,787,no,sí,,,,,41,5
aires-acondicionados/marcas/hisense-cornella-de-llobregat.html,marca/ciudad,Cornellà de Llobregat,hisense,,picture,aires-acondicionados/img/logo_zervitecnics.png,sí,31,png,560,120,sí,sí,sí,Zervitecnics,sí,no,140,676
aires-acondicionados/marcas/hisense-cornella-de-llobregat.html,marca/ciudad,Cornellà de Llobregat,hisense,,picture,aires-acondicionados/img/hero_split.jpg,sí,91,jpg,1200,900,sí,sí,sí,Hisense en Cornellà de Llobregat,no,sí,167,621
aires-acondicionados/marcas/hisense-cornella-de-llobregat.html,marca/ciudad,Cornellà de Llobregat,hisense,,picture,aires-acondicionados/img/logo_zervitecnics.png,sí,31,png,560,120,sí,sí,sí,Zervitecnics,no,no,376,676
aires-acondicionados/marcas/hisense-cornella-de-llobregat.html,marca/ciudad,Cornellà de Llobregat,hisense,,og:image,aires-acondicionados/img/hero_main.jpg,sí,115,jpg,1400,787,no,sí,,,,,41,5
aires-acondicionados/marcas/hisense-el-masnou.html,marca/ciudad,El Masnou,hisense,,picture,aires-acondicionados/img/logo_zervitecnics.png,sí,31,png,560,120,sí,sí,sí,Zervitecnics,sí,no,140,676
aires-acondicionados/marcas/hisense-el-masnou.html,marca/ciudad,El Masnou,hisense,,picture,aires-acondicionados/img/hero_split.jpg,sí,91,jpg,1200,900,sí,sí,sí,Hisense en El Masnou,no,sí,167,621
aires-acondicionados/marcas/hisense-el-masnou.html,marca/ciudad,El Masnou,hisense,,picture,aires-acondicionados/img/logo_zervitecnics.png,sí,31,png,560,120,sí,sí,sí,Zervitecnics,no,no,345,676
aires-acondicionados/marcas/hisense-el-masnou.html,marca/ciudad,El Masnou,hisense,,og:image,aires-acondicionados/img/hero_main.jpg,sí,115,jpg,1400,787,no,sí,,,,,41,5
aires-acondicionados/marcas/hisense-el-prat-de-llobregat.html,marca/ciudad,El Prat de Llobregat,hisense,,picture,aires-acondicionados/img/logo_zervitecnics.png,sí,31,png,560,120,sí,sí,sí,Zervitecnics,sí,no,140,676
aires-acondicionados/marcas/hisense-el-prat-de-llobregat.html,marca/ciudad,El Prat de Llobregat,hisense,,picture,aires-acondicionados/img/hero_split.jpg,sí,91,jpg,1200,900,sí,sí,sí,Hisense en El Prat de Llobregat,no,sí,167,621
aires-acondicionados/marcas/hisense-el-prat-de-llobregat.html,marca/ciudad,El Prat de Llobregat,hisense,,picture,aires-acondicionados/img/logo_zervitecnics.png,sí,31,png,560,120,sí,sí,sí,Zervitecnics,no,no,375,676
aires-acondicionados/marcas/hisense-el-prat-de-llobregat.html,marca/ciudad,El Prat de Llobregat,hisense,,og:image,aires-acondicionados/img/hero_main.jpg,sí,115,jpg,1400,787,no,sí,,,,,41,5
aires-acondicionados/marcas/hisense-esplugues-de-llobregat.html,marca/ciudad,Esplugues de Llobregat,hisense,,picture,aires-acondicionados/img/logo_zervitecnics.png,sí,31,png,560,120,sí,sí,sí,Zervitecnics,sí,no,140,676
aires-acondicionados/marcas/hisense-esplugues-de-llobregat.html,marca/ciudad,Esplugues de Llobregat,hisense,,picture,aires-acondicionados/img/hero_split.jpg,sí,91,jpg,1200,900,sí,sí,sí,Hisense en Esplugues de Llobregat,no,sí,167,621
aires-acondicionados/marcas/hisense-esplugues-de-llobregat.html,marca/ciudad,Esplugues de Llobregat,hisense,,picture,aires-acondicionados/img/logo_zervitecnics.png,sí,31,png,560,120,sí,sí,sí,Zervitecnics,no,no,375,676
aires-acondicionados/marcas/hisense-esplugues-de-llobregat.html,marca/ciudad,Esplugues de Llobregat,hisense,,og:image,aires-acondicionados/img/hero_main.jpg,sí,115,jpg,1400,787,no,sí,,,,,41,5
aires-acondicionados/marcas/hisense-gava.html,marca/ciudad,Gavà,hisense,,picture,aires-acondicionados/img/logo_zervitecnics.png,sí,31,png,560,120,sí,sí,sí,Zervitecnics,sí,no,140,676
aires-acondicionados/marcas/hisense-gava.html,marca/ciudad,Gavà,hisense,,picture,aires-acondicionados/img/hero_split.jpg,sí,91,jpg,1200,900,sí,sí,sí,Hisense en Gavà,no,sí,167,621
aires-acondicionados/marcas/hisense-gava.html,marca/ciudad,Gavà,hisense,,picture,aires-acondicionados/img/logo_zervitecnics.png,sí,31,png,560,120,sí,sí,sí,Zervitecnics,no,no,375,676
aires-acondicionados/marcas/hisense-gava.html,marca/ciudad,Gavà,hisense,,og:image,aires-acondicionados/img/hero_main.jpg,sí,115,jpg,1400,787,no,sí,,,,,41,5
aires-acondicionados/marcas/hisense-granollers.html,marca/ciudad,Granollers,hisense,,picture,aires-acondicionados/img/logo_zervitecnics.png,sí,31,png,560,120,sí,sí,sí,Zervitecnics,sí,no,140,676
aires-acondicionados/marcas/hisense-granollers.html,marca/ciudad,Granollers,hisense,,picture,aires-acondicionados/img/hero_split.jpg,sí,91,jpg,1200,900,sí,sí,sí,Hisense en Granollers,no,sí,167,621
aires-acondicionados/marcas/hisense-granollers.html,marca/ciudad,Granollers,hisense,,picture,aires-acondicionados/img/logo_zervitecnics.png,sí,31,png,560,120,sí,sí,sí,Zervitecnics,no,no,345,676
aires-acondicionados/marcas/hisense-granollers.html,marca/ciudad,Granollers,hisense,,og:image,aires-acondicionados/img/hero_main.jpg,sí,115,jpg,1400,787,no,sí,,,,,41,5
aires-acondicionados/marcas/hisense-hospitalet-de-llobregat.html,marca/ciudad,L'Hospitalet de Llobregat,hisense,,picture,aires-acondicionados/img/logo_zervitecnics.png,sí,31,png,560,120,sí,sí,sí,Zervitecnics,sí,no,140,676
aires-acondicionados/marcas/hisense-hospitalet-de-llobregat.html,marca/ciudad,L'Hospitalet de Llobregat,hisense,,picture,aires-acondicionados/img/hero_split.jpg,sí,91,jpg,1200,900,sí,sí,sí,Hisense en L'Hospitalet de Llobregat,no,sí,167,621
aires-acondicionados/marcas/hisense-hospitalet-de-llobregat.html,marca/ciudad,L'Hospitalet de Llobregat,hisense,,picture,aires-acondicionados/img/logo_zervitecnics.png,sí,31,png,560,120,sí,sí,sí,Zervitecnics,no,no,376,676
aires-acondicionados/marcas/hisense-hospitalet-de-llobregat.html,marca/ciudad,L'Hospitalet de Llobregat,hisense,,og:image,aires-acondicionados/img/hero_main.jpg,sí,115,jpg,1400,787,no,sí,,,,,41,5
aires-acondicionados/marcas/hisense-la-garriga.html,marca/ciudad,La Garriga,hisense,,picture,aires-acondicionados/img/logo_zervitecnics.png,sí,31,png,560,120,sí,sí,sí,Zervitecnics,sí,no,140,676
aires-acondicionados/marcas/hisense-la-garriga.html,marca/ciudad,La Garriga,hisense,,picture,aires-acondicionados/img/hero_split.jpg,sí,91,jpg,1200,900,sí,sí,sí,Hisense en La Garriga,no,sí,167,621
aires-acondicionados/marcas/hisense-la-garriga.html,marca/ciudad,La Garriga,hisense,,picture,aires-acondicionados/img/logo_zervitecnics.png,sí,31,png,560,120,sí,sí,sí,Zervitecnics,no,no,345,676
aires-acondicionados/marcas/hisense-la-garriga.html,marca/ciudad,La Garriga,hisense,,og:image,aires-acondicionados/img/hero_main.jpg,sí,115,jpg,1400,787,no,sí,,,,,41,5
aires-acondicionados/marcas/hisense-mataro.html,marca/ciudad,Mataró,hisense,,picture,aires-acondicionados/img/logo_zervitecnics.png,sí,31,png,560,120,sí,sí,sí,Zervitecnics,sí,no,140,676
aires-acondicionados/marcas/hisense-mataro.html,marca/ciudad,Mataró,hisense,,picture,aires-acondicionados/img/hero_split.jpg,sí,91,jpg,1200,900,sí,sí,sí,Hisense en Mataró,no,sí,167,621
aires-acondicionados/marcas/hisense-mataro.html,marca/ciudad,Mataró,hisense,,picture,aires-acondicionados/img/logo_zervitecnics.png,sí,31,png,560,120,sí,sí,sí,Zervitecnics,no,no,345,676
aires-acondicionados/marcas/hisense-mataro.html,marca/ciudad,Mataró,hisense,,og:image,aires-acondicionados/img/hero_main.jpg,sí,115,jpg,1400,787,no,sí,,,,,41,5
aires-acondicionados/marcas/hisense-mollet-del-valles.html,marca/ciudad,Mollet del Vallès,hisense,,picture,aires-acondicionados/img/logo_zervitecnics.png,sí,31,png,560,120,sí,sí,sí,Zervitecnics,sí,no,140,676
aires-acondicionados/marcas/hisense-mollet-del-valles.html,marca/ciudad,Mollet del Vallès,hisense,,picture,aires-acondicionados/img/hero_split.jpg,sí,91,jpg,1200,900,sí,sí,sí,Hisense en Mollet del Vallès,no,sí,167,621
aires-acondicionados/marcas/hisense-mollet-del-valles.html,marca/ciudad,Mollet del Vallès,hisense,,picture,aires-acondicionados/img/logo_zervitecnics.png,sí,31,png,560,120,sí,sí,sí,Zervitecnics,no,no,345,676
aires-acondicionados/marcas/hisense-mollet-del-valles.html,marca/ciudad,Mollet del Vallès,hisense,,og:image,aires-acondicionados/img/hero_main.jpg,sí,115,jpg,1400,787,no,sí,,,,,41,5
aires-acondicionados/marcas/hisense-parets-del-valles.html,marca/ciudad,Parets del Vallès,hisense,,picture,aires-acondicionados/img/logo_zervitecnics.png,sí,31,png,560,120,sí,sí,sí,Zervitecnics,sí,no,140,676
aires-acondicionados/marcas/hisense-parets-del-valles.html,marca/ciudad,Parets del Vallès,hisense,,picture,aires-acondicionados/img/hero_split.jpg,sí,91,jpg,1200,900,sí,sí,sí,Hisense en Parets del Vallès,no,sí,167,621
aires-acondicionados/marcas/hisense-parets-del-valles.html,marca/ciudad,Parets del Vallès,hisense,,picture,aires-acondicionados/img/logo_zervitecnics.png,sí,31,png,560,120,sí,sí,sí,Zervitecnics,no,no,345,676
aires-acondicionados/marcas/hisense-parets-del-valles.html,marca/ciudad,Parets del Vallès,hisense,,og:image,aires-acondicionados/img/hero_main.jpg,sí,115,jpg,1400,787,no,sí,,,,,41,5
aires-acondicionados/marcas/hisense-pineda-de-mar.html,marca/ciudad,Pineda de Mar,hisense,,picture,aires-acondicionados/img/logo_zervitecnics.png,sí,31,png,560,120,sí,sí,sí,Zervitecnics,sí,no,140,676
aires-acondicionados/marcas/hisense-pineda-de-mar.html,marca/ciudad,Pineda de Mar,hisense,,picture,aires-acondicionados/img/hero_split.jpg,sí,91,jpg,1200,900,sí,sí,sí,Hisense en Pineda de Mar,no,sí,167,621
aires-acondicionados/marcas/hisense-pineda-de-mar.html,marca/ciudad,Pineda de Mar,hisense,,picture,aires-acondicionados/img/logo_zervitecnics.png,sí,31,png,560,120,sí,sí,sí,Zervitecnics,no,no,345,676
aires-acondicionados/marcas/hisense-pineda-de-mar.html,marca/ciudad,Pineda de Mar,hisense,,og:image,aires-acondicionados/img/hero_main.jpg,sí,115,jpg,1400,787,no,sí,,,,,41,5
aires-acondicionados/marcas/hisense-premia-de-mar.html,marca/ciudad,Premià de Mar,hisense,,picture,aires-acondicionados/img/logo_zervitecnics.png,sí,31,png,560,120,sí,sí,sí,Zervitecnics,sí,no,140,676
aires-acondicionados/marcas/hisense-premia-de-mar.html,marca/ciudad,Premià de Mar,hisense,,picture,aires-acondicionados/img/hero_split.jpg,sí,91,jpg,1200,900,sí,sí,sí,Hisense en Premià de Mar,no,sí,167,621
aires-acondicionados/marcas/hisense-premia-de-mar.html,marca/ciudad,Premià de Mar,hisense,,picture,aires-acondicionados/img/logo_zervitecnics.png,sí,31,png,560,120,sí,sí,sí,Zervitecnics,no,no,345,676
aires-acondicionados/marcas/hisense-premia-de-mar.html,marca/ciudad,Premià de Mar,hisense,,og:image,aires-acondicionados/img/hero_main.jpg,sí,115,jpg,1400,787,no,sí,,,,,41,5
aires-acondicionados/marcas/hisense-rubi.html,marca/ciudad,Rubí,hisense,,picture,aires-acondicionados/img/logo_zervitecnics.png,sí,31,png,560,120,sí,sí,sí,Zervitecnics,sí,no,140,676
aires-acondicionados/marcas/hisense-rubi.html,marca/ciudad,Rubí,hisense,,picture,aires-acondicionados/img/hero_split.jpg,sí,91,jpg,1200,900,sí,sí,sí,Hisense en Rubí,no,sí,167,621
aires-acondicionados/marcas/hisense-rubi.html,marca/ciudad,Rubí,hisense,,picture,aires-acondicionados/img/logo_zervitecnics.png,sí,31,png,560,120,sí,sí,sí,Zervitecnics,no,no,345,676
aires-acondicionados/marcas/hisense-rubi.html,marca/ciudad,Rubí,hisense,,og:image,aires-acondicionados/img/hero_main.jpg,sí,115,jpg,1400,787,no,sí,,,,,41,5
aires-acondicionados/marcas/hisense-sabadell.html,marca/ciudad,Sabadell,hisense,,picture,aires-acondicionados/img/logo_zervitecnics.png,sí,31,png,560,120,sí,sí,sí,Zervitecnics,sí,no,140,676
aires-acondicionados/marcas/hisense-sabadell.html,marca/ciudad,Sabadell,hisense,,picture,aires-acondicionados/img/hero_split.jpg,sí,91,jpg,1200,900,sí,sí,sí,Hisense en Sabadell,no,sí,167,621
aires-acondicionados/marcas/hisense-sabadell.html,marca/ciudad,Sabadell,hisense,,picture,aires-acondicionados/img/logo_zervitecnics.png,sí,31,png,560,120,sí,sí,sí,Zervitecnics,no,no,376,676
aires-acondicionados/marcas/hisense-sabadell.html,marca/ciudad,Sabadell,hisense,,og:image,aires-acondicionados/img/hero_main.jpg,sí,115,jpg,1400,787,no,sí,,,,,41,5
aires-acondicionados/marcas/hisense-sant-adria-de-besos.html,marca/ciudad,Sant Adrià de Besòs,hisense,,picture,aires-acondicionados/img/logo_zervitecnics.png,sí,31,png,560,120,sí,sí,sí,Zervitecnics,sí,no,140,676
aires-acondicionados/marcas/hisense-sant-adria-de-besos.html,marca/ciudad,Sant Adrià de Besòs,hisense,,picture,aires-acondicionados/img/hero_split.jpg,sí,91,jpg,1200,900,sí,sí,sí,Hisense en Sant Adrià de Besòs,no,sí,167,621
aires-acondicionados/marcas/hisense-sant-adria-de-besos.html,marca/ciudad,Sant Adrià de Besòs,hisense,,picture,aires-acondicionados/img/logo_zervitecnics.png,sí,31,png,560,120,sí,sí,sí,Zervitecnics,no,no,375,676
aires-acondicionados/marcas/hisense-sant-adria-de-besos.html,marca/ciudad,Sant Adrià de Besòs,hisense,,og:image,aires-acondicionados/img/hero_main.jpg,sí,115,jpg,1400,787,no,sí,,,,,41,5
aires-acondicionados/marcas/hisense-sant-boi-de-llobregat.html,marca/ciudad,Sant Boi de Llobregat,hisense,,picture,aires-acondicionados/img/logo_zervitecnics.png,sí,31,png,560,120,sí,sí,sí,Zervitecnics,sí,no,140,676
aires-acondicionados/marcas/hisense-sant-boi-de-llobregat.html,marca/ciudad,Sant Boi de Llobregat,hisense,,picture,aires-acondicionados/img/hero_split.jpg,sí,91,jpg,1200,900,sí,sí,sí,Hisense en Sant Boi de Llobregat,no,sí,167,621
aires-acondicionados/marcas/hisense-sant-boi-de-llobregat.html,marca/ciudad,Sant Boi de Llobregat,hisense,,picture,aires-acondicionados/img/logo_zervitecnics.png,sí,31,png,560,120,sí,sí,sí,Zervitecnics,no,no,375,676
aires-acondicionados/marcas/hisense-sant-boi-de-llobregat.html,marca/ciudad,Sant Boi de Llobregat,hisense,,og:image,aires-acondicionados/img/hero_main.jpg,sí,115,jpg,1400,787,no,sí,,,,,41,5
aires-acondicionados/marcas/hisense-sant-celoni.html,marca/ciudad,Sant Celoni,hisense,,picture,aires-acondicionados/img/logo_zervitecnics.png,sí,31,png,560,120,sí,sí,sí,Zervitecnics,sí,no,140,676
aires-acondicionados/marcas/hisense-sant-celoni.html,marca/ciudad,Sant Celoni,hisense,,picture,aires-acondicionados/img/hero_split.jpg,sí,91,jpg,1200,900,sí,sí,sí,Hisense en Sant Celoni,no,sí,167,621
aires-acondicionados/marcas/hisense-sant-celoni.html,marca/ciudad,Sant Celoni,hisense,,picture,aires-acondicionados/img/logo_zervitecnics.png,sí,31,png,560,120,sí,sí,sí,Zervitecnics,no,no,345,676
aires-acondicionados/marcas/hisense-sant-celoni.html,marca/ciudad,Sant Celoni,hisense,,og:image,aires-acondicionados/img/hero_main.jpg,sí,115,jpg,1400,787,no,sí,,,,,41,5
aires-acondicionados/marcas/hisense-sant-cugat-del-valles.html,marca/ciudad,Sant Cugat del Vallès,hisense,,picture,aires-acondicionados/img/logo_zervitecnics.png,sí,31,png,560,120,sí,sí,sí,Zervitecnics,sí,no,140,676
aires-acondicionados/marcas/hisense-sant-cugat-del-valles.html,marca/ciudad,Sant Cugat del Vallès,hisense,,picture,aires-acondicionados/img/hero_split.jpg,sí,91,jpg,1200,900,sí,sí,sí,Hisense en Sant Cugat del Vallès,no,sí,167,621
aires-acondicionados/marcas/hisense-sant-cugat-del-valles.html,marca/ciudad,Sant Cugat del Vallès,hisense,,picture,aires-acondicionados/img/logo_zervitecnics.png,sí,31,png,560,120,sí,sí,sí,Zervitecnics,no,no,376,676
aires-acondicionados/marcas/hisense-sant-cugat-del-valles.html,marca/ciudad,Sant Cugat del Vallès,hisense,,og:image,aires-acondicionados/img/hero_main.jpg,sí,115,jpg,1400,787,no,sí,,,,,41,5
aires-acondicionados/marcas/hisense-sant-joan-despi.html,marca/ciudad,Sant Joan Despí,hisense,,picture,aires-acondicionados/img/logo_zervitecnics.png,sí,31,png,560,120,sí,sí,sí,Zervitecnics,sí,no,140,676
aires-acondicionados/marcas/hisense-sant-joan-despi.html,marca/ciudad,Sant Joan Despí,hisense,,picture,aires-acondicionados/img/hero_split.jpg,sí,91,jpg,1200,900,sí,sí,sí,Hisense en Sant Joan Despí,no,sí,167,621
aires-acondicionados/marcas/hisense-sant-joan-despi.html,marca/ciudad,Sant Joan Despí,hisense,,picture,aires-acondicionados/img/logo_zervitecnics.png,sí,31,png,560,120,sí,sí,sí,Zervitecnics,no,no,375,676
aires-acondicionados/marcas/hisense-sant-joan-despi.html,marca/ciudad,Sant Joan Despí,hisense,,og:image,aires-acondicionados/img/hero_main.jpg,sí,115,jpg,1400,787,no,sí,,,,,41,5
aires-acondicionados/marcas/hisense-sant-just-desvern.html,marca/ciudad,Sant Just Desvern,hisense,,picture,aires-acondicionados/img/logo_zervitecnics.png,sí,31,png,560,120,sí,sí,sí,Zervitecnics,sí,no,140,676
aires-acondicionados/marcas/hisense-sant-just-desvern.html,marca/ciudad,Sant Just Desvern,hisense,,picture,aires-acondicionados/img/hero_split.jpg,sí,91,jpg,1200,900,sí,sí,sí,Hisense en Sant Just Desvern,no,sí,167,621
aires-acondicionados/marcas/hisense-sant-just-desvern.html,marca/ciudad,Sant Just Desvern,hisense,,picture,aires-acondicionados/img/logo_zervitecnics.png,sí,31,png,560,120,sí,sí,sí,Zervitecnics,no,no,375,676
aires-acondicionados/marcas/hisense-sant-just-desvern.html,marca/ciudad,Sant Just Desvern,hisense,,og:image,aires-acondicionados/img/hero_main.jpg,sí,115,jpg,1400,787,no,sí,,,,,41,5
aires-acondicionados/marcas/hisense-sant-quirze-del-valles.html,marca/ciudad,Sant Quirze del Vallès,hisense,,picture,aires-acondicionados/img/logo_zervitecnics.png,sí,31,png,560,120,sí,sí,sí,Zervitecnics,sí,no,140,676
aires-acondicionados/marcas/hisense-sant-quirze-del-valles.html,marca/ciudad,Sant Quirze del Vallès,hisense,,picture,aires-acondicionados/img/hero_split.jpg,sí,91,jpg,1200,900,sí,sí,sí,Hisense en Sant Quirze del Vallès,no,sí,167,621
aires-acondicionados/marcas/hisense-sant-quirze-del-valles.html,marca/ciudad,Sant Quirze del Vallès,hisense,,picture,aires-acondicionados/img/logo_zervitecnics.png,sí,31,png,560,120,sí,sí,sí,Zervitecnics,no,no,345,676
aires-acondicionados/marcas/hisense-sant-quirze-del-valles.html,marca/ciudad,Sant Quirze del Vallès,hisense,,og:image,aires-acondicionados/img/hero_main.jpg,sí,115,jpg,1400,787,no,sí,,,,,41,5
aires-acondicionados/marcas/hisense-santa-coloma-de-gramenet.html,marca/ciudad,Santa Coloma de Gramenet,hisense,,picture,aires-acondicionados/img/logo_zervitecnics.png,sí,31,png,560,120,sí,sí,sí,Zervitecnics,sí,no,140,676
aires-acondicionados/marcas/hisense-santa-coloma-de-gramenet.html,marca/ciudad,Santa Coloma de Gramenet,hisense,,picture,aires-acondicionados/img/hero_split.jpg,sí,91,jpg,1200,900,sí,sí,sí,Hisense en Santa Coloma de Gramenet,no,sí,167,621
aires-acondicionados/marcas/hisense-santa-coloma-de-gramenet.html,marca/ciudad,Santa Coloma de Gramenet,hisense,,picture,aires-acondicionados/img/logo_zervitecnics.png,sí,31,png,560,120,sí,sí,sí,Zervitecnics,no,no,375,676
aires-acondicionados/marcas/hisense-santa-coloma-de-gramenet.html,marca/ciudad,Santa Coloma de Gramenet,hisense,,og:image,aires-acondicionados/img/hero_main.jpg,sí,115,jpg,1400,787,no,sí,,,,,41,5
aires-acondicionados/marcas/hisense-sitges.html,marca/ciudad,Sitges,hisense,,picture,aires-acondicionados/img/logo_zervitecnics.png,sí,31,png,560,120,sí,sí,sí,Zervitecnics,sí,no,140,676
aires-acondicionados/marcas/hisense-sitges.html,marca/ciudad,Sitges,hisense,,picture,aires-acondicionados/img/hero_split.jpg,sí,91,jpg,1200,900,sí,sí,sí,Hisense en Sitges,no,sí,167,621
aires-acondicionados/marcas/hisense-sitges.html,marca/ciudad,Sitges,hisense,,picture,aires-acondicionados/img/logo_zervitecnics.png,sí,31,png,560,120,sí,sí,sí,Zervitecnics,no,no,345,676
aires-acondicionados/marcas/hisense-sitges.html,marca/ciudad,Sitges,hisense,,og:image,aires-acondicionados/img/hero_main.jpg,sí,115,jpg,1400,787,no,sí,,,,,41,5
aires-acondicionados/marcas/hisense-terrassa.html,marca/ciudad,Terrassa,hisense,,picture,aires-acondicionados/img/logo_zervitecnics.png,sí,31,png,560,120,sí,sí,sí,Zervitecnics,sí,no,140,676
aires-acondicionados/marcas/hisense-terrassa.html,marca/ciudad,Terrassa,hisense,,picture,aires-acondicionados/img/hero_split.jpg,sí,91,jpg,1200,900,sí,sí,sí,Hisense en Terrassa,no,sí,167,621
aires-acondicionados/marcas/hisense-terrassa.html,marca/ciudad,Terrassa,hisense,,picture,aires-acondicionados/img/logo_zervitecnics.png,sí,31,png,560,120,sí,sí,sí,Zervitecnics,no,no,376,676
aires-acondicionados/marcas/hisense-terrassa.html,marca/ciudad,Terrassa,hisense,,og:image,aires-acondicionados/img/hero_main.jpg,sí,115,jpg,1400,787,no,sí,,,,,41,5
aires-acondicionados/marcas/hisense-viladecans.html,marca/ciudad,Viladecans,hisense,,picture,aires-acondicionados/img/logo_zervitecnics.png,sí,31,png,560,120,sí,sí,sí,Zervitecnics,sí,no,140,676
aires-acondicionados/marcas/hisense-viladecans.html,marca/ciudad,Viladecans,hisense,,picture,aires-acondicionados/img/hero_split.jpg,sí,91,jpg,1200,900,sí,sí,sí,Hisense en Viladecans,no,sí,167,621
aires-acondicionados/marcas/hisense-viladecans.html,marca/ciudad,Viladecans,hisense,,picture,aires-acondicionados/img/logo_zervitecnics.png,sí,31,png,560,120,sí,sí,sí,Zervitecnics,no,no,375,676
aires-acondicionados/marcas/hisense-viladecans.html,marca/ciudad,Viladecans,hisense,,og:image,aires-acondicionados/img/hero_main.jpg,sí,115,jpg,1400,787,no,sí,,,,,41,5
aires-acondicionados/marcas/hisense-vilassar-de-mar.html,marca/ciudad,Vilassar de Mar,hisense,,picture,aires-acondicionados/img/logo_zervitecnics.png,sí,31,png,560,120,sí,sí,sí,Zervitecnics,sí,no,140,676
aires-acondicionados/marcas/hisense-vilassar-de-mar.html,marca/ciudad,Vilassar de Mar,hisense,,picture,aires-acondicionados/img/hero_split.jpg,sí,91,jpg,1200,900,sí,sí,sí,Hisense en Vilassar de Mar,no,sí,167,621
aires-acondicionados/marcas/hisense-vilassar-de-mar.html,marca/ciudad,Vilassar de Mar,hisense,,picture,aires-acondicionados/img/logo_zervitecnics.png,sí,31,png,560,120,sí,sí,sí,Zervitecnics,no,no,345,676
aires-acondicionados/marcas/hisense-vilassar-de-mar.html,marca/ciudad,Vilassar de Mar,hisense,,og:image,aires-acondicionados/img/hero_main.jpg,sí,115,jpg,1400,787,no,sí,,,,,41,5
aires-acondicionados/marcas/hisense.html,marca/raiz,,hisense,,picture,aires-acondicionados/img/logo_zervitecnics.png,sí,31,png,560,120,sí,sí,sí,Zervitecnics,sí,no,112,676
aires-acondicionados/marcas/hisense.html,marca/raiz,,hisense,,picture,aires-acondicionados/img/hero_main.jpg,sí,115,jpg,1400,787,sí,sí,sí,Instalación Hisense en Barcelona,no,sí,139,5
aires-acondicionados/marcas/hisense.html,marca/raiz,,hisense,,picture,aires-acondicionados/img/logo_zervitecnics.png,sí,31,png,560,120,sí,sí,sí,Zervitecnics,no,no,342,676
aires-acondicionados/marcas/hisense.html,marca/raiz,,hisense,,og:image,aires-acondicionados/img/hero_main.jpg,sí,115,jpg,1400,787,no,sí,,,,,45,5
aires-acondicionados/marcas/lg-2000-frigorias.html,marca/capacidad,,lg,2000,picture,aires-acondicionados/img/logo_zervitecnics.png,sí,31,png,560,120,sí,sí,sí,Zervitecnics,sí,no,99,676
aires-acondicionados/marcas/lg-2000-frigorias.html,marca/capacidad,,lg,2000,picture,aires-acondicionados/img/hero_split.jpg,sí,91,jpg,1200,900,sí,sí,sí,Instalación LG 2000 frigorías Barcelona,no,sí,126,621
aires-acondicionados/marcas/lg-2000-frigorias.html,marca/capacidad,,lg,2000,picture,aires-acondicionados/img/logo_zervitecnics.png,sí,31,png,560,120,sí,sí,sí,Zervitecnics,no,no,271,676
aires-acondicionados/marcas/lg-2000-frigorias.html,marca/capacidad,,lg,2000,og:image,aires-acondicionados/img/hero_main.jpg,sí,115,jpg,1400,787,no,sí,,,,,41,5
aires-acondicionados/marcas/lg-2500-frigorias.html,marca/capacidad,,lg,2500,picture,aires-acondicionados/img/logo_zervitecnics.png,sí,31,png,560,120,sí,sí,sí,Zervitecnics,sí,no,99,676
aires-acondicionados/marcas/lg-2500-frigorias.html,marca/capacidad,,lg,2500,picture,aires-acondicionados/img/hero_split.jpg,sí,91,jpg,1200,900,sí,sí,sí,Instalación LG 2500 frigorías Barcelona,no,sí,126,621
aires-acondicionados/marcas/lg-2500-frigorias.html,marca/capacidad,,lg,2500,picture,aires-acondicionados/img/logo_zervitecnics.png,sí,31,png,560,120,sí,sí,sí,Zervitecnics,no,no,271,676
aires-acondicionados/marcas/lg-2500-frigorias.html,marca/capacidad,,lg,2500,og:image,aires-acondicionados/img/hero_main.jpg,sí,115,jpg,1400,787,no,sí,,,,,41,5
aires-acondicionados/marcas/lg-4500-frigorias.html,marca/capacidad,,lg,4500,picture,aires-acondicionados/img/logo_zervitecnics.png,sí,31,png,560,120,sí,sí,sí,Zervitecnics,sí,no,99,676
aires-acondicionados/marcas/lg-4500-frigorias.html,marca/capacidad,,lg,4500,picture,aires-acondicionados/img/hero_split.jpg,sí,91,jpg,1200,900,sí,sí,sí,Instalación LG 4500 frigorías Barcelona,no,sí,126,621
aires-acondicionados/marcas/lg-4500-frigorias.html,marca/capacidad,,lg,4500,picture,aires-acondicionados/img/logo_zervitecnics.png,sí,31,png,560,120,sí,sí,sí,Zervitecnics,no,no,271,676
aires-acondicionados/marcas/lg-4500-frigorias.html,marca/capacidad,,lg,4500,og:image,aires-acondicionados/img/hero_main.jpg,sí,115,jpg,1400,787,no,sí,,,,,41,5
aires-acondicionados/marcas/lg-6000-frigorias.html,marca/capacidad,,lg,6000,picture,aires-acondicionados/img/logo_zervitecnics.png,sí,31,png,560,120,sí,sí,sí,Zervitecnics,sí,no,99,676
aires-acondicionados/marcas/lg-6000-frigorias.html,marca/capacidad,,lg,6000,picture,aires-acondicionados/img/hero_split.jpg,sí,91,jpg,1200,900,sí,sí,sí,Instalación LG 6000 frigorías Barcelona,no,sí,126,621
aires-acondicionados/marcas/lg-6000-frigorias.html,marca/capacidad,,lg,6000,picture,aires-acondicionados/img/logo_zervitecnics.png,sí,31,png,560,120,sí,sí,sí,Zervitecnics,no,no,271,676
aires-acondicionados/marcas/lg-6000-frigorias.html,marca/capacidad,,lg,6000,og:image,aires-acondicionados/img/hero_main.jpg,sí,115,jpg,1400,787,no,sí,,,,,41,5
aires-acondicionados/marcas/lg-arenys-de-mar.html,marca/ciudad,Arenys de Mar,lg,,picture,aires-acondicionados/img/logo_zervitecnics.png,sí,31,png,560,120,sí,sí,sí,Zervitecnics,sí,no,140,676
aires-acondicionados/marcas/lg-arenys-de-mar.html,marca/ciudad,Arenys de Mar,lg,,picture,aires-acondicionados/img/hero_split.jpg,sí,91,jpg,1200,900,sí,sí,sí,LG en Arenys de Mar,no,sí,167,621
aires-acondicionados/marcas/lg-arenys-de-mar.html,marca/ciudad,Arenys de Mar,lg,,picture,aires-acondicionados/img/logo_zervitecnics.png,sí,31,png,560,120,sí,sí,sí,Zervitecnics,no,no,345,676
aires-acondicionados/marcas/lg-arenys-de-mar.html,marca/ciudad,Arenys de Mar,lg,,og:image,aires-acondicionados/img/hero_main.jpg,sí,115,jpg,1400,787,no,sí,,,,,41,5
aires-acondicionados/marcas/lg-argentona.html,marca/ciudad,Argentona,lg,,picture,aires-acondicionados/img/logo_zervitecnics.png,sí,31,png,560,120,sí,sí,sí,Zervitecnics,sí,no,140,676
aires-acondicionados/marcas/lg-argentona.html,marca/ciudad,Argentona,lg,,picture,aires-acondicionados/img/hero_split.jpg,sí,91,jpg,1200,900,sí,sí,sí,LG en Argentona,no,sí,167,621
aires-acondicionados/marcas/lg-argentona.html,marca/ciudad,Argentona,lg,,picture,aires-acondicionados/img/logo_zervitecnics.png,sí,31,png,560,120,sí,sí,sí,Zervitecnics,no,no,345,676
aires-acondicionados/marcas/lg-argentona.html,marca/ciudad,Argentona,lg,,og:image,aires-acondicionados/img/hero_main.jpg,sí,115,jpg,1400,787,no,sí,,,,,41,5
aires-acondicionados/marcas/lg-badalona.html,marca/ciudad,Badalona,lg,,picture,aires-acondicionados/img/logo_zervitecnics.png,sí,31,png,560,120,sí,sí,sí,Zervitecnics,sí,no,140,676
aires-acondicionados/marcas/lg-badalona.html,marca/ciudad,Badalona,lg,,picture,aires-acondicionados/img/hero_split.jpg,sí,91,jpg,1200,900,sí,sí,sí,LG en Badalona,no,sí,167,621
aires-acondicionados/marcas/lg-badalona.html,marca/ciudad,Badalona,lg,,picture,aires-acondicionados/img/logo_zervitecnics.png,sí,31,png,560,120,sí,sí,sí,Zervitecnics,no,no,376,676
aires-acondicionados/marcas/lg-badalona.html,marca/ciudad,Badalona,lg,,og:image,aires-acondicionados/img/hero_main.jpg,sí,115,jpg,1400,787,no,sí,,,,,41,5
aires-acondicionados/marcas/lg-barbera-del-valles.html,marca/ciudad,Barberà del Vallès,lg,,picture,aires-acondicionados/img/logo_zervitecnics.png,sí,31,png,560,120,sí,sí,sí,Zervitecnics,sí,no,140,676
aires-acondicionados/marcas/lg-barbera-del-valles.html,marca/ciudad,Barberà del Vallès,lg,,picture,aires-acondicionados/img/hero_split.jpg,sí,91,jpg,1200,900,sí,sí,sí,LG en Barberà del Vallès,no,sí,167,621
aires-acondicionados/marcas/lg-barbera-del-valles.html,marca/ciudad,Barberà del Vallès,lg,,picture,aires-acondicionados/img/logo_zervitecnics.png,sí,31,png,560,120,sí,sí,sí,Zervitecnics,no,no,345,676
aires-acondicionados/marcas/lg-barbera-del-valles.html,marca/ciudad,Barberà del Vallès,lg,,og:image,aires-acondicionados/img/hero_main.jpg,sí,115,jpg,1400,787,no,sí,,,,,41,5
aires-acondicionados/marcas/lg-barcelona.html,marca/ciudad,Barcelona,lg,,picture,aires-acondicionados/img/logo_zervitecnics.png,sí,31,png,560,120,sí,sí,sí,Zervitecnics,sí,no,140,676
aires-acondicionados/marcas/lg-barcelona.html,marca/ciudad,Barcelona,lg,,picture,aires-acondicionados/img/hero_split.jpg,sí,91,jpg,1200,900,sí,sí,sí,LG en Barcelona,no,sí,167,621
aires-acondicionados/marcas/lg-barcelona.html,marca/ciudad,Barcelona,lg,,picture,aires-acondicionados/img/logo_zervitecnics.png,sí,31,png,560,120,sí,sí,sí,Zervitecnics,no,no,375,676
aires-acondicionados/marcas/lg-barcelona.html,marca/ciudad,Barcelona,lg,,og:image,aires-acondicionados/img/hero_main.jpg,sí,115,jpg,1400,787,no,sí,,,,,41,5
aires-acondicionados/marcas/lg-cabrils.html,marca/ciudad,Cabrils,lg,,picture,aires-acondicionados/img/logo_zervitecnics.png,sí,31,png,560,120,sí,sí,sí,Zervitecnics,sí,no,140,676
aires-acondicionados/marcas/lg-cabrils.html,marca/ciudad,Cabrils,lg,,picture,aires-acondicionados/img/hero_split.jpg,sí,91,jpg,1200,900,sí,sí,sí,LG en Cabrils,no,sí,167,621
aires-acondicionados/marcas/lg-cabrils.html,marca/ciudad,Cabrils,lg,,picture,aires-acondicionados/img/logo_zervitecnics.png,sí,31,png,560,120,sí,sí,sí,Zervitecnics,no,no,345,676
aires-acondicionados/marcas/lg-cabrils.html,marca/ciudad,Cabrils,lg,,og:image,aires-acondicionados/img/hero_main.jpg,sí,115,jpg,1400,787,no,sí,,,,,41,5
aires-acondicionados/marcas/lg-caldes-de-montbui.html,marca/ciudad,Caldes de Montbui,lg,,picture,aires-acondicionados/img/logo_zervitecnics.png,sí,31,png,560,120,sí,sí,sí,Zervitecnics,sí,no,140,676
aires-acondicionados/marcas/lg-caldes-de-montbui.html,marca/ciudad,Caldes de Montbui,lg,,picture,aires-acondicionados/img/hero_split.jpg,sí,91,jpg,1200,900,sí,sí,sí,LG en Caldes de Montbui,no,sí,167,621
aires-acondicionados/marcas/lg-caldes-de-montbui.html,marca/ciudad,Caldes de Montbui,lg,,picture,aires-acondicionados/img/logo_zervitecnics.png,sí,31,png,560,120,sí,sí,sí,Zervitecnics,no,no,345,676
aires-acondicionados/marcas/lg-caldes-de-montbui.html,marca/ciudad,Caldes de Montbui,lg,,og:image,aires-acondicionados/img/hero_main.jpg,sí,115,jpg,1400,787,no,sí,,,,,41,5
aires-acondicionados/marcas/lg-calella.html,marca/ciudad,Calella,lg,,picture,aires-acondicionados/img/logo_zervitecnics.png,sí,31,png,560,120,sí,sí,sí,Zervitecnics,sí,no,140,676
aires-acondicionados/marcas/lg-calella.html,marca/ciudad,Calella,lg,,picture,aires-acondicionados/img/hero_split.jpg,sí,91,jpg,1200,900,sí,sí,sí,LG en Calella,no,sí,167,621
aires-acondicionados/marcas/lg-calella.html,marca/ciudad,Calella,lg,,picture,aires-acondicionados/img/logo_zervitecnics.png,sí,31,png,560,120,sí,sí,sí,Zervitecnics,no,no,345,676
aires-acondicionados/marcas/lg-calella.html,marca/ciudad,Calella,lg,,og:image,aires-acondicionados/img/hero_main.jpg,sí,115,jpg,1400,787,no,sí,,,,,41,5
aires-acondicionados/marcas/lg-canet-de-mar.html,marca/ciudad,Canet de Mar,lg,,picture,aires-acondicionados/img/logo_zervitecnics.png,sí,31,png,560,120,sí,sí,sí,Zervitecnics,sí,no,140,676
aires-acondicionados/marcas/lg-canet-de-mar.html,marca/ciudad,Canet de Mar,lg,,picture,aires-acondicionados/img/hero_split.jpg,sí,91,jpg,1200,900,sí,sí,sí,LG en Canet de Mar,no,sí,167,621
aires-acondicionados/marcas/lg-canet-de-mar.html,marca/ciudad,Canet de Mar,lg,,picture,aires-acondicionados/img/logo_zervitecnics.png,sí,31,png,560,120,sí,sí,sí,Zervitecnics,no,no,345,676
aires-acondicionados/marcas/lg-canet-de-mar.html,marca/ciudad,Canet de Mar,lg,,og:image,aires-acondicionados/img/hero_main.jpg,sí,115,jpg,1400,787,no,sí,,,,,41,5
aires-acondicionados/marcas/lg-cardedeu.html,marca/ciudad,Cardedeu,lg,,picture,aires-acondicionados/img/logo_zervitecnics.png,sí,31,png,560,120,sí,sí,sí,Zervitecnics,sí,no,140,676
aires-acondicionados/marcas/lg-cardedeu.html,marca/ciudad,Cardedeu,lg,,picture,aires-acondicionados/img/hero_split.jpg,sí,91,jpg,1200,900,sí,sí,sí,LG en Cardedeu,no,sí,167,621
aires-acondicionados/marcas/lg-cardedeu.html,marca/ciudad,Cardedeu,lg,,picture,aires-acondicionados/img/logo_zervitecnics.png,sí,31,png,560,120,sí,sí,sí,Zervitecnics,no,no,345,676
aires-acondicionados/marcas/lg-cardedeu.html,marca/ciudad,Cardedeu,lg,,og:image,aires-acondicionados/img/hero_main.jpg,sí,115,jpg,1400,787,no,sí,,,,,41,5
aires-acondicionados/marcas/lg-castellar-del-valles.html,marca/ciudad,Castellar del Vallès,lg,,picture,aires-acondicionados/img/logo_zervitecnics.png,sí,31,png,560,120,sí,sí,sí,Zervitecnics,sí,no,140,676
aires-acondicionados/marcas/lg-castellar-del-valles.html,marca/ciudad,Castellar del Vallès,lg,,picture,aires-acondicionados/img/hero_split.jpg,sí,91,jpg,1200,900,sí,sí,sí,LG en Castellar del Vallès,no,sí,167,621
aires-acondicionados/marcas/lg-castellar-del-valles.html,marca/ciudad,Castellar del Vallès,lg,,picture,aires-acondicionados/img/logo_zervitecnics.png,sí,31,png,560,120,sí,sí,sí,Zervitecnics,no,no,345,676
aires-acondicionados/marcas/lg-castellar-del-valles.html,marca/ciudad,Castellar del Vallès,lg,,og:image,aires-acondicionados/img/hero_main.jpg,sí,115,jpg,1400,787,no,sí,,,,,41,5
aires-acondicionados/marcas/lg-castelldefels.html,marca/ciudad,Castelldefels,lg,,picture,aires-acondicionados/img/logo_zervitecnics.png,sí,31,png,560,120,sí,sí,sí,Zervitecnics,sí,no,140,676
aires-acondicionados/marcas/lg-castelldefels.html,marca/ciudad,Castelldefels,lg,,picture,aires-acondicionados/img/hero_split.jpg,sí,91,jpg,1200,900,sí,sí,sí,LG en Castelldefels,no,sí,167,621
aires-acondicionados/marcas/lg-castelldefels.html,marca/ciudad,Castelldefels,lg,,picture,aires-acondicionados/img/logo_zervitecnics.png,sí,31,png,560,120,sí,sí,sí,Zervitecnics,no,no,376,676
aires-acondicionados/marcas/lg-castelldefels.html,marca/ciudad,Castelldefels,lg,,og:image,aires-acondicionados/img/hero_main.jpg,sí,115,jpg,1400,787,no,sí,,,,,41,5
aires-acondicionados/marcas/lg-cerdanyola-del-valles.html,marca/ciudad,Cerdanyola del Vallès,lg,,picture,aires-acondicionados/img/logo_zervitecnics.png,sí,31,png,560,120,sí,sí,sí,Zervitecnics,sí,no,140,676
aires-acondicionados/marcas/lg-cerdanyola-del-valles.html,marca/ciudad,Cerdanyola del Vallès,lg,,picture,aires-acondicionados/img/hero_split.jpg,sí,91,jpg,1200,900,sí,sí,sí,LG en Cerdanyola del Vallès,no,sí,167,621
aires-acondicionados/marcas/lg-cerdanyola-del-valles.html,marca/ciudad,Cerdanyola del Vallès,lg,,picture,aires-acondicionados/img/logo_zervitecnics.png,sí,31,png,560,120,sí,sí,sí,Zervitecnics,no,no,345,676
aires-acondicionados/marcas/lg-cerdanyola-del-valles.html,marca/ciudad,Cerdanyola del Vallès,lg,,og:image,aires-acondicionados/img/hero_main.jpg,sí,115,jpg,1400,787,no,sí,,,,,41,5
aires-acondicionados/marcas/lg-cornella-de-llobregat.html,marca/ciudad,Cornellà de Llobregat,lg,,picture,aires-acondicionados/img/logo_zervitecnics.png,sí,31,png,560,120,sí,sí,sí,Zervitecnics,sí,no,140,676
aires-acondicionados/marcas/lg-cornella-de-llobregat.html,marca/ciudad,Cornellà de Llobregat,lg,,picture,aires-acondicionados/img/hero_split.jpg,sí,91,jpg,1200,900,sí,sí,sí,LG en Cornellà de Llobregat,no,sí,167,621
aires-acondicionados/marcas/lg-cornella-de-llobregat.html,marca/ciudad,Cornellà de Llobregat,lg,,picture,aires-acondicionados/img/logo_zervitecnics.png,sí,31,png,560,120,sí,sí,sí,Zervitecnics,no,no,376,676
aires-acondicionados/marcas/lg-cornella-de-llobregat.html,marca/ciudad,Cornellà de Llobregat,lg,,og:image,aires-acondicionados/img/hero_main.jpg,sí,115,jpg,1400,787,no,sí,,,,,41,5
aires-acondicionados/marcas/lg-el-masnou.html,marca/ciudad,El Masnou,lg,,picture,aires-acondicionados/img/logo_zervitecnics.png,sí,31,png,560,120,sí,sí,sí,Zervitecnics,sí,no,140,676
aires-acondicionados/marcas/lg-el-masnou.html,marca/ciudad,El Masnou,lg,,picture,aires-acondicionados/img/hero_split.jpg,sí,91,jpg,1200,900,sí,sí,sí,LG en El Masnou,no,sí,167,621
aires-acondicionados/marcas/lg-el-masnou.html,marca/ciudad,El Masnou,lg,,picture,aires-acondicionados/img/logo_zervitecnics.png,sí,31,png,560,120,sí,sí,sí,Zervitecnics,no,no,345,676
aires-acondicionados/marcas/lg-el-masnou.html,marca/ciudad,El Masnou,lg,,og:image,aires-acondicionados/img/hero_main.jpg,sí,115,jpg,1400,787,no,sí,,,,,41,5
aires-acondicionados/marcas/lg-el-prat-de-llobregat.html,marca/ciudad,El Prat de Llobregat,lg,,picture,aires-acondicionados/img/logo_zervitecnics.png,sí,31,png,560,120,sí,sí,sí,Zervitecnics,sí,no,140,676
aires-acondicionados/marcas/lg-el-prat-de-llobregat.html,marca/ciudad,El Prat de Llobregat,lg,,picture,aires-acondicionados/img/hero_split.jpg,sí,91,jpg,1200,900,sí,sí,sí,LG en El Prat de Llobregat,no,sí,167,621
aires-acondicionados/marcas/lg-el-prat-de-llobregat.html,marca/ciudad,El Prat de Llobregat,lg,,picture,aires-acondicionados/img/logo_zervitecnics.png,sí,31,png,560,120,sí,sí,sí,Zervitecnics,no,no,375,676
aires-acondicionados/marcas/lg-el-prat-de-llobregat.html,marca/ciudad,El Prat de Llobregat,lg,,og:image,aires-acondicionados/img/hero_main.jpg,sí,115,jpg,1400,787,no,sí,,,,,41,5
aires-acondicionados/marcas/lg-esplugues-de-llobregat.html,marca/ciudad,Esplugues de Llobregat,lg,,picture,aires-acondicionados/img/logo_zervitecnics.png,sí,31,png,560,120,sí,sí,sí,Zervitecnics,sí,no,140,676
aires-acondicionados/marcas/lg-esplugues-de-llobregat.html,marca/ciudad,Esplugues de Llobregat,lg,,picture,aires-acondicionados/img/hero_split.jpg,sí,91,jpg,1200,900,sí,sí,sí,LG en Esplugues de Llobregat,no,sí,167,621
aires-acondicionados/marcas/lg-esplugues-de-llobregat.html,marca/ciudad,Esplugues de Llobregat,lg,,picture,aires-acondicionados/img/logo_zervitecnics.png,sí,31,png,560,120,sí,sí,sí,Zervitecnics,no,no,375,676
aires-acondicionados/marcas/lg-esplugues-de-llobregat.html,marca/ciudad,Esplugues de Llobregat,lg,,og:image,aires-acondicionados/img/hero_main.jpg,sí,115,jpg,1400,787,no,sí,,,,,41,5
aires-acondicionados/marcas/lg-gava.html,marca/ciudad,Gavà,lg,,picture,aires-acondicionados/img/logo_zervitecnics.png,sí,31,png,560,120,sí,sí,sí,Zervitecnics,sí,no,140,676
aires-acondicionados/marcas/lg-gava.html,marca/ciudad,Gavà,lg,,picture,aires-acondicionados/img/hero_split.jpg,sí,91,jpg,1200,900,sí,sí,sí,LG en Gavà,no,sí,167,621
aires-acondicionados/marcas/lg-gava.html,marca/ciudad,Gavà,lg,,picture,aires-acondicionados/img/logo_zervitecnics.png,sí,31,png,560,120,sí,sí,sí,Zervitecnics,no,no,375,676
aires-acondicionados/marcas/lg-gava.html,marca/ciudad,Gavà,lg,,og:image,aires-acondicionados/img/hero_main.jpg,sí,115,jpg,1400,787,no,sí,,,,,41,5
aires-acondicionados/marcas/lg-granollers.html,marca/ciudad,Granollers,lg,,picture,aires-acondicionados/img/logo_zervitecnics.png,sí,31,png,560,120,sí,sí,sí,Zervitecnics,sí,no,140,676
aires-acondicionados/marcas/lg-granollers.html,marca/ciudad,Granollers,lg,,picture,aires-acondicionados/img/hero_split.jpg,sí,91,jpg,1200,900,sí,sí,sí,LG en Granollers,no,sí,167,621
aires-acondicionados/marcas/lg-granollers.html,marca/ciudad,Granollers,lg,,picture,aires-acondicionados/img/logo_zervitecnics.png,sí,31,png,560,120,sí,sí,sí,Zervitecnics,no,no,345,676
aires-acondicionados/marcas/lg-granollers.html,marca/ciudad,Granollers,lg,,og:image,aires-acondicionados/img/hero_main.jpg,sí,115,jpg,1400,787,no,sí,,,,,41,5
aires-acondicionados/marcas/lg-hospitalet-de-llobregat.html,marca/ciudad,L'Hospitalet de Llobregat,lg,,picture,aires-acondicionados/img/logo_zervitecnics.png,sí,31,png,560,120,sí,sí,sí,Zervitecnics,sí,no,140,676
aires-acondicionados/marcas/lg-hospitalet-de-llobregat.html,marca/ciudad,L'Hospitalet de Llobregat,lg,,picture,aires-acondicionados/img/hero_split.jpg,sí,91,jpg,1200,900,sí,sí,sí,LG en L'Hospitalet de Llobregat,no,sí,167,621
aires-acondicionados/marcas/lg-hospitalet-de-llobregat.html,marca/ciudad,L'Hospitalet de Llobregat,lg,,picture,aires-acondicionados/img/logo_zervitecnics.png,sí,31,png,560,120,sí,sí,sí,Zervitecnics,no,no,376,676
aires-acondicionados/marcas/lg-hospitalet-de-llobregat.html,marca/ciudad,L'Hospitalet de Llobregat,lg,,og:image,aires-acondicionados/img/hero_main.jpg,sí,115,jpg,1400,787,no,sí,,,,,41,5
aires-acondicionados/marcas/lg-la-garriga.html,marca/ciudad,La Garriga,lg,,picture,aires-acondicionados/img/logo_zervitecnics.png,sí,31,png,560,120,sí,sí,sí,Zervitecnics,sí,no,140,676
aires-acondicionados/marcas/lg-la-garriga.html,marca/ciudad,La Garriga,lg,,picture,aires-acondicionados/img/hero_split.jpg,sí,91,jpg,1200,900,sí,sí,sí,LG en La Garriga,no,sí,167,621
aires-acondicionados/marcas/lg-la-garriga.html,marca/ciudad,La Garriga,lg,,picture,aires-acondicionados/img/logo_zervitecnics.png,sí,31,png,560,120,sí,sí,sí,Zervitecnics,no,no,345,676
aires-acondicionados/marcas/lg-la-garriga.html,marca/ciudad,La Garriga,lg,,og:image,aires-acondicionados/img/hero_main.jpg,sí,115,jpg,1400,787,no,sí,,,,,41,5
aires-acondicionados/marcas/lg-mataro.html,marca/ciudad,Mataró,lg,,picture,aires-acondicionados/img/logo_zervitecnics.png,sí,31,png,560,120,sí,sí,sí,Zervitecnics,sí,no,140,676
aires-acondicionados/marcas/lg-mataro.html,marca/ciudad,Mataró,lg,,picture,aires-acondicionados/img/hero_split.jpg,sí,91,jpg,1200,900,sí,sí,sí,LG en Mataró,no,sí,167,621
aires-acondicionados/marcas/lg-mataro.html,marca/ciudad,Mataró,lg,,picture,aires-acondicionados/img/logo_zervitecnics.png,sí,31,png,560,120,sí,sí,sí,Zervitecnics,no,no,345,676
aires-acondicionados/marcas/lg-mataro.html,marca/ciudad,Mataró,lg,,og:image,aires-acondicionados/img/hero_main.jpg,sí,115,jpg,1400,787,no,sí,,,,,41,5
aires-acondicionados/marcas/lg-mollet-del-valles.html,marca/ciudad,Mollet del Vallès,lg,,picture,aires-acondicionados/img/logo_zervitecnics.png,sí,31,png,560,120,sí,sí,sí,Zervitecnics,sí,no,140,676
aires-acondicionados/marcas/lg-mollet-del-valles.html,marca/ciudad,Mollet del Vallès,lg,,picture,aires-acondicionados/img/hero_split.jpg,sí,91,jpg,1200,900,sí,sí,sí,LG en Mollet del Vallès,no,sí,167,621
aires-acondicionados/marcas/lg-mollet-del-valles.html,marca/ciudad,Mollet del Vallès,lg,,picture,aires-acondicionados/img/logo_zervitecnics.png,sí,31,png,560,120,sí,sí,sí,Zervitecnics,no,no,345,676
aires-acondicionados/marcas/lg-mollet-del-valles.html,marca/ciudad,Mollet del Vallès,lg,,og:image,aires-acondicionados/img/hero_main.jpg,sí,115,jpg,1400,787,no,sí,,,,,41,5
aires-acondicionados/marcas/lg-parets-del-valles.html,marca/ciudad,Parets del Vallès,lg,,picture,aires-acondicionados/img/logo_zervitecnics.png,sí,31,png,560,120,sí,sí,sí,Zervitecnics,sí,no,140,676
aires-acondicionados/marcas/lg-parets-del-valles.html,marca/ciudad,Parets del Vallès,lg,,picture,aires-acondicionados/img/hero_split.jpg,sí,91,jpg,1200,900,sí,sí,sí,LG en Parets del Vallès,no,sí,167,621
aires-acondicionados/marcas/lg-parets-del-valles.html,marca/ciudad,Parets del Vallès,lg,,picture,aires-acondicionados/img/logo_zervitecnics.png,sí,31,png,560,120,sí,sí,sí,Zervitecnics,no,no,345,676
aires-acondicionados/marcas/lg-parets-del-valles.html,marca/ciudad,Parets del Vallès,lg,,og:image,aires-acondicionados/img/hero_main.jpg,sí,115,jpg,1400,787,no,sí,,,,,41,5
aires-acondicionados/marcas/lg-pineda-de-mar.html,marca/ciudad,Pineda de Mar,lg,,picture,aires-acondicionados/img/logo_zervitecnics.png,sí,31,png,560,120,sí,sí,sí,Zervitecnics,sí,no,140,676
aires-acondicionados/marcas/lg-pineda-de-mar.html,marca/ciudad,Pineda de Mar,lg,,picture,aires-acondicionados/img/hero_split.jpg,sí,91,jpg,1200,900,sí,sí,sí,LG en Pineda de Mar,no,sí,167,621
aires-acondicionados/marcas/lg-pineda-de-mar.html,marca/ciudad,Pineda de Mar,lg,,picture,aires-acondicionados/img/logo_zervitecnics.png,sí,31,png,560,120,sí,sí,sí,Zervitecnics,no,no,345,676
aires-acondicionados/marcas/lg-pineda-de-mar.html,marca/ciudad,Pineda de Mar,lg,,og:image,aires-acondicionados/img/hero_main.jpg,sí,115,jpg,1400,787,no,sí,,,,,41,5
aires-acondicionados/marcas/lg-premia-de-mar.html,marca/ciudad,Premià de Mar,lg,,picture,aires-acondicionados/img/logo_zervitecnics.png,sí,31,png,560,120,sí,sí,sí,Zervitecnics,sí,no,140,676
aires-acondicionados/marcas/lg-premia-de-mar.html,marca/ciudad,Premià de Mar,lg,,picture,aires-acondicionados/img/hero_split.jpg,sí,91,jpg,1200,900,sí,sí,sí,LG en Premià de Mar,no,sí,167,621
aires-acondicionados/marcas/lg-premia-de-mar.html,marca/ciudad,Premià de Mar,lg,,picture,aires-acondicionados/img/logo_zervitecnics.png,sí,31,png,560,120,sí,sí,sí,Zervitecnics,no,no,345,676
aires-acondicionados/marcas/lg-premia-de-mar.html,marca/ciudad,Premià de Mar,lg,,og:image,aires-acondicionados/img/hero_main.jpg,sí,115,jpg,1400,787,no,sí,,,,,41,5
aires-acondicionados/marcas/lg-rubi.html,marca/ciudad,Rubí,lg,,picture,aires-acondicionados/img/logo_zervitecnics.png,sí,31,png,560,120,sí,sí,sí,Zervitecnics,sí,no,140,676
aires-acondicionados/marcas/lg-rubi.html,marca/ciudad,Rubí,lg,,picture,aires-acondicionados/img/hero_split.jpg,sí,91,jpg,1200,900,sí,sí,sí,LG en Rubí,no,sí,167,621
aires-acondicionados/marcas/lg-rubi.html,marca/ciudad,Rubí,lg,,picture,aires-acondicionados/img/logo_zervitecnics.png,sí,31,png,560,120,sí,sí,sí,Zervitecnics,no,no,345,676
aires-acondicionados/marcas/lg-rubi.html,marca/ciudad,Rubí,lg,,og:image,aires-acondicionados/img/hero_main.jpg,sí,115,jpg,1400,787,no,sí,,,,,41,5
aires-acondicionados/marcas/lg-sabadell.html,marca/ciudad,Sabadell,lg,,picture,aires-acondicionados/img/logo_zervitecnics.png,sí,31,png,560,120,sí,sí,sí,Zervitecnics,sí,no,140,676
aires-acondicionados/marcas/lg-sabadell.html,marca/ciudad,Sabadell,lg,,picture,aires-acondicionados/img/hero_split.jpg,sí,91,jpg,1200,900,sí,sí,sí,LG en Sabadell,no,sí,167,621
aires-acondicionados/marcas/lg-sabadell.html,marca/ciudad,Sabadell,lg,,picture,aires-acondicionados/img/logo_zervitecnics.png,sí,31,png,560,120,sí,sí,sí,Zervitecnics,no,no,376,676
aires-acondicionados/marcas/lg-sabadell.html,marca/ciudad,Sabadell,lg,,og:image,aires-acondicionados/img/hero_main.jpg,sí,115,jpg,1400,787,no,sí,,,,,41,5
aires-acondicionados/marcas/lg-sant-adria-de-besos.html,marca/ciudad,Sant Adrià de Besòs,lg,,picture,aires-acondicionados/img/logo_zervitecnics.png,sí,31,png,560,120,sí,sí,sí,Zervitecnics,sí,no,140,676
aires-acondicionados/marcas/lg-sant-adria-de-besos.html,marca/ciudad,Sant Adrià de Besòs,lg,,picture,aires-acondicionados/img/hero_split.jpg,sí,91,jpg,1200,900,sí,sí,sí,LG en Sant Adrià de Besòs,no,sí,167,621
aires-acondicionados/marcas/lg-sant-adria-de-besos.html,marca/ciudad,Sant Adrià de Besòs,lg,,picture,aires-acondicionados/img/logo_zervitecnics.png,sí,31,png,560,120,sí,sí,sí,Zervitecnics,no,no,375,676
aires-acondicionados/marcas/lg-sant-adria-de-besos.html,marca/ciudad,Sant Adrià de Besòs,lg,,og:image,aires-acondicionados/img/hero_main.jpg,sí,115,jpg,1400,787,no,sí,,,,,41,5
aires-acondicionados/marcas/lg-sant-boi-de-llobregat.html,marca/ciudad,Sant Boi de Llobregat,lg,,picture,aires-acondicionados/img/logo_zervitecnics.png,sí,31,png,560,120,sí,sí,sí,Zervitecnics,sí,no,140,676
aires-acondicionados/marcas/lg-sant-boi-de-llobregat.html,marca/ciudad,Sant Boi de Llobregat,lg,,picture,aires-acondicionados/img/hero_split.jpg,sí,91,jpg,1200,900,sí,sí,sí,LG en Sant Boi de Llobregat,no,sí,167,621
aires-acondicionados/marcas/lg-sant-boi-de-llobregat.html,marca/ciudad,Sant Boi de Llobregat,lg,,picture,aires-acondicionados/img/logo_zervitecnics.png,sí,31,png,560,120,sí,sí,sí,Zervitecnics,no,no,375,676
aires-acondicionados/marcas/lg-sant-boi-de-llobregat.html,marca/ciudad,Sant Boi de Llobregat,lg,,og:image,aires-acondicionados/img/hero_main.jpg,sí,115,jpg,1400,787,no,sí,,,,,41,5
aires-acondicionados/marcas/lg-sant-celoni.html,marca/ciudad,Sant Celoni,lg,,picture,aires-acondicionados/img/logo_zervitecnics.png,sí,31,png,560,120,sí,sí,sí,Zervitecnics,sí,no,140,676
aires-acondicionados/marcas/lg-sant-celoni.html,marca/ciudad,Sant Celoni,lg,,picture,aires-acondicionados/img/hero_split.jpg,sí,91,jpg,1200,900,sí,sí,sí,LG en Sant Celoni,no,sí,167,621
aires-acondicionados/marcas/lg-sant-celoni.html,marca/ciudad,Sant Celoni,lg,,picture,aires-acondicionados/img/logo_zervitecnics.png,sí,31,png,560,120,sí,sí,sí,Zervitecnics,no,no,345,676
aires-acondicionados/marcas/lg-sant-celoni.html,marca/ciudad,Sant Celoni,lg,,og:image,aires-acondicionados/img/hero_main.jpg,sí,115,jpg,1400,787,no,sí,,,,,41,5
aires-acondicionados/marcas/lg-sant-cugat-del-valles.html,marca/ciudad,Sant Cugat del Vallès,lg,,picture,aires-acondicionados/img/logo_zervitecnics.png,sí,31,png,560,120,sí,sí,sí,Zervitecnics,sí,no,140,676
aires-acondicionados/marcas/lg-sant-cugat-del-valles.html,marca/ciudad,Sant Cugat del Vallès,lg,,picture,aires-acondicionados/img/hero_split.jpg,sí,91,jpg,1200,900,sí,sí,sí,LG en Sant Cugat del Vallès,no,sí,167,621
aires-acondicionados/marcas/lg-sant-cugat-del-valles.html,marca/ciudad,Sant Cugat del Vallès,lg,,picture,aires-acondicionados/img/logo_zervitecnics.png,sí,31,png,560,120,sí,sí,sí,Zervitecnics,no,no,376,676
aires-acondicionados/marcas/lg-sant-cugat-del-valles.html,marca/ciudad,Sant Cugat del Vallès,lg,,og:image,aires-acondicionados/img/hero_main.jpg,sí,115,jpg,1400,787,no,sí,,,,,41,5
aires-acondicionados/marcas/lg-sant-joan-despi.html,marca/ciudad,Sant Joan Despí,lg,,picture,aires-acondicionados/img/logo_zervitecnics.png,sí,31,png,560,120,sí,sí,sí,Zervitecnics,sí,no,140,676
aires-acondicionados/marcas/lg-sant-joan-despi.html,marca/ciudad,Sant Joan Despí,lg,,picture,aires-acondicionados/img/hero_split.jpg,sí,91,jpg,1200,900,sí,sí,sí,LG en Sant Joan Despí,no,sí,167,621
aires-acondicionados/marcas/lg-sant-joan-despi.html,marca/ciudad,Sant Joan Despí,lg,,picture,aires-acondicionados/img/logo_zervitecnics.png,sí,31,png,560,120,sí,sí,sí,Zervitecnics,no,no,375,676
aires-acondicionados/marcas/lg-sant-joan-despi.html,marca/ciudad,Sant Joan Despí,lg,,og:image,aires-acondicionados/img/hero_main.jpg,sí,115,jpg,1400,787,no,sí,,,,,41,5
aires-acondicionados/marcas/lg-sant-just-desvern.html,marca/ciudad,Sant Just Desvern,lg,,picture,aires-acondicionados/img/logo_zervitecnics.png,sí,31,png,560,120,sí,sí,sí,Zervitecnics,sí,no,140,676
aires-acondicionados/marcas/lg-sant-just-desvern.html,marca/ciudad,Sant Just Desvern,lg,,picture,aires-acondicionados/img/hero_split.jpg,sí,91,jpg,1200,900,sí,sí,sí,LG en Sant Just Desvern,no,sí,167,621
aires-acondicionados/marcas/lg-sant-just-desvern.html,marca/ciudad,Sant Just Desvern,lg,,picture,aires-acondicionados/img/logo_zervitecnics.png,sí,31,png,560,120,sí,sí,sí,Zervitecnics,no,no,375,676
aires-acondicionados/marcas/lg-sant-just-desvern.html,marca/ciudad,Sant Just Desvern,lg,,og:image,aires-acondicionados/img/hero_main.jpg,sí,115,jpg,1400,787,no,sí,,,,,41,5
aires-acondicionados/marcas/lg-sant-quirze-del-valles.html,marca/ciudad,Sant Quirze del Vallès,lg,,picture,aires-acondicionados/img/logo_zervitecnics.png,sí,31,png,560,120,sí,sí,sí,Zervitecnics,sí,no,140,676
aires-acondicionados/marcas/lg-sant-quirze-del-valles.html,marca/ciudad,Sant Quirze del Vallès,lg,,picture,aires-acondicionados/img/hero_split.jpg,sí,91,jpg,1200,900,sí,sí,sí,LG en Sant Quirze del Vallès,no,sí,167,621
aires-acondicionados/marcas/lg-sant-quirze-del-valles.html,marca/ciudad,Sant Quirze del Vallès,lg,,picture,aires-acondicionados/img/logo_zervitecnics.png,sí,31,png,560,120,sí,sí,sí,Zervitecnics,no,no,345,676
aires-acondicionados/marcas/lg-sant-quirze-del-valles.html,marca/ciudad,Sant Quirze del Vallès,lg,,og:image,aires-acondicionados/img/hero_main.jpg,sí,115,jpg,1400,787,no,sí,,,,,41,5
aires-acondicionados/marcas/lg-santa-coloma-de-gramenet.html,marca/ciudad,Santa Coloma de Gramenet,lg,,picture,aires-acondicionados/img/logo_zervitecnics.png,sí,31,png,560,120,sí,sí,sí,Zervitecnics,sí,no,140,676
aires-acondicionados/marcas/lg-santa-coloma-de-gramenet.html,marca/ciudad,Santa Coloma de Gramenet,lg,,picture,aires-acondicionados/img/hero_split.jpg,sí,91,jpg,1200,900,sí,sí,sí,LG en Santa Coloma de Gramenet,no,sí,167,621
aires-acondicionados/marcas/lg-santa-coloma-de-gramenet.html,marca/ciudad,Santa Coloma de Gramenet,lg,,picture,aires-acondicionados/img/logo_zervitecnics.png,sí,31,png,560,120,sí,sí,sí,Zervitecnics,no,no,375,676
aires-acondicionados/marcas/lg-santa-coloma-de-gramenet.html,marca/ciudad,Santa Coloma de Gramenet,lg,,og:image,aires-acondicionados/img/hero_main.jpg,sí,115,jpg,1400,787,no,sí,,,,,41,5
aires-acondicionados/marcas/lg-sitges.html,marca/ciudad,Sitges,lg,,picture,aires-acondicionados/img/logo_zervitecnics.png,sí,31,png,560,120,sí,sí,sí,Zervitecnics,sí,no,140,676
aires-acondicionados/marcas/lg-sitges.html,marca/ciudad,Sitges,lg,,picture,aires-acondicionados/img/hero_split.jpg,sí,91,jpg,1200,900,sí,sí,sí,LG en Sitges,no,sí,167,621
aires-acondicionados/marcas/lg-sitges.html,marca/ciudad,Sitges,lg,,picture,aires-acondicionados/img/logo_zervitecnics.png,sí,31,png,560,120,sí,sí,sí,Zervitecnics,no,no,345,676
aires-acondicionados/marcas/lg-sitges.html,marca/ciudad,Sitges,lg,,og:image,aires-acondicionados/img/hero_main.jpg,sí,115,jpg,1400,787,no,sí,,,,,41,5
aires-acondicionados/marcas/lg-terrassa.html,marca/ciudad,Terrassa,lg,,picture,aires-acondicionados/img/logo_zervitecnics.png,sí,31,png,560,120,sí,sí,sí,Zervitecnics,sí,no,140,676
aires-acondicionados/marcas/lg-terrassa.html,marca/ciudad,Terrassa,lg,,picture,aires-acondicionados/img/hero_split.jpg,sí,91,jpg,1200,900,sí,sí,sí,LG en Terrassa,no,sí,167,621
aires-acondicionados/marcas/lg-terrassa.html,marca/ciudad,Terrassa,lg,,picture,aires-acondicionados/img/logo_zervitecnics.png,sí,31,png,560,120,sí,sí,sí,Zervitecnics,no,no,376,676
aires-acondicionados/marcas/lg-terrassa.html,marca/ciudad,Terrassa,lg,,og:image,aires-acondicionados/img/hero_main.jpg,sí,115,jpg,1400,787,no,sí,,,,,41,5
aires-acondicionados/marcas/lg-viladecans.html,marca/ciudad,Viladecans,lg,,picture,aires-acondicionados/img/logo_zervitecnics.png,sí,31,png,560,120,sí,sí,sí,Zervitecnics,sí,no,140,676
aires-acondicionados/marcas/lg-viladecans.html,marca/ciudad,Viladecans,lg,,picture,aires-acondicionados/img/hero_split.jpg,sí,91,jpg,1200,900,sí,sí,sí,LG en Viladecans,no,sí,167,621
aires-acondicionados/marcas/lg-viladecans.html,marca/ciudad,Viladecans,lg,,picture,aires-acondicionados/img/logo_zervitecnics.png,sí,31,png,560,120,sí,sí,sí,Zervitecnics,no,no,375,676
aires-acondicionados/marcas/lg-viladecans.html,marca/ciudad,Viladecans,lg,,og:image,aires-acondicionados/img/hero_main.jpg,sí,115,jpg,1400,787,no,sí,,,,,41,5
aires-acondicionados/marcas/lg-vilassar-de-mar.html,marca/ciudad,Vilassar de Mar,lg,,picture,aires-acondicionados/img/logo_zervitecnics.png,sí,31,png,560,120,sí,sí,sí,Zervitecnics,sí,no,140,676
aires-acondicionados/marcas/lg-vilassar-de-mar.html,marca/ciudad,Vilassar de Mar,lg,,picture,aires-acondicionados/img/hero_split.jpg,sí,91,jpg,1200,900,sí,sí,sí,LG en Vilassar de Mar,no,sí,167,621
aires-acondicionados/marcas/lg-vilassar-de-mar.html,marca/ciudad,Vilassar de Mar,lg,,picture,aires-acondicionados/img/logo_zervitecnics.png,sí,31,png,560,120,sí,sí,sí,Zervitecnics,no,no,345,676
aires-acondicionados/marcas/lg-vilassar-de-mar.html,marca/ciudad,Vilassar de Mar,lg,,og:image,aires-acondicionados/img/hero_main.jpg,sí,115,jpg,1400,787,no,sí,,,,,41,5
aires-acondicionados/marcas/lg.html,marca/raiz,,lg,,picture,aires-acondicionados/img/logo_zervitecnics.png,sí,31,png,560,120,sí,sí,sí,Zervitecnics,sí,no,112,676
aires-acondicionados/marcas/lg.html,marca/raiz,,lg,,picture,aires-acondicionados/img/hero_split.jpg,sí,91,jpg,1200,900,sí,sí,sí,Instalación LG en Barcelona,no,sí,139,621
aires-acondicionados/marcas/lg.html,marca/raiz,,lg,,picture,aires-acondicionados/img/logo_zervitecnics.png,sí,31,png,560,120,sí,sí,sí,Zervitecnics,no,no,342,676
aires-acondicionados/marcas/lg.html,marca/raiz,,lg,,og:image,aires-acondicionados/img/hero_main.jpg,sí,115,jpg,1400,787,no,sí,,,,,45,5
aires-acondicionados/marcas/midea-2000-frigorias.html,marca/capacidad,,midea,2000,picture,aires-acondicionados/img/logo_zervitecnics.png,sí,31,png,560,120,sí,sí,sí,Zervitecnics,sí,no,99,676
aires-acondicionados/marcas/midea-2000-frigorias.html,marca/capacidad,,midea,2000,picture,aires-acondicionados/img/hero_split.jpg,sí,91,jpg,1200,900,sí,sí,sí,Instalación Midea 2000 frigorías Barcelona,no,sí,126,621
aires-acondicionados/marcas/midea-2000-frigorias.html,marca/capacidad,,midea,2000,picture,aires-acondicionados/img/logo_zervitecnics.png,sí,31,png,560,120,sí,sí,sí,Zervitecnics,no,no,271,676
aires-acondicionados/marcas/midea-2000-frigorias.html,marca/capacidad,,midea,2000,og:image,aires-acondicionados/img/hero_main.jpg,sí,115,jpg,1400,787,no,sí,,,,,41,5
aires-acondicionados/marcas/midea-2500-frigorias.html,marca/capacidad,,midea,2500,picture,aires-acondicionados/img/logo_zervitecnics.png,sí,31,png,560,120,sí,sí,sí,Zervitecnics,sí,no,99,676
aires-acondicionados/marcas/midea-2500-frigorias.html,marca/capacidad,,midea,2500,picture,aires-acondicionados/img/hero_split.jpg,sí,91,jpg,1200,900,sí,sí,sí,Instalación Midea 2500 frigorías Barcelona,no,sí,126,621
aires-acondicionados/marcas/midea-2500-frigorias.html,marca/capacidad,,midea,2500,picture,aires-acondicionados/img/logo_zervitecnics.png,sí,31,png,560,120,sí,sí,sí,Zervitecnics,no,no,271,676
aires-acondicionados/marcas/midea-2500-frigorias.html,marca/capacidad,,midea,2500,og:image,aires-acondicionados/img/hero_main.jpg,sí,115,jpg,1400,787,no,sí,,,,,41,5
aires-acondicionados/marcas/midea-4500-frigorias.html,marca/capacidad,,midea,4500,picture,aires-acondicionados/img/logo_zervitecnics.png,sí,31,png,560,120,sí,sí,sí,Zervitecnics,sí,no,99,676
aires-acondicionados/marcas/midea-4500-frigorias.html,marca/capacidad,,midea,4500,picture,aires-acondicionados/img/hero_split.jpg,sí,91,jpg,1200,900,sí,sí,sí,Instalación Midea 4500 frigorías Barcelona,no,sí,126,621
aires-acondicionados/marcas/midea-4500-frigorias.html,marca/capacidad,,midea,4500,picture,aires-acondicionados/img/logo_zervitecnics.png,sí,31,png,560,120,sí,sí,sí,Zervitecnics,no,no,271,676
aires-acondicionados/marcas/midea-4500-frigorias.html,marca/capacidad,,midea,4500,og:image,aires-acondicionados/img/hero_main.jpg,sí,115,jpg,1400,787,no,sí,,,,,41,5
aires-acondicionados/marcas/midea-6000-frigorias.html,marca/capacidad,,midea,6000,picture,aires-acondicionados/img/logo_zervitecnics.png,sí,31,png,560,120,sí,sí,sí,Zervitecnics,sí,no,99,676
aires-acondicionados/marcas/midea-6000-frigorias.html,marca/capacidad,,midea,6000,picture,aires-acondicionados/img/hero_split.jpg,sí,91,jpg,1200,900,sí,sí,sí,Instalación Midea 6000 frigorías Barcelona,no,sí,126,621
aires-acondicionados/marcas/midea-6000-frigorias.html,marca/capacidad,,midea,6000,picture,aires-acondicionados/img/logo_zervitecnics.png,sí,31,png,560,120,sí,sí,sí,Zervitecnics,no,no,271,676
aires-acondicionados/marcas/midea-6000-frigorias.html,marca/capacidad,,midea,6000,og:image,aires-acondicionados/img/hero_main.jpg,sí,115,jpg,1400,787,no,sí,,,,,41,5
aires-acondicionados/marcas/midea-arenys-de-mar.html,marca/ciudad,Arenys de Mar,midea,,picture,aires-acondicionados/img/logo_zervitecnics.png,sí,31,png,560,120,sí,sí,sí,Zervitecnics,sí,no,140,676
aires-acondicionados/marcas/midea-arenys-de-mar.html,marca/ciudad,Arenys de Mar,midea,,picture,aires-acondicionados/img/hero_split.jpg,sí,91,jpg,1200,900,sí,sí,sí,Midea en Arenys de Mar,no,sí,167,621
aires-acondicionados/marcas/midea-arenys-de-mar.html,marca/ciudad,Arenys de Mar,midea,,picture,aires-acondicionados/img/logo_zervitecnics.png,sí,31,png,560,120,sí,sí,sí,Zervitecnics,no,no,345,676
aires-acondicionados/marcas/midea-arenys-de-mar.html,marca/ciudad,Arenys de Mar,midea,,og:image,aires-acondicionados/img/hero_main.jpg,sí,115,jpg,1400,787,no,sí,,,,,41,5
aires-acondicionados/marcas/midea-argentona.html,marca/ciudad,Argentona,midea,,picture,aires-acondicionados/img/logo_zervitecnics.png,sí,31,png,560,120,sí,sí,sí,Zervitecnics,sí,no,140,676
aires-acondicionados/marcas/midea-argentona.html,marca/ciudad,Argentona,midea,,picture,aires-acondicionados/img/hero_split.jpg,sí,91,jpg,1200,900,sí,sí,sí,Midea en Argentona,no,sí,167,621
aires-acondicionados/marcas/midea-argentona.html,marca/ciudad,Argentona,midea,,picture,aires-acondicionados/img/logo_zervitecnics.png,sí,31,png,560,120,sí,sí,sí,Zervitecnics,no,no,345,676
aires-acondicionados/marcas/midea-argentona.html,marca/ciudad,Argentona,midea,,og:image,aires-acondicionados/img/hero_main.jpg,sí,115,jpg,1400,787,no,sí,,,,,41,5
aires-acondicionados/marcas/midea-badalona.html,marca/ciudad,Badalona,midea,,picture,aires-acondicionados/img/logo_zervitecnics.png,sí,31,png,560,120,sí,sí,sí,Zervitecnics,sí,no,140,676
aires-acondicionados/marcas/midea-badalona.html,marca/ciudad,Badalona,midea,,picture,aires-acondicionados/img/hero_split.jpg,sí,91,jpg,1200,900,sí,sí,sí,Midea en Badalona,no,sí,167,621
aires-acondicionados/marcas/midea-badalona.html,marca/ciudad,Badalona,midea,,picture,aires-acondicionados/img/logo_zervitecnics.png,sí,31,png,560,120,sí,sí,sí,Zervitecnics,no,no,376,676
aires-acondicionados/marcas/midea-badalona.html,marca/ciudad,Badalona,midea,,og:image,aires-acondicionados/img/hero_main.jpg,sí,115,jpg,1400,787,no,sí,,,,,41,5
aires-acondicionados/marcas/midea-barbera-del-valles.html,marca/ciudad,Barberà del Vallès,midea,,picture,aires-acondicionados/img/logo_zervitecnics.png,sí,31,png,560,120,sí,sí,sí,Zervitecnics,sí,no,140,676
aires-acondicionados/marcas/midea-barbera-del-valles.html,marca/ciudad,Barberà del Vallès,midea,,picture,aires-acondicionados/img/hero_split.jpg,sí,91,jpg,1200,900,sí,sí,sí,Midea en Barberà del Vallès,no,sí,167,621
aires-acondicionados/marcas/midea-barbera-del-valles.html,marca/ciudad,Barberà del Vallès,midea,,picture,aires-acondicionados/img/logo_zervitecnics.png,sí,31,png,560,120,sí,sí,sí,Zervitecnics,no,no,345,676
aires-acondicionados/marcas/midea-barbera-del-valles.html,marca/ciudad,Barberà del Vallès,midea,,og:image,aires-acondicionados/img/hero_main.jpg,sí,115,jpg,1400,787,no,sí,,,,,41,5
aires-acondicionados/marcas/midea-barcelona.html,marca/ciudad,Barcelona,midea,,picture,aires-acondicionados/img/logo_zervitecnics.png,sí,31,png,560,120,sí,sí,sí,Zervitecnics,sí,no,140,676
aires-acondicionados/marcas/midea-barcelona.html,marca/ciudad,Barcelona,midea,,picture,aires-acondicionados/img/hero_split.jpg,sí,91,jpg,1200,900,sí,sí,sí,Midea en Barcelona,no,sí,167,621
aires-acondicionados/marcas/midea-barcelona.html,marca/ciudad,Barcelona,midea,,picture,aires-acondicionados/img/logo_zervitecnics.png,sí,31,png,560,120,sí,sí,sí,Zervitecnics,no,no,375,676
aires-acondicionados/marcas/midea-barcelona.html,marca/ciudad,Barcelona,midea,,og:image,aires-acondicionados/img/hero_main.jpg,sí,115,jpg,1400,787,no,sí,,,,,41,5
aires-acondicionados/marcas/midea-cabrils.html,marca/ciudad,Cabrils,midea,,picture,aires-acondicionados/img/logo_zervitecnics.png,sí,31,png,560,120,sí,sí,sí,Zervitecnics,sí,no,140,676
aires-acondicionados/marcas/midea-cabrils.html,marca/ciudad,Cabrils,midea,,picture,aires-acondicionados/img/hero_split.jpg,sí,91,jpg,1200,900,sí,sí,sí,Midea en Cabrils,no,sí,167,621
aires-acondicionados/marcas/midea-cabrils.html,marca/ciudad,Cabrils,midea,,picture,aires-acondicionados/img/logo_zervitecnics.png,sí,31,png,560,120,sí,sí,sí,Zervitecnics,no,no,345,676
aires-acondicionados/marcas/midea-cabrils.html,marca/ciudad,Cabrils,midea,,og:image,aires-acondicionados/img/hero_main.jpg,sí,115,jpg,1400,787,no,sí,,,,,41,5
aires-acondicionados/marcas/midea-caldes-de-montbui.html,marca/ciudad,Caldes de Montbui,midea,,picture,aires-acondicionados/img/logo_zervitecnics.png,sí,31,png,560,120,sí,sí,sí,Zervitecnics,sí,no,140,676
aires-acondicionados/marcas/midea-caldes-de-montbui.html,marca/ciudad,Caldes de Montbui,midea,,picture,aires-acondicionados/img/hero_split.jpg,sí,91,jpg,1200,900,sí,sí,sí,Midea en Caldes de Montbui,no,sí,167,621
aires-acondicionados/marcas/midea-caldes-de-montbui.html,marca/ciudad,Caldes de Montbui,midea,,picture,aires-acondicionados/img/logo_zervitecnics.png,sí,31,png,560,120,sí,sí,sí,Zervitecnics,no,no,345,676
aires-acondicionados/marcas/midea-caldes-de-montbui.html,marca/ciudad,Caldes de Montbui,midea,,og:image,aires-acondicionados/img/hero_main.jpg,sí,115,jpg,1400,787,no,sí,,,,,41,5
aires-acondicionados/marcas/midea-calella.html,marca/ciudad,Calella,midea,,picture,aires-acondicionados/img/logo_zervitecnics.png,sí,31,png,560,120,sí,sí,sí,Zervitecnics,sí,no,140,676
aires-acondicionados/marcas/midea-calella.html,marca/ciudad,Calella,midea,,picture,aires-acondicionados/img/hero_split.jpg,sí,91,jpg,1200,900,sí,sí,sí,Midea en Calella,no,sí,167,621
aires-acondicionados/marcas/midea-calella.html,marca/ciudad,Calella,midea,,picture,aires-acondicionados/img/logo_zervitecnics.png,sí,31,png,560,120,sí,sí,sí,Zervitecnics,no,no,345,676
aires-acondicionados/marcas/midea-calella.html,marca/ciudad,Calella,midea,,og:image,aires-acondicionados/img/hero_main.jpg,sí,115,jpg,1400,787,no,sí,,,,,41,5
aires-acondicionados/marcas/midea-canet-de-mar.html,marca/ciudad,Canet de Mar,midea,,picture,aires-acondicionados/img/logo_zervitecnics.png,sí,31,png,560,120,sí,sí,sí,Zervitecnics,sí,no,140,676
aires-acondicionados/marcas/midea-canet-de-mar.html,marca/ciudad,Canet de Mar,midea,,picture,aires-acondicionados/img/hero_split.jpg,sí,91,jpg,1200,900,sí,sí,sí,Midea en Canet de Mar,no,sí,167,621
aires-acondicionados/marcas/midea-canet-de-mar.html,marca/ciudad,Canet de Mar,midea,,picture,aires-acondicionados/img/logo_zervitecnics.png,sí,31,png,560,120,sí,sí,sí,Zervitecnics,no,no,345,676
aires-acondicionados/marcas/midea-canet-de-mar.html,marca/ciudad,Canet de Mar,midea,,og:image,aires-acondicionados/img/hero_main.jpg,sí,115,jpg,1400,787,no,sí,,,,,41,5
aires-acondicionados/marcas/midea-cardedeu.html,marca/ciudad,Cardedeu,midea,,picture,aires-acondicionados/img/logo_zervitecnics.png,sí,31,png,560,120,sí,sí,sí,Zervitecnics,sí,no,140,676
aires-acondicionados/marcas/midea-cardedeu.html,marca/ciudad,Cardedeu,midea,,picture,aires-acondicionados/img/hero_split.jpg,sí,91,jpg,1200,900,sí,sí,sí,Midea en Cardedeu,no,sí,167,621
aires-acondicionados/marcas/midea-cardedeu.html,marca/ciudad,Cardedeu,midea,,picture,aires-acondicionados/img/logo_zervitecnics.png,sí,31,png,560,120,sí,sí,sí,Zervitecnics,no,no,345,676
aires-acondicionados/marcas/midea-cardedeu.html,marca/ciudad,Cardedeu,midea,,og:image,aires-acondicionados/img/hero_main.jpg,sí,115,jpg,1400,787,no,sí,,,,,41,5
aires-acondicionados/marcas/midea-castellar-del-valles.html,marca/ciudad,Castellar del Vallès,midea,,picture,aires-acondicionados/img/logo_zervitecnics.png,sí,31,png,560,120,sí,sí,sí,Zervitecnics,sí,no,140,676
aires-acondicionados/marcas/midea-castellar-del-valles.html,marca/ciudad,Castellar del Vallès,midea,,picture,aires-acondicionados/img/hero_split.jpg,sí,91,jpg,1200,900,sí,sí,sí,Midea en Castellar del Vallès,no,sí,167,621
aires-acondicionados/marcas/midea-castellar-del-valles.html,marca/ciudad,Castellar del Vallès,midea,,picture,aires-acondicionados/img/logo_zervitecnics.png,sí,31,png,560,120,sí,sí,sí,Zervitecnics,no,no,345,676
aires-acondicionados/marcas/midea-castellar-del-valles.html,marca/ciudad,Castellar del Vallès,midea,,og:image,aires-acondicionados/img/hero_main.jpg,sí,115,jpg,1400,787,no,sí,,,,,41,5
aires-acondicionados/marcas/midea-castelldefels.html,marca/ciudad,Castelldefels,midea,,picture,aires-acondicionados/img/logo_zervitecnics.png,sí,31,png,560,120,sí,sí,sí,Zervitecnics,sí,no,140,676
aires-acondicionados/marcas/midea-castelldefels.html,marca/ciudad,Castelldefels,midea,,picture,aires-acondicionados/img/hero_split.jpg,sí,91,jpg,1200,900,sí,sí,sí,Midea en Castelldefels,no,sí,167,621
aires-acondicionados/marcas/midea-castelldefels.html,marca/ciudad,Castelldefels,midea,,picture,aires-acondicionados/img/logo_zervitecnics.png,sí,31,png,560,120,sí,sí,sí,Zervitecnics,no,no,376,676
aires-acondicionados/marcas/midea-castelldefels.html,marca/ciudad,Castelldefels,midea,,og:image,aires-acondicionados/img/hero_main.jpg,sí,115,jpg,1400,787,no,sí,,,,,41,5
aires-acondicionados/marcas/midea-cerdanyola-del-valles.html,marca/ciudad,Cerdanyola del Vallès,midea,,picture,aires-acondicionados/img/logo_zervitecnics.png,sí,31,png,560,120,sí,sí,sí,Zervitecnics,sí,no,140,676
aires-acondicionados/marcas/midea-cerdanyola-del-valles.html,marca/ciudad,Cerdanyola del Vallès,midea,,picture,aires-acondicionados/img/hero_split.jpg,sí,91,jpg,1200,900,sí,sí,sí,Midea en Cerdanyola del Vallès,no,sí,167,621
aires-acondicionados/marcas/midea-cerdanyola-del-valles.html,marca/ciudad,Cerdanyola del Vallès,midea,,picture,aires-acondicionados/img/logo_zervitecnics.png,sí,31,png,560,120,sí,sí,sí,Zervitecnics,no,no,345,676
aires-acondicionados/marcas/midea-cerdanyola-del-valles.html,marca/ciudad,Cerdanyola del Vallès,midea,,og:image,aires-acondicionados/img/hero_main.jpg,sí,115,jpg,1400,787,no,sí,,,,,41,5
aires-acondicionados/marcas/midea-cornella-de-llobregat.html,marca/ciudad,Cornellà de Llobregat,midea,,picture,aires-acondicionados/img/logo_zervitecnics.png,sí,31,png,560,120,sí,sí,sí,Zervitecnics,sí,no,140,676
aires-acondicionados/marcas/midea-cornella-de-llobregat.html,marca/ciudad,Cornellà de Llobregat,midea,,picture,aires-acondicionados/img/hero_split.jpg,sí,91,jpg,1200,900,sí,sí,sí,Midea en Cornellà de Llobregat,no,sí,167,621
aires-acondicionados/marcas/midea-cornella-de-llobregat.html,marca/ciudad,Cornellà de Llobregat,midea,,picture,aires-acondicionados/img/logo_zervitecnics.png,sí,31,png,560,120,sí,sí,sí,Zervitecnics,no,no,376,676
aires-acondicionados/marcas/midea-cornella-de-llobregat.html,marca/ciudad,Cornellà de Llobregat,midea,,og:image,aires-acondicionados/img/hero_main.jpg,sí,115,jpg,1400,787,no,sí,,,,,41,5
aires-acondicionados/marcas/midea-el-masnou.html,marca/ciudad,El Masnou,midea,,picture,aires-acondicionados/img/logo_zervitecnics.png,sí,31,png,560,120,sí,sí,sí,Zervitecnics,sí,no,140,676
aires-acondicionados/marcas/midea-el-masnou.html,marca/ciudad,El Masnou,midea,,picture,aires-acondicionados/img/hero_split.jpg,sí,91,jpg,1200,900,sí,sí,sí,Midea en El Masnou,no,sí,167,621
aires-acondicionados/marcas/midea-el-masnou.html,marca/ciudad,El Masnou,midea,,picture,aires-acondicionados/img/logo_zervitecnics.png,sí,31,png,560,120,sí,sí,sí,Zervitecnics,no,no,345,676
aires-acondicionados/marcas/midea-el-masnou.html,marca/ciudad,El Masnou,midea,,og:image,aires-acondicionados/img/hero_main.jpg,sí,115,jpg,1400,787,no,sí,,,,,41,5
aires-acondicionados/marcas/midea-el-prat-de-llobregat.html,marca/ciudad,El Prat de Llobregat,midea,,picture,aires-acondicionados/img/logo_zervitecnics.png,sí,31,png,560,120,sí,sí,sí,Zervitecnics,sí,no,140,676
aires-acondicionados/marcas/midea-el-prat-de-llobregat.html,marca/ciudad,El Prat de Llobregat,midea,,picture,aires-acondicionados/img/hero_split.jpg,sí,91,jpg,1200,900,sí,sí,sí,Midea en El Prat de Llobregat,no,sí,167,621
aires-acondicionados/marcas/midea-el-prat-de-llobregat.html,marca/ciudad,El Prat de Llobregat,midea,,picture,aires-acondicionados/img/logo_zervitecnics.png,sí,31,png,560,120,sí,sí,sí,Zervitecnics,no,no,375,676
aires-acondicionados/marcas/midea-el-prat-de-llobregat.html,marca/ciudad,El Prat de Llobregat,midea,,og:image,aires-acondicionados/img/hero_main.jpg,sí,115,jpg,1400,787,no,sí,,,,,41,5
aires-acondicionados/marcas/midea-esplugues-de-llobregat.html,marca/ciudad,Esplugues de Llobregat,midea,,picture,aires-acondicionados/img/logo_zervitecnics.png,sí,31,png,560,120,sí,sí,sí,Zervitecnics,sí,no,140,676
aires-acondicionados/marcas/midea-esplugues-de-llobregat.html,marca/ciudad,Esplugues de Llobregat,midea,,picture,aires-acondicionados/img/hero_split.jpg,sí,91,jpg,1200,900,sí,sí,sí,Midea en Esplugues de Llobregat,no,sí,167,621
aires-acondicionados/marcas/midea-esplugues-de-llobregat.html,marca/ciudad,Esplugues de Llobregat,midea,,picture,aires-acondicionados/img/logo_zervitecnics.png,sí,31,png,560,120,sí,sí,sí,Zervitecnics,no,no,375,676
aires-acondicionados/marcas/midea-esplugues-de-llobregat.html,marca/ciudad,Esplugues de Llobregat,midea,,og:image,aires-acondicionados/img/hero_main.jpg,sí,115,jpg,1400,787,no,sí,,,,,41,5
aires-acondicionados/marcas/midea-gava.html,marca/ciudad,Gavà,midea,,picture,aires-acondicionados/img/logo_zervitecnics.png,sí,31,png,560,120,sí,sí,sí,Zervitecnics,sí,no,140,676
aires-acondicionados/marcas/midea-gava.html,marca/ciudad,Gavà,midea,,picture,aires-acondicionados/img/hero_split.jpg,sí,91,jpg,1200,900,sí,sí,sí,Midea en Gavà,no,sí,167,621
aires-acondicionados/marcas/midea-gava.html,marca/ciudad,Gavà,midea,,picture,aires-acondicionados/img/logo_zervitecnics.png,sí,31,png,560,120,sí,sí,sí,Zervitecnics,no,no,375,676
aires-acondicionados/marcas/midea-gava.html,marca/ciudad,Gavà,midea,,og:image,aires-acondicionados/img/hero_main.jpg,sí,115,jpg,1400,787,no,sí,,,,,41,5
aires-acondicionados/marcas/midea-granollers.html,marca/ciudad,Granollers,midea,,picture,aires-acondicionados/img/logo_zervitecnics.png,sí,31,png,560,120,sí,sí,sí,Zervitecnics,sí,no,140,676
aires-acondicionados/marcas/midea-granollers.html,marca/ciudad,Granollers,midea,,picture,aires-acondicionados/img/hero_split.jpg,sí,91,jpg,1200,900,sí,sí,sí,Midea en Granollers,no,sí,167,621
aires-acondicionados/marcas/midea-granollers.html,marca/ciudad,Granollers,midea,,picture,aires-acondicionados/img/logo_zervitecnics.png,sí,31,png,560,120,sí,sí,sí,Zervitecnics,no,no,345,676
aires-acondicionados/marcas/midea-granollers.html,marca/ciudad,Granollers,midea,,og:image,aires-acondicionados/img/hero_main.jpg,sí,115,jpg,1400,787,no,sí,,,,,41,5
aires-acondicionados/marcas/midea-hospitalet-de-llobregat.html,marca/ciudad,L'Hospitalet de Llobregat,midea,,picture,aires-acondicionados/img/logo_zervitecnics.png,sí,31,png,560,120,sí,sí,sí,Zervitecnics,sí,no,140,676
aires-acondicionados/marcas/midea-hospitalet-de-llobregat.html,marca/ciudad,L'Hospitalet de Llobregat,midea,,picture,aires-acondicionados/img/hero_split.jpg,sí,91,jpg,1200,900,sí,sí,sí,Midea en L'Hospitalet de Llobregat,no,sí,167,621
aires-acondicionados/marcas/midea-hospitalet-de-llobregat.html,marca/ciudad,L'Hospitalet de Llobregat,midea,,picture,aires-acondicionados/img/logo_zervitecnics.png,sí,31,png,560,120,sí,sí,sí,Zervitecnics,no,no,376,676
aires-acondicionados/marcas/midea-hospitalet-de-llobregat.html,marca/ciudad,L'Hospitalet de Llobregat,midea,,og:image,aires-acondicionados/img/hero_main.jpg,sí,115,jpg,1400,787,no,sí,,,,,41,5
aires-acondicionados/marcas/midea-la-garriga.html,marca/ciudad,La Garriga,midea,,picture,aires-acondicionados/img/logo_zervitecnics.png,sí,31,png,560,120,sí,sí,sí,Zervitecnics,sí,no,140,676
aires-acondicionados/marcas/midea-la-garriga.html,marca/ciudad,La Garriga,midea,,picture,aires-acondicionados/img/hero_split.jpg,sí,91,jpg,1200,900,sí,sí,sí,Midea en La Garriga,no,sí,167,621
aires-acondicionados/marcas/midea-la-garriga.html,marca/ciudad,La Garriga,midea,,picture,aires-acondicionados/img/logo_zervitecnics.png,sí,31,png,560,120,sí,sí,sí,Zervitecnics,no,no,345,676
aires-acondicionados/marcas/midea-la-garriga.html,marca/ciudad,La Garriga,midea,,og:image,aires-acondicionados/img/hero_main.jpg,sí,115,jpg,1400,787,no,sí,,,,,41,5
aires-acondicionados/marcas/midea-mataro.html,marca/ciudad,Mataró,midea,,picture,aires-acondicionados/img/logo_zervitecnics.png,sí,31,png,560,120,sí,sí,sí,Zervitecnics,sí,no,140,676
aires-acondicionados/marcas/midea-mataro.html,marca/ciudad,Mataró,midea,,picture,aires-acondicionados/img/hero_split.jpg,sí,91,jpg,1200,900,sí,sí,sí,Midea en Mataró,no,sí,167,621
aires-acondicionados/marcas/midea-mataro.html,marca/ciudad,Mataró,midea,,picture,aires-acondicionados/img/logo_zervitecnics.png,sí,31,png,560,120,sí,sí,sí,Zervitecnics,no,no,345,676
aires-acondicionados/marcas/midea-mataro.html,marca/ciudad,Mataró,midea,,og:image,aires-acondicionados/img/hero_main.jpg,sí,115,jpg,1400,787,no,sí,,,,,41,5
aires-acondicionados/marcas/midea-mollet-del-valles.html,marca/ciudad,Mollet del Vallès,midea,,picture,aires-acondicionados/img/logo_zervitecnics.png,sí,31,png,560,120,sí,sí,sí,Zervitecnics,sí,no,140,676
aires-acondicionados/marcas/midea-mollet-del-valles.html,marca/ciudad,Mollet del Vallès,midea,,picture,aires-acondicionados/img/hero_split.jpg,sí,91,jpg,1200,900,sí,sí,sí,Midea en Mollet del Vallès,no,sí,167,621
aires-acondicionados/marcas/midea-mollet-del-valles.html,marca/ciudad,Mollet del Vallès,midea,,picture,aires-acondicionados/img/logo_zervitecnics.png,sí,31,png,560,120,sí,sí,sí,Zervitecnics,no,no,345,676
aires-acondicionados/marcas/midea-mollet-del-valles.html,marca/ciudad,Mollet del Vallès,midea,,og:image,aires-acondicionados/img/hero_main.jpg,sí,115,jpg,1400,787,no,sí,,,,,41,5
aires-acondicionados/marcas/midea-parets-del-valles.html,marca/ciudad,Parets del Vallès,midea,,picture,aires-acondicionados/img/logo_zervitecnics.png,sí,31,png,560,120,sí,sí,sí,Zervitecnics,sí,no,140,676
aires-acondicionados/marcas/midea-parets-del-valles.html,marca/ciudad,Parets del Vallès,midea,,picture,aires-acondicionados/img/hero_split.jpg,sí,91,jpg,1200,900,sí,sí,sí,Midea en Parets del Vallès,no,sí,167,621
aires-acondicionados/marcas/midea-parets-del-valles.html,marca/ciudad,Parets del Vallès,midea,,picture,aires-acondicionados/img/logo_zervitecnics.png,sí,31,png,560,120,sí,sí,sí,Zervitecnics,no,no,345,676
aires-acondicionados/marcas/midea-parets-del-valles.html,marca/ciudad,Parets del Vallès,midea,,og:image,aires-acondicionados/img/hero_main.jpg,sí,115,jpg,1400,787,no,sí,,,,,41,5
aires-acondicionados/marcas/midea-pineda-de-mar.html,marca/ciudad,Pineda de Mar,midea,,picture,aires-acondicionados/img/logo_zervitecnics.png,sí,31,png,560,120,sí,sí,sí,Zervitecnics,sí,no,140,676
aires-acondicionados/marcas/midea-pineda-de-mar.html,marca/ciudad,Pineda de Mar,midea,,picture,aires-acondicionados/img/hero_split.jpg,sí,91,jpg,1200,900,sí,sí,sí,Midea en Pineda de Mar,no,sí,167,621
aires-acondicionados/marcas/midea-pineda-de-mar.html,marca/ciudad,Pineda de Mar,midea,,picture,aires-acondicionados/img/logo_zervitecnics.png,sí,31,png,560,120,sí,sí,sí,Zervitecnics,no,no,345,676
aires-acondicionados/marcas/midea-pineda-de-mar.html,marca/ciudad,Pineda de Mar,midea,,og:image,aires-acondicionados/img/hero_main.jpg,sí,115,jpg,1400,787,no,sí,,,,,41,5
aires-acondicionados/marcas/midea-premia-de-mar.html,marca/ciudad,Premià de Mar,midea,,picture,aires-acondicionados/img/logo_zervitecnics.png,sí,31,png,560,120,sí,sí,sí,Zervitecnics,sí,no,140,676
aires-acondicionados/marcas/midea-premia-de-mar.html,marca/ciudad,Premià de Mar,midea,,picture,aires-acondicionados/img/hero_split.jpg,sí,91,jpg,1200,900,sí,sí,sí,Midea en Premià de Mar,no,sí,167,621
aires-acondicionados/marcas/midea-premia-de-mar.html,marca/ciudad,Premià de Mar,midea,,picture,aires-acondicionados/img/logo_zervitecnics.png,sí,31,png,560,120,sí,sí,sí,Zervitecnics,no,no,345,676
aires-acondicionados/marcas/midea-premia-de-mar.html,marca/ciudad,Premià de Mar,midea,,og:image,aires-acondicionados/img/hero_main.jpg,sí,115,jpg,1400,787,no,sí,,,,,41,5
aires-acondicionados/marcas/midea-rubi.html,marca/ciudad,Rubí,midea,,picture,aires-acondicionados/img/logo_zervitecnics.png,sí,31,png,560,120,sí,sí,sí,Zervitecnics,sí,no,140,676
aires-acondicionados/marcas/midea-rubi.html,marca/ciudad,Rubí,midea,,picture,aires-acondicionados/img/hero_split.jpg,sí,91,jpg,1200,900,sí,sí,sí,Midea en Rubí,no,sí,167,621
aires-acondicionados/marcas/midea-rubi.html,marca/ciudad,Rubí,midea,,picture,aires-acondicionados/img/logo_zervitecnics.png,sí,31,png,560,120,sí,sí,sí,Zervitecnics,no,no,345,676
aires-acondicionados/marcas/midea-rubi.html,marca/ciudad,Rubí,midea,,og:image,aires-acondicionados/img/hero_main.jpg,sí,115,jpg,1400,787,no,sí,,,,,41,5
aires-acondicionados/marcas/midea-sabadell.html,marca/ciudad,Sabadell,midea,,picture,aires-acondicionados/img/logo_zervitecnics.png,sí,31,png,560,120,sí,sí,sí,Zervitecnics,sí,no,140,676
aires-acondicionados/marcas/midea-sabadell.html,marca/ciudad,Sabadell,midea,,picture,aires-acondicionados/img/hero_split.jpg,sí,91,jpg,1200,900,sí,sí,sí,Midea en Sabadell,no,sí,167,621
aires-acondicionados/marcas/midea-sabadell.html,marca/ciudad,Sabadell,midea,,picture,aires-acondicionados/img/logo_zervitecnics.png,sí,31,png,560,120,sí,sí,sí,Zervitecnics,no,no,376,676
aires-acondicionados/marcas/midea-sabadell.html,marca/ciudad,Sabadell,midea,,og:image,aires-acondicionados/img/hero_main.jpg,sí,115,jpg,1400,787,no,sí,,,,,41,5
aires-acondicionados/marcas/midea-sant-adria-de-besos.html,marca/ciudad,Sant Adrià de Besòs,midea,,picture,aires-acondicionados/img/logo_zervitecnics.png,sí,31,png,560,120,sí,sí,sí,Zervitecnics,sí,no,140,676
aires-acondicionados/marcas/midea-sant-adria-de-besos.html,marca/ciudad,Sant Adrià de Besòs,midea,,picture,aires-acondicionados/img/hero_split.jpg,sí,91,jpg,1200,900,sí,sí,sí,Midea en Sant Adrià de Besòs,no,sí,167,621
aires-acondicionados/marcas/midea-sant-adria-de-besos.html,marca/ciudad,Sant Adrià de Besòs,midea,,picture,aires-acondicionados/img/logo_zervitecnics.png,sí,31,png,560,120,sí,sí,sí,Zervitecnics,no,no,375,676
aires-acondicionados/marcas/midea-sant-adria-de-besos.html,marca/ciudad,Sant Adrià de Besòs,midea,,og:image,aires-acondicionados/img/hero_main.jpg,sí,115,jpg,1400,787,no,sí,,,,,41,5
aires-acondicionados/marcas/midea-sant-boi-de-llobregat.html,marca/ciudad,Sant Boi de Llobregat,midea,,picture,aires-acondicionados/img/logo_zervitecnics.png,sí,31,png,560,120,sí,sí,sí,Zervitecnics,sí,no,140,676
aires-acondicionados/marcas/midea-sant-boi-de-llobregat.html,marca/ciudad,Sant Boi de Llobregat,midea,,picture,aires-acondicionados/img/hero_split.jpg,sí,91,jpg,1200,900,sí,sí,sí,Midea en Sant Boi de Llobregat,no,sí,167,621
aires-acondicionados/marcas/midea-sant-boi-de-llobregat.html,marca/ciudad,Sant Boi de Llobregat,midea,,picture,aires-acondicionados/img/logo_zervitecnics.png,sí,31,png,560,120,sí,sí,sí,Zervitecnics,no,no,375,676
aires-acondicionados/marcas/midea-sant-boi-de-llobregat.html,marca/ciudad,Sant Boi de Llobregat,midea,,og:image,aires-acondicionados/img/hero_main.jpg,sí,115,jpg,1400,787,no,sí,,,,,41,5
aires-acondicionados/marcas/midea-sant-celoni.html,marca/ciudad,Sant Celoni,midea,,picture,aires-acondicionados/img/logo_zervitecnics.png,sí,31,png,560,120,sí,sí,sí,Zervitecnics,sí,no,140,676
aires-acondicionados/marcas/midea-sant-celoni.html,marca/ciudad,Sant Celoni,midea,,picture,aires-acondicionados/img/hero_split.jpg,sí,91,jpg,1200,900,sí,sí,sí,Midea en Sant Celoni,no,sí,167,621
aires-acondicionados/marcas/midea-sant-celoni.html,marca/ciudad,Sant Celoni,midea,,picture,aires-acondicionados/img/logo_zervitecnics.png,sí,31,png,560,120,sí,sí,sí,Zervitecnics,no,no,345,676
aires-acondicionados/marcas/midea-sant-celoni.html,marca/ciudad,Sant Celoni,midea,,og:image,aires-acondicionados/img/hero_main.jpg,sí,115,jpg,1400,787,no,sí,,,,,41,5
aires-acondicionados/marcas/midea-sant-cugat-del-valles.html,marca/ciudad,Sant Cugat del Vallès,midea,,picture,aires-acondicionados/img/logo_zervitecnics.png,sí,31,png,560,120,sí,sí,sí,Zervitecnics,sí,no,140,676
aires-acondicionados/marcas/midea-sant-cugat-del-valles.html,marca/ciudad,Sant Cugat del Vallès,midea,,picture,aires-acondicionados/img/hero_split.jpg,sí,91,jpg,1200,900,sí,sí,sí,Midea en Sant Cugat del Vallès,no,sí,167,621
aires-acondicionados/marcas/midea-sant-cugat-del-valles.html,marca/ciudad,Sant Cugat del Vallès,midea,,picture,aires-acondicionados/img/logo_zervitecnics.png,sí,31,png,560,120,sí,sí,sí,Zervitecnics,no,no,376,676
aires-acondicionados/marcas/midea-sant-cugat-del-valles.html,marca/ciudad,Sant Cugat del Vallès,midea,,og:image,aires-acondicionados/img/hero_main.jpg,sí,115,jpg,1400,787,no,sí,,,,,41,5
aires-acondicionados/marcas/midea-sant-joan-despi.html,marca/ciudad,Sant Joan Despí,midea,,picture,aires-acondicionados/img/logo_zervitecnics.png,sí,31,png,560,120,sí,sí,sí,Zervitecnics,sí,no,140,676
aires-acondicionados/marcas/midea-sant-joan-despi.html,marca/ciudad,Sant Joan Despí,midea,,picture,aires-acondicionados/img/hero_split.jpg,sí,91,jpg,1200,900,sí,sí,sí,Midea en Sant Joan Despí,no,sí,167,621
aires-acondicionados/marcas/midea-sant-joan-despi.html,marca/ciudad,Sant Joan Despí,midea,,picture,aires-acondicionados/img/logo_zervitecnics.png,sí,31,png,560,120,sí,sí,sí,Zervitecnics,no,no,375,676
aires-acondicionados/marcas/midea-sant-joan-despi.html,marca/ciudad,Sant Joan Despí,midea,,og:image,aires-acondicionados/img/hero_main.jpg,sí,115,jpg,1400,787,no,sí,,,,,41,5
aires-acondicionados/marcas/midea-sant-just-desvern.html,marca/ciudad,Sant Just Desvern,midea,,picture,aires-acondicionados/img/logo_zervitecnics.png,sí,31,png,560,120,sí,sí,sí,Zervitecnics,sí,no,140,676
aires-acondicionados/marcas/midea-sant-just-desvern.html,marca/ciudad,Sant Just Desvern,midea,,picture,aires-acondicionados/img/hero_split.jpg,sí,91,jpg,1200,900,sí,sí,sí,Midea en Sant Just Desvern,no,sí,167,621
aires-acondicionados/marcas/midea-sant-just-desvern.html,marca/ciudad,Sant Just Desvern,midea,,picture,aires-acondicionados/img/logo_zervitecnics.png,sí,31,png,560,120,sí,sí,sí,Zervitecnics,no,no,375,676
aires-acondicionados/marcas/midea-sant-just-desvern.html,marca/ciudad,Sant Just Desvern,midea,,og:image,aires-acondicionados/img/hero_main.jpg,sí,115,jpg,1400,787,no,sí,,,,,41,5
aires-acondicionados/marcas/midea-sant-quirze-del-valles.html,marca/ciudad,Sant Quirze del Vallès,midea,,picture,aires-acondicionados/img/logo_zervitecnics.png,sí,31,png,560,120,sí,sí,sí,Zervitecnics,sí,no,140,676
aires-acondicionados/marcas/midea-sant-quirze-del-valles.html,marca/ciudad,Sant Quirze del Vallès,midea,,picture,aires-acondicionados/img/hero_split.jpg,sí,91,jpg,1200,900,sí,sí,sí,Midea en Sant Quirze del Vallès,no,sí,167,621
aires-acondicionados/marcas/midea-sant-quirze-del-valles.html,marca/ciudad,Sant Quirze del Vallès,midea,,picture,aires-acondicionados/img/logo_zervitecnics.png,sí,31,png,560,120,sí,sí,sí,Zervitecnics,no,no,345,676
aires-acondicionados/marcas/midea-sant-quirze-del-valles.html,marca/ciudad,Sant Quirze del Vallès,midea,,og:image,aires-acondicionados/img/hero_main.jpg,sí,115,jpg,1400,787,no,sí,,,,,41,5
aires-acondicionados/marcas/midea-santa-coloma-de-gramenet.html,marca/ciudad,Santa Coloma de Gramenet,midea,,picture,aires-acondicionados/img/logo_zervitecnics.png,sí,31,png,560,120,sí,sí,sí,Zervitecnics,sí,no,140,676
aires-acondicionados/marcas/midea-santa-coloma-de-gramenet.html,marca/ciudad,Santa Coloma de Gramenet,midea,,picture,aires-acondicionados/img/hero_split.jpg,sí,91,jpg,1200,900,sí,sí,sí,Midea en Santa Coloma de Gramenet,no,sí,167,621
aires-acondicionados/marcas/midea-santa-coloma-de-gramenet.html,marca/ciudad,Santa Coloma de Gramenet,midea,,picture,aires-acondicionados/img/logo_zervitecnics.png,sí,31,png,560,120,sí,sí,sí,Zervitecnics,no,no,375,676
aires-acondicionados/marcas/midea-santa-coloma-de-gramenet.html,marca/ciudad,Santa Coloma de Gramenet,midea,,og:image,aires-acondicionados/img/hero_main.jpg,sí,115,jpg,1400,787,no,sí,,,,,41,5
aires-acondicionados/marcas/midea-sitges.html,marca/ciudad,Sitges,midea,,picture,aires-acondicionados/img/logo_zervitecnics.png,sí,31,png,560,120,sí,sí,sí,Zervitecnics,sí,no,140,676
aires-acondicionados/marcas/midea-sitges.html,marca/ciudad,Sitges,midea,,picture,aires-acondicionados/img/hero_split.jpg,sí,91,jpg,1200,900,sí,sí,sí,Midea en Sitges,no,sí,167,621
aires-acondicionados/marcas/midea-sitges.html,marca/ciudad,Sitges,midea,,picture,aires-acondicionados/img/logo_zervitecnics.png,sí,31,png,560,120,sí,sí,sí,Zervitecnics,no,no,345,676
aires-acondicionados/marcas/midea-sitges.html,marca/ciudad,Sitges,midea,,og:image,aires-acondicionados/img/hero_main.jpg,sí,115,jpg,1400,787,no,sí,,,,,41,5
aires-acondicionados/marcas/midea-terrassa.html,marca/ciudad,Terrassa,midea,,picture,aires-acondicionados/img/logo_zervitecnics.png,sí,31,png,560,120,sí,sí,sí,Zervitecnics,sí,no,140,676
aires-acondicionados/marcas/midea-terrassa.html,marca/ciudad,Terrassa,midea,,picture,aires-acondicionados/img/hero_split.jpg,sí,91,jpg,1200,900,sí,sí,sí,Midea en Terrassa,no,sí,167,621
aires-acondicionados/marcas/midea-terrassa.html,marca/ciudad,Terrassa,midea,,picture,aires-acondicionados/img/logo_zervitecnics.png,sí,31,png,560,120,sí,sí,sí,Zervitecnics,no,no,376,676
aires-acondicionados/marcas/midea-terrassa.html,marca/ciudad,Terrassa,midea,,og:image,aires-acondicionados/img/hero_main.jpg,sí,115,jpg,1400,787,no,sí,,,,,41,5
aires-acondicionados/marcas/midea-viladecans.html,marca/ciudad,Viladecans,midea,,picture,aires-acondicionados/img/logo_zervitecnics.png,sí,31,png,560,120,sí,sí,sí,Zervitecnics,sí,no,140,676
aires-acondicionados/marcas/midea-viladecans.html,marca/ciudad,Viladecans,midea,,picture,aires-acondicionados/img/hero_split.jpg,sí,91,jpg,1200,900,sí,sí,sí,Midea en Viladecans,no,sí,167,621
aires-acondicionados/marcas/midea-viladecans.html,marca/ciudad,Viladecans,midea,,picture,aires-acondicionados/img/logo_zervitecnics.png,sí,31,png,560,120,sí,sí,sí,Zervitecnics,no,no,375,676
aires-acondicionados/marcas/midea-viladecans.html,marca/ciudad,Viladecans,midea,,og:image,aires-acondicionados/img/hero_main.jpg,sí,115,jpg,1400,787,no,sí,,,,,41,5
aires-acondicionados/marcas/midea-vilassar-de-mar.html,marca/ciudad,Vilassar de Mar,midea,,picture,aires-acondicionados/img/logo_zervitecnics.png,sí,31,png,560,120,sí,sí,sí,Zervitecnics,sí,no,140,676
aires-acondicionados/marcas/midea-vilassar-de-mar.html,marca/ciudad,Vilassar de Mar,midea,,picture,aires-acondicionados/img/hero_split.jpg,sí,91,jpg,1200,900,sí,sí,sí,Midea en Vilassar de Mar,no,sí,167,621
aires-acondicionados/marcas/midea-vilassar-de-mar.html,marca/ciudad,Vilassar de Mar,midea,,picture,aires-acondicionados/img/logo_zervitecnics.png,sí,31,png,560,120,sí,sí,sí,Zervitecnics,no,no,345,676
aires-acondicionados/marcas/midea-vilassar-de-mar.html,marca/ciudad,Vilassar de Mar,midea,,og:image,aires-acondicionados/img/hero_main.jpg,sí,115,jpg,1400,787,no,sí,,,,,41,5
aires-acondicionados/marcas/midea.html,marca/raiz,,midea,,picture,aires-acondicionados/img/logo_zervitecnics.png,sí,31,png,560,120,sí,sí,sí,Zervitecnics,sí,no,127,676
aires-acondicionados/marcas/midea.html,marca/raiz,,midea,,picture,aires-acondicionados/img/multisplit_service.jpg,sí,102,jpg,1200,675,sí,sí,sí,Instalación Midea en Barcelona,no,sí,154,21
aires-acondicionados/marcas/midea.html,marca/raiz,,midea,,picture,aires-acondicionados/img/logo_zervitecnics.png,sí,31,png,560,120,sí,sí,sí,Zervitecnics,no,no,358,676
aires-acondicionados/marcas/midea.html,marca/raiz,,midea,,og:image,aires-acondicionados/img/hero_main.jpg,sí,115,jpg,1400,787,no,sí,,,,,45,5
aires-acondicionados/marcas/mitsubishi-2000-frigorias.html,marca/capacidad,,mitsubishi,2000,picture,aires-acondicionados/img/logo_zervitecnics.png,sí,31,png,560,120,sí,sí,sí,Zervitecnics,sí,no,99,676
aires-acondicionados/marcas/mitsubishi-2000-frigorias.html,marca/capacidad,,mitsubishi,2000,picture,aires-acondicionados/img/hero_split.jpg,sí,91,jpg,1200,900,sí,sí,sí,Instalación Mitsubishi Electric 2000 frigorías Barcelona,no,sí,126,621
aires-acondicionados/marcas/mitsubishi-2000-frigorias.html,marca/capacidad,,mitsubishi,2000,picture,aires-acondicionados/img/logo_zervitecnics.png,sí,31,png,560,120,sí,sí,sí,Zervitecnics,no,no,271,676
aires-acondicionados/marcas/mitsubishi-2000-frigorias.html,marca/capacidad,,mitsubishi,2000,og:image,aires-acondicionados/img/hero_main.jpg,sí,115,jpg,1400,787,no,sí,,,,,41,5
aires-acondicionados/marcas/mitsubishi-2500-frigorias.html,marca/capacidad,,mitsubishi,2500,picture,aires-acondicionados/img/logo_zervitecnics.png,sí,31,png,560,120,sí,sí,sí,Zervitecnics,sí,no,99,676
aires-acondicionados/marcas/mitsubishi-2500-frigorias.html,marca/capacidad,,mitsubishi,2500,picture,aires-acondicionados/img/hero_split.jpg,sí,91,jpg,1200,900,sí,sí,sí,Instalación Mitsubishi Electric 2500 frigorías Barcelona,no,sí,126,621
aires-acondicionados/marcas/mitsubishi-2500-frigorias.html,marca/capacidad,,mitsubishi,2500,picture,aires-acondicionados/img/logo_zervitecnics.png,sí,31,png,560,120,sí,sí,sí,Zervitecnics,no,no,271,676
aires-acondicionados/marcas/mitsubishi-2500-frigorias.html,marca/capacidad,,mitsubishi,2500,og:image,aires-acondicionados/img/hero_main.jpg,sí,115,jpg,1400,787,no,sí,,,,,41,5
aires-acondicionados/marcas/mitsubishi-4500-frigorias.html,marca/capacidad,,mitsubishi,4500,picture,aires-acondicionados/img/logo_zervitecnics.png,sí,31,png,560,120,sí,sí,sí,Zervitecnics,sí,no,99,676
aires-acondicionados/marcas/mitsubishi-4500-frigorias.html,marca/capacidad,,mitsubishi,4500,picture,aires-acondicionados/img/hero_split.jpg,sí,91,jpg,1200,900,sí,sí,sí,Instalación Mitsubishi Electric 4500 frigorías Barcelona,no,sí,126,621
aires-acondicionados/marcas/mitsubishi-4500-frigorias.html,marca/capacidad,,mitsubishi,4500,picture,aires-acondicionados/img/logo_zervitecnics.png,sí,31,png,560,120,sí,sí,sí,Zervitecnics,no,no,271,676
aires-acondicionados/marcas/mitsubishi-4500-frigorias.html,marca/capacidad,,mitsubishi,4500,og:image,aires-acondicionados/img/hero_main.jpg,sí,115,jpg,1400,787,no,sí,,,,,41,5
aires-acondicionados/marcas/mitsubishi-6000-frigorias.html,marca/capacidad,,mitsubishi,6000,picture,aires-acondicionados/img/logo_zervitecnics.png,sí,31,png,560,120,sí,sí,sí,Zervitecnics,sí,no,99,676
aires-acondicionados/marcas/mitsubishi-6000-frigorias.html,marca/capacidad,,mitsubishi,6000,picture,aires-acondicionados/img/hero_split.jpg,sí,91,jpg,1200,900,sí,sí,sí,Instalación Mitsubishi Electric 6000 frigorías Barcelona,no,sí,126,621
aires-acondicionados/marcas/mitsubishi-6000-frigorias.html,marca/capacidad,,mitsubishi,6000,picture,aires-acondicionados/img/logo_zervitecnics.png,sí,31,png,560,120,sí,sí,sí,Zervitecnics,no,no,271,676
aires-acondicionados/marcas/mitsubishi-6000-frigorias.html,marca/capacidad,,mitsubishi,6000,og:image,aires-acondicionados/img/hero_main.jpg,sí,115,jpg,1400,787,no,sí,,,,,41,5
aires-acondicionados/marcas/mitsubishi-arenys-de-mar.html,marca/ciudad,Arenys de Mar,mitsubishi,,picture,aires-acondicionados/img/logo_zervitecnics.png,sí,31,png,560,120,sí,sí,sí,Zervitecnics,sí,no,140,676
aires-acondicionados/marcas/mitsubishi-arenys-de-mar.html,marca/ciudad,Arenys de Mar,mitsubishi,,picture,aires-acondicionados/img/hero_split.jpg,sí,91,jpg,1200,900,sí,sí,sí,Mitsubishi Electric en Arenys de Mar,no,sí,167,621
aires-acondicionados/marcas/mitsubishi-arenys-de-mar.html,marca/ciudad,Arenys de Mar,mitsubishi,,picture,aires-acondicionados/img/logo_zervitecnics.png,sí,31,png,560,120,sí,sí,sí,Zervitecnics,no,no,345,676
aires-acondicionados/marcas/mitsubishi-arenys-de-mar.html,marca/ciudad,Arenys de Mar,mitsubishi,,og:image,aires-acondicionados/img/hero_main.jpg,sí,115,jpg,1400,787,no,sí,,,,,41,5
aires-acondicionados/marcas/mitsubishi-argentona.html,marca/ciudad,Argentona,mitsubishi,,picture,aires-acondicionados/img/logo_zervitecnics.png,sí,31,png,560,120,sí,sí,sí,Zervitecnics,sí,no,140,676
aires-acondicionados/marcas/mitsubishi-argentona.html,marca/ciudad,Argentona,mitsubishi,,picture,aires-acondicionados/img/hero_split.jpg,sí,91,jpg,1200,900,sí,sí,sí,Mitsubishi Electric en Argentona,no,sí,167,621
aires-acondicionados/marcas/mitsubishi-argentona.html,marca/ciudad,Argentona,mitsubishi,,picture,aires-acondicionados/img/logo_zervitecnics.png,sí,31,png,560,120,sí,sí,sí,Zervitecnics,no,no,345,676
aires-acondicionados/marcas/mitsubishi-argentona.html,marca/ciudad,Argentona,mitsubishi,,og:image,aires-acondicionados/img/hero_main.jpg,sí,115,jpg,1400,787,no,sí,,,,,41,5
aires-acondicionados/marcas/mitsubishi-badalona.html,marca/ciudad,Badalona,mitsubishi,,picture,aires-acondicionados/img/logo_zervitecnics.png,sí,31,png,560,120,sí,sí,sí,Zervitecnics,sí,no,140,676
aires-acondicionados/marcas/mitsubishi-badalona.html,marca/ciudad,Badalona,mitsubishi,,picture,aires-acondicionados/img/hero_split.jpg,sí,91,jpg,1200,900,sí,sí,sí,Mitsubishi Electric en Badalona,no,sí,167,621
aires-acondicionados/marcas/mitsubishi-badalona.html,marca/ciudad,Badalona,mitsubishi,,picture,aires-acondicionados/img/logo_zervitecnics.png,sí,31,png,560,120,sí,sí,sí,Zervitecnics,no,no,376,676
aires-acondicionados/marcas/mitsubishi-badalona.html,marca/ciudad,Badalona,mitsubishi,,og:image,aires-acondicionados/img/hero_main.jpg,sí,115,jpg,1400,787,no,sí,,,,,41,5
aires-acondicionados/marcas/mitsubishi-barbera-del-valles.html,marca/ciudad,Barberà del Vallès,mitsubishi,,picture,aires-acondicionados/img/logo_zervitecnics.png,sí,31,png,560,120,sí,sí,sí,Zervitecnics,sí,no,140,676
aires-acondicionados/marcas/mitsubishi-barbera-del-valles.html,marca/ciudad,Barberà del Vallès,mitsubishi,,picture,aires-acondicionados/img/hero_split.jpg,sí,91,jpg,1200,900,sí,sí,sí,Mitsubishi Electric en Barberà del Vallès,no,sí,167,621
aires-acondicionados/marcas/mitsubishi-barbera-del-valles.html,marca/ciudad,Barberà del Vallès,mitsubishi,,picture,aires-acondicionados/img/logo_zervitecnics.png,sí,31,png,560,120,sí,sí,sí,Zervitecnics,no,no,345,676
aires-acondicionados/marcas/mitsubishi-barbera-del-valles.html,marca/ciudad,Barberà del Vallès,mitsubishi,,og:image,aires-acondicionados/img/hero_main.jpg,sí,115,jpg,1400,787,no,sí,,,,,41,5
aires-acondicionados/marcas/mitsubishi-barcelona.html,marca/ciudad,Barcelona,mitsubishi,,picture,aires-acondicionados/img/logo_zervitecnics.png,sí,31,png,560,120,sí,sí,sí,Zervitecnics,sí,no,140,676
aires-acondicionados/marcas/mitsubishi-barcelona.html,marca/ciudad,Barcelona,mitsubishi,,picture,aires-acondicionados/img/hero_split.jpg,sí,91,jpg,1200,900,sí,sí,sí,Mitsubishi Electric en Barcelona,no,sí,167,621
aires-acondicionados/marcas/mitsubishi-barcelona.html,marca/ciudad,Barcelona,mitsubishi,,picture,aires-acondicionados/img/logo_zervitecnics.png,sí,31,png,560,120,sí,sí,sí,Zervitecnics,no,no,375,676
aires-acondicionados/marcas/mitsubishi-barcelona.html,marca/ciudad,Barcelona,mitsubishi,,og:image,aires-acondicionados/img/hero_main.jpg,sí,115,jpg,1400,787,no,sí,,,,,41,5
aires-acondicionados/marcas/mitsubishi-cabrils.html,marca/ciudad,Cabrils,mitsubishi,,picture,aires-acondicionados/img/logo_zervitecnics.png,sí,31,png,560,120,sí,sí,sí,Zervitecnics,sí,no,140,676
aires-acondicionados/marcas/mitsubishi-cabrils.html,marca/ciudad,Cabrils,mitsubishi,,picture,aires-acondicionados/img/hero_split.jpg,sí,91,jpg,1200,900,sí,sí,sí,Mitsubishi Electric en Cabrils,no,sí,167,621
aires-acondicionados/marcas/mitsubishi-cabrils.html,marca/ciudad,Cabrils,mitsubishi,,picture,aires-acondicionados/img/logo_zervitecnics.png,sí,31,png,560,120,sí,sí,sí,Zervitecnics,no,no,345,676
aires-acondicionados/marcas/mitsubishi-cabrils.html,marca/ciudad,Cabrils,mitsubishi,,og:image,aires-acondicionados/img/hero_main.jpg,sí,115,jpg,1400,787,no,sí,,,,,41,5
aires-acondicionados/marcas/mitsubishi-caldes-de-montbui.html,marca/ciudad,Caldes de Montbui,mitsubishi,,picture,aires-acondicionados/img/logo_zervitecnics.png,sí,31,png,560,120,sí,sí,sí,Zervitecnics,sí,no,140,676
aires-acondicionados/marcas/mitsubishi-caldes-de-montbui.html,marca/ciudad,Caldes de Montbui,mitsubishi,,picture,aires-acondicionados/img/hero_split.jpg,sí,91,jpg,1200,900,sí,sí,sí,Mitsubishi Electric en Caldes de Montbui,no,sí,167,621
aires-acondicionados/marcas/mitsubishi-caldes-de-montbui.html,marca/ciudad,Caldes de Montbui,mitsubishi,,picture,aires-acondicionados/img/logo_zervitecnics.png,sí,31,png,560,120,sí,sí,sí,Zervitecnics,no,no,345,676
aires-acondicionados/marcas/mitsubishi-caldes-de-montbui.html,marca/ciudad,Caldes de Montbui,mitsubishi,,og:image,aires-acondicionados/img/hero_main.jpg,sí,115,jpg,1400,787,no,sí,,,,,41,5
aires-acondicionados/marcas/mitsubishi-calella.html,marca/ciudad,Calella,mitsubishi,,picture,aires-acondicionados/img/logo_zervitecnics.png,sí,31,png,560,120,sí,sí,sí,Zervitecnics,sí,no,140,676
aires-acondicionados/marcas/mitsubishi-calella.html,marca/ciudad,Calella,mitsubishi,,picture,aires-acondicionados/img/hero_split.jpg,sí,91,jpg,1200,900,sí,sí,sí,Mitsubishi Electric en Calella,no,sí,167,621
aires-acondicionados/marcas/mitsubishi-calella.html,marca/ciudad,Calella,mitsubishi,,picture,aires-acondicionados/img/logo_zervitecnics.png,sí,31,png,560,120,sí,sí,sí,Zervitecnics,no,no,345,676
aires-acondicionados/marcas/mitsubishi-calella.html,marca/ciudad,Calella,mitsubishi,,og:image,aires-acondicionados/img/hero_main.jpg,sí,115,jpg,1400,787,no,sí,,,,,41,5
aires-acondicionados/marcas/mitsubishi-canet-de-mar.html,marca/ciudad,Canet de Mar,mitsubishi,,picture,aires-acondicionados/img/logo_zervitecnics.png,sí,31,png,560,120,sí,sí,sí,Zervitecnics,sí,no,140,676
aires-acondicionados/marcas/mitsubishi-canet-de-mar.html,marca/ciudad,Canet de Mar,mitsubishi,,picture,aires-acondicionados/img/hero_split.jpg,sí,91,jpg,1200,900,sí,sí,sí,Mitsubishi Electric en Canet de Mar,no,sí,167,621
aires-acondicionados/marcas/mitsubishi-canet-de-mar.html,marca/ciudad,Canet de Mar,mitsubishi,,picture,aires-acondicionados/img/logo_zervitecnics.png,sí,31,png,560,120,sí,sí,sí,Zervitecnics,no,no,345,676
aires-acondicionados/marcas/mitsubishi-canet-de-mar.html,marca/ciudad,Canet de Mar,mitsubishi,,og:image,aires-acondicionados/img/hero_main.jpg,sí,115,jpg,1400,787,no,sí,,,,,41,5
aires-acondicionados/marcas/mitsubishi-cardedeu.html,marca/ciudad,Cardedeu,mitsubishi,,picture,aires-acondicionados/img/logo_zervitecnics.png,sí,31,png,560,120,sí,sí,sí,Zervitecnics,sí,no,140,676
aires-acondicionados/marcas/mitsubishi-cardedeu.html,marca/ciudad,Cardedeu,mitsubishi,,picture,aires-acondicionados/img/hero_split.jpg,sí,91,jpg,1200,900,sí,sí,sí,Mitsubishi Electric en Cardedeu,no,sí,167,621
aires-acondicionados/marcas/mitsubishi-cardedeu.html,marca/ciudad,Cardedeu,mitsubishi,,picture,aires-acondicionados/img/logo_zervitecnics.png,sí,31,png,560,120,sí,sí,sí,Zervitecnics,no,no,345,676
aires-acondicionados/marcas/mitsubishi-cardedeu.html,marca/ciudad,Cardedeu,mitsubishi,,og:image,aires-acondicionados/img/hero_main.jpg,sí,115,jpg,1400,787,no,sí,,,,,41,5
aires-acondicionados/marcas/mitsubishi-castellar-del-valles.html,marca/ciudad,Castellar del Vallès,mitsubishi,,picture,aires-acondicionados/img/logo_zervitecnics.png,sí,31,png,560,120,sí,sí,sí,Zervitecnics,sí,no,140,676
aires-acondicionados/marcas/mitsubishi-castellar-del-valles.html,marca/ciudad,Castellar del Vallès,mitsubishi,,picture,aires-acondicionados/img/hero_split.jpg,sí,91,jpg,1200,900,sí,sí,sí,Mitsubishi Electric en Castellar del Vallès,no,sí,167,621
aires-acondicionados/marcas/mitsubishi-castellar-del-valles.html,marca/ciudad,Castellar del Vallès,mitsubishi,,picture,aires-acondicionados/img/logo_zervitecnics.png,sí,31,png,560,120,sí,sí,sí,Zervitecnics,no,no,345,676
aires-acondicionados/marcas/mitsubishi-castellar-del-valles.html,marca/ciudad,Castellar del Vallès,mitsubishi,,og:image,aires-acondicionados/img/hero_main.jpg,sí,115,jpg,1400,787,no,sí,,,,,41,5
aires-acondicionados/marcas/mitsubishi-castelldefels.html,marca/ciudad,Castelldefels,mitsubishi,,picture,aires-acondicionados/img/logo_zervitecnics.png,sí,31,png,560,120,sí,sí,sí,Zervitecnics,sí,no,140,676
aires-acondicionados/marcas/mitsubishi-castelldefels.html,marca/ciudad,Castelldefels,mitsubishi,,picture,aires-acondicionados/img/hero_split.jpg,sí,91,jpg,1200,900,sí,sí,sí,Mitsubishi Electric en Castelldefels,no,sí,167,621
aires-acondicionados/marcas/mitsubishi-castelldefels.html,marca/ciudad,Castelldefels,mitsubishi,,picture,aires-acondicionados/img/logo_zervitecnics.png,sí,31,png,560,120,sí,sí,sí,Zervitecnics,no,no,376,676
aires-acondicionados/marcas/mitsubishi-castelldefels.html,marca/ciudad,Castelldefels,mitsubishi,,og:image,aires-acondicionados/img/hero_main.jpg,sí,115,jpg,1400,787,no,sí,,,,,41,5
aires-acondicionados/marcas/mitsubishi-cerdanyola-del-valles.html,marca/ciudad,Cerdanyola del Vallès,mitsubishi,,picture,aires-acondicionados/img/logo_zervitecnics.png,sí,31,png,560,120,sí,sí,sí,Zervitecnics,sí,no,140,676
aires-acondicionados/marcas/mitsubishi-cerdanyola-del-valles.html,marca/ciudad,Cerdanyola del Vallès,mitsubishi,,picture,aires-acondicionados/img/hero_split.jpg,sí,91,jpg,1200,900,sí,sí,sí,Mitsubishi Electric en Cerdanyola del Vallès,no,sí,167,621
aires-acondicionados/marcas/mitsubishi-cerdanyola-del-valles.html,marca/ciudad,Cerdanyola del Vallès,mitsubishi,,picture,aires-acondicionados/img/logo_zervitecnics.png,sí,31,png,560,120,sí,sí,sí,Zervitecnics,no,no,345,676
aires-acondicionados/marcas/mitsubishi-cerdanyola-del-valles.html,marca/ciudad,Cerdanyola del Vallès,mitsubishi,,og:image,aires-acondicionados/img/hero_main.jpg,sí,115,jpg,1400,787,no,sí,,,,,41,5
aires-acondicionados/marcas/mitsubishi-cornella-de-llobregat.html,marca/ciudad,Cornellà de Llobregat,mitsubishi,,picture,aires-acondicionados/img/logo_zervitecnics.png,sí,31,png,560,120,sí,sí,sí,Zervitecnics,sí,no,140,676
aires-acondicionados/marcas/mitsubishi-cornella-de-llobregat.html,marca/ciudad,Cornellà de Llobregat,mitsubishi,,picture,aires-acondicionados/img/hero_split.jpg,sí,91,jpg,1200,900,sí,sí,sí,Mitsubishi Electric en Cornellà de Llobregat,no,sí,167,621
aires-acondicionados/marcas/mitsubishi-cornella-de-llobregat.html,marca/ciudad,Cornellà de Llobregat,mitsubishi,,picture,aires-acondicionados/img/logo_zervitecnics.png,sí,31,png,560,120,sí,sí,sí,Zervitecnics,no,no,376,676
aires-acondicionados/marcas/mitsubishi-cornella-de-llobregat.html,marca/ciudad,Cornellà de Llobregat,mitsubishi,,og:image,aires-acondicionados/img/hero_main.jpg,sí,115,jpg,1400,787,no,sí,,,,,41,5
aires-acondicionados/marcas/mitsubishi-el-masnou.html,marca/ciudad,El Masnou,mitsubishi,,picture,aires-acondicionados/img/logo_zervitecnics.png,sí,31,png,560,120,sí,sí,sí,Zervitecnics,sí,no,140,676
aires-acondicionados/marcas/mitsubishi-el-masnou.html,marca/ciudad,El Masnou,mitsubishi,,picture,aires-acondicionados/img/hero_split.jpg,sí,91,jpg,1200,900,sí,sí,sí,Mitsubishi Electric en El Masnou,no,sí,167,621
aires-acondicionados/marcas/mitsubishi-el-masnou.html,marca/ciudad,El Masnou,mitsubishi,,picture,aires-acondicionados/img/logo_zervitecnics.png,sí,31,png,560,120,sí,sí,sí,Zervitecnics,no,no,345,676
aires-acondicionados/marcas/mitsubishi-el-masnou.html,marca/ciudad,El Masnou,mitsubishi,,og:image,aires-acondicionados/img/hero_main.jpg,sí,115,jpg,1400,787,no,sí,,,,,41,5
aires-acondicionados/marcas/mitsubishi-el-prat-de-llobregat.html,marca/ciudad,El Prat de Llobregat,mitsubishi,,picture,aires-acondicionados/img/logo_zervitecnics.png,sí,31,png,560,120,sí,sí,sí,Zervitecnics,sí,no,140,676
aires-acondicionados/marcas/mitsubishi-el-prat-de-llobregat.html,marca/ciudad,El Prat de Llobregat,mitsubishi,,picture,aires-acondicionados/img/hero_split.jpg,sí,91,jpg,1200,900,sí,sí,sí,Mitsubishi Electric en El Prat de Llobregat,no,sí,167,621
aires-acondicionados/marcas/mitsubishi-el-prat-de-llobregat.html,marca/ciudad,El Prat de Llobregat,mitsubishi,,picture,aires-acondicionados/img/logo_zervitecnics.png,sí,31,png,560,120,sí,sí,sí,Zervitecnics,no,no,375,676
aires-acondicionados/marcas/mitsubishi-el-prat-de-llobregat.html,marca/ciudad,El Prat de Llobregat,mitsubishi,,og:image,aires-acondicionados/img/hero_main.jpg,sí,115,jpg,1400,787,no,sí,,,,,41,5
aires-acondicionados/marcas/mitsubishi-esplugues-de-llobregat.html,marca/ciudad,Esplugues de Llobregat,mitsubishi,,picture,aires-acondicionados/img/logo_zervitecnics.png,sí,31,png,560,120,sí,sí,sí,Zervitecnics,sí,no,140,676
aires-acondicionados/marcas/mitsubishi-esplugues-de-llobregat.html,marca/ciudad,Esplugues de Llobregat,mitsubishi,,picture,aires-acondicionados/img/hero_split.jpg,sí,91,jpg,1200,900,sí,sí,sí,Mitsubishi Electric en Esplugues de Llobregat,no,sí,167,621
aires-acondicionados/marcas/mitsubishi-esplugues-de-llobregat.html,marca/ciudad,Esplugues de Llobregat,mitsubishi,,picture,aires-acondicionados/img/logo_zervitecnics.png,sí,31,png,560,120,sí,sí,sí,Zervitecnics,no,no,375,676
aires-acondicionados/marcas/mitsubishi-esplugues-de-llobregat.html,marca/ciudad,Esplugues de Llobregat,mitsubishi,,og:image,aires-acondicionados/img/hero_main.jpg,sí,115,jpg,1400,787,no,sí,,,,,41,5
aires-acondicionados/marcas/mitsubishi-gava.html,marca/ciudad,Gavà,mitsubishi,,picture,aires-acondicionados/img/logo_zervitecnics.png,sí,31,png,560,120,sí,sí,sí,Zervitecnics,sí,no,140,676
aires-acondicionados/marcas/mitsubishi-gava.html,marca/ciudad,Gavà,mitsubishi,,picture,aires-acondicionados/img/hero_split.jpg,sí,91,jpg,1200,900,sí,sí,sí,Mitsubishi Electric en Gavà,no,sí,167,621
aires-acondicionados/marcas/mitsubishi-gava.html,marca/ciudad,Gavà,mitsubishi,,picture,aires-acondicionados/img/logo_zervitecnics.png,sí,31,png,560,120,sí,sí,sí,Zervitecnics,no,no,375,676
aires-acondicionados/marcas/mitsubishi-gava.html,marca/ciudad,Gavà,mitsubishi,,og:image,aires-acondicionados/img/hero_main.jpg,sí,115,jpg,1400,787,no,sí,,,,,41,5
aires-acondicionados/marcas/mitsubishi-granollers.html,marca/ciudad,Granollers,mitsubishi,,picture,aires-acondicionados/img/logo_zervitecnics.png,sí,31,png,560,120,sí,sí,sí,Zervitecnics,sí,no,140,676
aires-acondicionados/marcas/mitsubishi-granollers.html,marca/ciudad,Granollers,mitsubishi,,picture,aires-acondicionados/img/hero_split.jpg,sí,91,jpg,1200,900,sí,sí,sí,Mitsubishi Electric en Granollers,no,sí,167,621
aires-acondicionados/marcas/mitsubishi-granollers.html,marca/ciudad,Granollers,mitsubishi,,picture,aires-acondicionados/img/logo_zervitecnics.png,sí,31,png,560,120,sí,sí,sí,Zervitecnics,no,no,345,676
aires-acondicionados/marcas/mitsubishi-granollers.html,marca/ciudad,Granollers,mitsubishi,,og:image,aires-acondicionados/img/hero_main.jpg,sí,115,jpg,1400,787,no,sí,,,,,41,5
aires-acondicionados/marcas/mitsubishi-hospitalet-de-llobregat.html,marca/ciudad,L'Hospitalet de Llobregat,mitsubishi,,picture,aires-acondicionados/img/logo_zervitecnics.png,sí,31,png,560,120,sí,sí,sí,Zervitecnics,sí,no,140,676
aires-acondicionados/marcas/mitsubishi-hospitalet-de-llobregat.html,marca/ciudad,L'Hospitalet de Llobregat,mitsubishi,,picture,aires-acondicionados/img/hero_split.jpg,sí,91,jpg,1200,900,sí,sí,sí,Mitsubishi Electric en L'Hospitalet de Llobregat,no,sí,167,621
aires-acondicionados/marcas/mitsubishi-hospitalet-de-llobregat.html,marca/ciudad,L'Hospitalet de Llobregat,mitsubishi,,picture,aires-acondicionados/img/logo_zervitecnics.png,sí,31,png,560,120,sí,sí,sí,Zervitecnics,no,no,376,676
aires-acondicionados/marcas/mitsubishi-hospitalet-de-llobregat.html,marca/ciudad,L'Hospitalet de Llobregat,mitsubishi,,og:image,aires-acondicionados/img/hero_main.jpg,sí,115,jpg,1400,787,no,sí,,,,,41,5
aires-acondicionados/marcas/mitsubishi-la-garriga.html,marca/ciudad,La Garriga,mitsubishi,,picture,aires-acondicionados/img/logo_zervitecnics.png,sí,31,png,560,120,sí,sí,sí,Zervitecnics,sí,no,140,676
aires-acondicionados/marcas/mitsubishi-la-garriga.html,marca/ciudad,La Garriga,mitsubishi,,picture,aires-acondicionados/img/hero_split.jpg,sí,91,jpg,1200,900,sí,sí,sí,Mitsubishi Electric en La Garriga,no,sí,167,621
aires-acondicionados/marcas/mitsubishi-la-garriga.html,marca/ciudad,La Garriga,mitsubishi,,picture,aires-acondicionados/img/logo_zervitecnics.png,sí,31,png,560,120,sí,sí,sí,Zervitecnics,no,no,345,676
aires-acondicionados/marcas/mitsubishi-la-garriga.html,marca/ciudad,La Garriga,mitsubishi,,og:image,aires-acondicionados/img/hero_main.jpg,sí,115,jpg,1400,787,no,sí,,,,,41,5
aires-acondicionados/marcas/mitsubishi-mataro.html,marca/ciudad,Mataró,mitsubishi,,picture,aires-acondicionados/img/logo_zervitecnics.png,sí,31,png,560,120,sí,sí,sí,Zervitecnics,sí,no,140,676
aires-acondicionados/marcas/mitsubishi-mataro.html,marca/ciudad,Mataró,mitsubishi,,picture,aires-acondicionados/img/hero_split.jpg,sí,91,jpg,1200,900,sí,sí,sí,Mitsubishi Electric en Mataró,no,sí,167,621
aires-acondicionados/marcas/mitsubishi-mataro.html,marca/ciudad,Mataró,mitsubishi,,picture,aires-acondicionados/img/logo_zervitecnics.png,sí,31,png,560,120,sí,sí,sí,Zervitecnics,no,no,345,676
aires-acondicionados/marcas/mitsubishi-mataro.html,marca/ciudad,Mataró,mitsubishi,,og:image,aires-acondicionados/img/hero_main.jpg,sí,115,jpg,1400,787,no,sí,,,,,41,5
aires-acondicionados/marcas/mitsubishi-mollet-del-valles.html,marca/ciudad,Mollet del Vallès,mitsubishi,,picture,aires-acondicionados/img/logo_zervitecnics.png,sí,31,png,560,120,sí,sí,sí,Zervitecnics,sí,no,140,676
aires-acondicionados/marcas/mitsubishi-mollet-del-valles.html,marca/ciudad,Mollet del Vallès,mitsubishi,,picture,aires-acondicionados/img/hero_split.jpg,sí,91,jpg,1200,900,sí,sí,sí,Mitsubishi Electric en Mollet del Vallès,no,sí,167,621
aires-acondicionados/marcas/mitsubishi-mollet-del-valles.html,marca/ciudad,Mollet del Vallès,mitsubishi,,picture,aires-acondicionados/img/logo_zervitecnics.png,sí,31,png,560,120,sí,sí,sí,Zervitecnics,no,no,345,676
aires-acondicionados/marcas/mitsubishi-mollet-del-valles.html,marca/ciudad,Mollet del Vallès,mitsubishi,,og:image,aires-acondicionados/img/hero_main.jpg,sí,115,jpg,1400,787,no,sí,,,,,41,5
aires-acondicionados/marcas/mitsubishi-parets-del-valles.html,marca/ciudad,Parets del Vallès,mitsubishi,,picture,aires-acondicionados/img/logo_zervitecnics.png,sí,31,png,560,120,sí,sí,sí,Zervitecnics,sí,no,140,676
aires-acondicionados/marcas/mitsubishi-parets-del-valles.html,marca/ciudad,Parets del Vallès,mitsubishi,,picture,aires-acondicionados/img/hero_split.jpg,sí,91,jpg,1200,900,sí,sí,sí,Mitsubishi Electric en Parets del Vallès,no,sí,167,621
aires-acondicionados/marcas/mitsubishi-parets-del-valles.html,marca/ciudad,Parets del Vallès,mitsubishi,,picture,aires-acondicionados/img/logo_zervitecnics.png,sí,31,png,560,120,sí,sí,sí,Zervitecnics,no,no,345,676
aires-acondicionados/marcas/mitsubishi-parets-del-valles.html,marca/ciudad,Parets del Vallès,mitsubishi,,og:image,aires-acondicionados/img/hero_main.jpg,sí,115,jpg,1400,787,no,sí,,,,,41,5
aires-acondicionados/marcas/mitsubishi-pineda-de-mar.html,marca/ciudad,Pineda de Mar,mitsubishi,,picture,aires-acondicionados/img/logo_zervitecnics.png,sí,31,png,560,120,sí,sí,sí,Zervitecnics,sí,no,140,676
aires-acondicionados/marcas/mitsubishi-pineda-de-mar.html,marca/ciudad,Pineda de Mar,mitsubishi,,picture,aires-acondicionados/img/hero_split.jpg,sí,91,jpg,1200,900,sí,sí,sí,Mitsubishi Electric en Pineda de Mar,no,sí,167,621
aires-acondicionados/marcas/mitsubishi-pineda-de-mar.html,marca/ciudad,Pineda de Mar,mitsubishi,,picture,aires-acondicionados/img/logo_zervitecnics.png,sí,31,png,560,120,sí,sí,sí,Zervitecnics,no,no,345,676
aires-acondicionados/marcas/mitsubishi-pineda-de-mar.html,marca/ciudad,Pineda de Mar,mitsubishi,,og:image,aires-acondicionados/img/hero_main.jpg,sí,115,jpg,1400,787,no,sí,,,,,41,5
aires-acondicionados/marcas/mitsubishi-premia-de-mar.html,marca/ciudad,Premià de Mar,mitsubishi,,picture,aires-acondicionados/img/logo_zervitecnics.png,sí,31,png,560,120,sí,sí,sí,Zervitecnics,sí,no,140,676
aires-acondicionados/marcas/mitsubishi-premia-de-mar.html,marca/ciudad,Premià de Mar,mitsubishi,,picture,aires-acondicionados/img/hero_split.jpg,sí,91,jpg,1200,900,sí,sí,sí,Mitsubishi Electric en Premià de Mar,no,sí,167,621
aires-acondicionados/marcas/mitsubishi-premia-de-mar.html,marca/ciudad,Premià de Mar,mitsubishi,,picture,aires-acondicionados/img/logo_zervitecnics.png,sí,31,png,560,120,sí,sí,sí,Zervitecnics,no,no,345,676
aires-acondicionados/marcas/mitsubishi-premia-de-mar.html,marca/ciudad,Premià de Mar,mitsubishi,,og:image,aires-acondicionados/img/hero_main.jpg,sí,115,jpg,1400,787,no,sí,,,,,41,5
aires-acondicionados/marcas/mitsubishi-rubi.html,marca/ciudad,Rubí,mitsubishi,,picture,aires-acondicionados/img/logo_zervitecnics.png,sí,31,png,560,120,sí,sí,sí,Zervitecnics,sí,no,140,676
aires-acondicionados/marcas/mitsubishi-rubi.html,marca/ciudad,Rubí,mitsubishi,,picture,aires-acondicionados/img/hero_split.jpg,sí,91,jpg,1200,900,sí,sí,sí,Mitsubishi Electric en Rubí,no,sí,167,621
aires-acondicionados/marcas/mitsubishi-rubi.html,marca/ciudad,Rubí,mitsubishi,,picture,aires-acondicionados/img/logo_zervitecnics.png,sí,31,png,560,120,sí,sí,sí,Zervitecnics,no,no,345,676
aires-acondicionados/marcas/mitsubishi-rubi.html,marca/ciudad,Rubí,mitsubishi,,og:image,aires-acondicionados/img/hero_main.jpg,sí,115,jpg,1400,787,no,sí,,,,,41,5
aires-acondicionados/marcas/mitsubishi-sabadell.html,marca/ciudad,Sabadell,mitsubishi,,picture,aires-acondicionados/img/logo_zervitecnics.png,sí,31,png,560,120,sí,sí,sí,Zervitecnics,sí,no,140,676
aires-acondicionados/marcas/mitsubishi-sabadell.html,marca/ciudad,Sabadell,mitsubishi,,picture,aires-acondicionados/img/hero_split.jpg,sí,91,jpg,1200,900,sí,sí,sí,Mitsubishi Electric en Sabadell,no,sí,167,621
aires-acondicionados/marcas/mitsubishi-sabadell.html,marca/ciudad,Sabadell,mitsubishi,,picture,aires-acondicionados/img/logo_zervitecnics.png,sí,31,png,560,120,sí,sí,sí,Zervitecnics,no,no,376,676
aires-acondicionados/marcas/mitsubishi-sabadell.html,marca/ciudad,Sabadell,mitsubishi,,og:image,aires-acondicionados/img/hero_main.jpg,sí,115,jpg,1400,787,no,sí,,,,,41,5
aires-acondicionados/marcas/mitsubishi-sant-adria-de-besos.html,marca/ciudad,Sant Adrià de Besòs,mitsubishi,,picture,aires-acondicionados/img/logo_zervitecnics.png,sí,31,png,560,120,sí,sí,sí,Zervitecnics,sí,no,140,676
aires-acondicionados/marcas/mitsubishi-sant-adria-de-besos.html,marca/ciudad,Sant Adrià de Besòs,mitsubishi,,picture,aires-acondicionados/img/hero_split.jpg,sí,91,jpg,1200,900,sí,sí,sí,Mitsubishi Electric en Sant Adrià de Besòs,no,sí,167,621
aires-acondicionados/marcas/mitsubishi-sant-adria-de-besos.html,marca/ciudad,Sant Adrià de Besòs,mitsubishi,,picture,aires-acondicionados/img/logo_zervitecnics.png,sí,31,png,560,120,sí,sí,sí,Zervitecnics,no,no,375,676
aires-acondicionados/marcas/mitsubishi-sant-adria-de-besos.html,marca/ciudad,Sant Adrià de Besòs,mitsubishi,,og:image,aires-acondicionados/img/hero_main.jpg,sí,115,jpg,1400,787,no,sí,,,,,41,5
aires-acondicionados/marcas/mitsubishi-sant-boi-de-llobregat.html,marca/ciudad,Sant Boi de Llobregat,mitsubishi,,picture,aires-acondicionados/img/logo_zervitecnics.png,sí,31,png,560,120,sí,sí,sí,Zervitecnics,sí,no,140,676
aires-acondicionados/marcas/mitsubishi-sant-boi-de-llobregat.html,marca/ciudad,Sant Boi de Llobregat,mitsubishi,,picture,aires-acondicionados/img/hero_split.jpg,sí,91,jpg,1200,900,sí,sí,sí,Mitsubishi Electric en Sant Boi de Llobregat,no,sí,167,621
aires-acondicionados/marcas/mitsubishi-sant-boi-de-llobregat.html,marca/ciudad,Sant Boi de Llobregat,mitsubishi,,picture,aires-acondicionados/img/logo_zervitecnics.png,sí,31,png,560,120,sí,sí,sí,Zervitecnics,no,no,375,676
aires-acondicionados/marcas/mitsubishi-sant-boi-de-llobregat.html,marca/ciudad,Sant Boi de Llobregat,mitsubishi,,og:image,aires-acondicionados/img/hero_main.jpg,sí,115,jpg,1400,787,no,sí,,,,,41,5
aires-acondicionados/marcas/mitsubishi-sant-celoni.html,marca/ciudad,Sant Celoni,mitsubishi,,picture,aires-acondicionados/img/logo_zervitecnics.png,sí,31,png,560,120,sí,sí,sí,Zervitecnics,sí,no,140,676
aires-acondicionados/marcas/mitsubishi-sant-celoni.html,marca/ciudad,Sant Celoni,mitsubishi,,picture,aires-acondicionados/img/hero_split.jpg,sí,91,jpg,1200,900,sí,sí,sí,Mitsubishi Electric en Sant Celoni,no,sí,167,621
aires-acondicionados/marcas/mitsubishi-sant-celoni.html,marca/ciudad,Sant Celoni,mitsubishi,,picture,aires-acondicionados/img/logo_zervitecnics.png,sí,31,png,560,120,sí,sí,sí,Zervitecnics,no,no,345,676
aires-acondicionados/marcas/mitsubishi-sant-celoni.html,marca/ciudad,Sant Celoni,mitsubishi,,og:image,aires-acondicionados/img/hero_main.jpg,sí,115,jpg,1400,787,no,sí,,,,,41,5
aires-acondicionados/marcas/mitsubishi-sant-cugat-del-valles.html,marca/ciudad,Sant Cugat del Vallès,mitsubishi,,picture,aires-acondicionados/img/logo_zervitecnics.png,sí,31,png,560,120,sí,sí,sí,Zervitecnics,sí,no,140,676
aires-acondicionados/marcas/mitsubishi-sant-cugat-del-valles.html,marca/ciudad,Sant Cugat del Vallès,mitsubishi,,picture,aires-acondicionados/img/hero_split.jpg,sí,91,jpg,1200,900,sí,sí,sí,Mitsubishi Electric en Sant Cugat del Vallès,no,sí,167,621
aires-acondicionados/marcas/mitsubishi-sant-cugat-del-valles.html,marca/ciudad,Sant Cugat del Vallès,mitsubishi,,picture,aires-acondicionados/img/logo_zervitecnics.png,sí,31,png,560,120,sí,sí,sí,Zervitecnics,no,no,376,676
aires-acondicionados/marcas/mitsubishi-sant-cugat-del-valles.html,marca/ciudad,Sant Cugat del Vallès,mitsubishi,,og:image,aires-acondicionados/img/hero_main.jpg,sí,115,jpg,1400,787,no,sí,,,,,41,5
aires-acondicionados/marcas/mitsubishi-sant-joan-despi.html,marca/ciudad,Sant Joan Despí,mitsubishi,,picture,aires-acondicionados/img/logo_zervitecnics.png,sí,31,png,560,120,sí,sí,sí,Zervitecnics,sí,no,140,676
aires-acondicionados/marcas/mitsubishi-sant-joan-despi.html,marca/ciudad,Sant Joan Despí,mitsubishi,,picture,aires-acondicionados/img/hero_split.jpg,sí,91,jpg,1200,900,sí,sí,sí,Mitsubishi Electric en Sant Joan Despí,no,sí,167,621
aires-acondicionados/marcas/mitsubishi-sant-joan-despi.html,marca/ciudad,Sant Joan Despí,mitsubishi,,picture,aires-acondicionados/img/logo_zervitecnics.png,sí,31,png,560,120,sí,sí,sí,Zervitecnics,no,no,375,676
aires-acondicionados/marcas/mitsubishi-sant-joan-despi.html,marca/ciudad,Sant Joan Despí,mitsubishi,,og:image,aires-acondicionados/img/hero_main.jpg,sí,115,jpg,1400,787,no,sí,,,,,41,5
aires-acondicionados/marcas/mitsubishi-sant-just-desvern.html,marca/ciudad,Sant Just Desvern,mitsubishi,,picture,aires-acondicionados/img/logo_zervitecnics.png,sí,31,png,560,120,sí,sí,sí,Zervitecnics,sí,no,140,676
aires-acondicionados/marcas/mitsubishi-sant-just-desvern.html,marca/ciudad,Sant Just Desvern,mitsubishi,,picture,aires-acondicionados/img/hero_split.jpg,sí,91,jpg,1200,900,sí,sí,sí,Mitsubishi Electric en Sant Just Desvern,no,sí,167,621
aires-acondicionados/marcas/mitsubishi-sant-just-desvern.html,marca/ciudad,Sant Just Desvern,mitsubishi,,picture,aires-acondicionados/img/logo_zervitecnics.png,sí,31,png,560,120,sí,sí,sí,Zervitecnics,no,no,375,676
aires-acondicionados/marcas/mitsubishi-sant-just-desvern.html,marca/ciudad,Sant Just Desvern,mitsubishi,,og:image,aires-acondicionados/img/hero_main.jpg,sí,115,jpg,1400,787,no,sí,,,,,41,5
aires-acondicionados/marcas/mitsubishi-sant-quirze-del-valles.html,marca/ciudad,Sant Quirze del Vallès,mitsubishi,,picture,aires-acondicionados/img/logo_zervitecnics.png,sí,31,png,560,120,sí,sí,sí,Zervitecnics,sí,no,140,676
aires-acondicionados/marcas/mitsubishi-sant-quirze-del-valles.html,marca/ciudad,Sant Quirze del Vallès,mitsubishi,,picture,aires-acondicionados/img/hero_split.jpg,sí,91,jpg,1200,900,sí,sí,sí,Mitsubishi Electric en Sant Quirze del Vallès,no,sí,167,621
aires-acondicionados/marcas/mitsubishi-sant-quirze-del-valles.html,marca/ciudad,Sant Quirze del Vallès,mitsubishi,,picture,aires-acondicionados/img/logo_zervitecnics.png,sí,31,png,560,120,sí,sí,sí,Zervitecnics,no,no,345,676
aires-acondicionados/marcas/mitsubishi-sant-quirze-del-valles.html,marca/ciudad,Sant Quirze del Vallès,mitsubishi,,og:image,aires-acondicionados/img/hero_main.jpg,sí,115,jpg,1400,787,no,sí,,,,,41,5
aires-acondicionados/marcas/mitsubishi-santa-coloma-de-gramenet.html,marca/ciudad,Santa Coloma de Gramenet,mitsubishi,,picture,aires-acondicionados/img/logo_zervitecnics.png,sí,31,png,560,120,sí,sí,sí,Zervitecnics,sí,no,140,676
aires-acondicionados/marcas/mitsubishi-santa-coloma-de-gramenet.html,marca/ciudad,Santa Coloma de Gramenet,mitsubishi,,picture,aires-acondicionados/img/hero_split.jpg,sí,91,jpg,1200,900,sí,sí,sí,Mitsubishi Electric en Santa Coloma de Gramenet,no,sí,167,621
aires-acondicionados/marcas/mitsubishi-santa-coloma-de-gramenet.html,marca/ciudad,Santa Coloma de Gramenet,mitsubishi,,picture,aires-acondicionados/img/logo_zervitecnics.png,sí,31,png,560,120,sí,sí,sí,Zervitecnics,no,no,375,676
aires-acondicionados/marcas/mitsubishi-santa-coloma-de-gramenet.html,marca/ciudad,Santa Coloma de Gramenet,mitsubishi,,og:image,aires-acondicionados/img/hero_main.jpg,sí,115,jpg,1400,787,no,sí,,,,,41,5
aires-acondicionados/marcas/mitsubishi-sitges.html,marca/ciudad,Sitges,mitsubishi,,picture,aires-acondicionados/img/logo_zervitecnics.png,sí,31,png,560,120,sí,sí,sí,Zervitecnics,sí,no,140,676
aires-acondicionados/marcas/mitsubishi-sitges.html,marca/ciudad,Sitges,mitsubishi,,picture,aires-acondicionados/img/hero_split.jpg,sí,91,jpg,1200,900,sí,sí,sí,Mitsubishi Electric en Sitges,no,sí,167,621
aires-acondicionados/marcas/mitsubishi-sitges.html,marca/ciudad,Sitges,mitsubishi,,picture,aires-acondicionados/img/logo_zervitecnics.png,sí,31,png,560,120,sí,sí,sí,Zervitecnics,no,no,345,676
aires-acondicionados/marcas/mitsubishi-sitges.html,marca/ciudad,Sitges,mitsubishi,,og:image,aires-acondicionados/img/hero_main.jpg,sí,115,jpg,1400,787,no,sí,,,,,41,5
aires-acondicionados/marcas/mitsubishi-terrassa.html,marca/ciudad,Terrassa,mitsubishi,,picture,aires-acondicionados/img/logo_zervitecnics.png,sí,31,png,560,120,sí,sí,sí,Zervitecnics,sí,no,140,676
aires-acondicionados/marcas/mitsubishi-terrassa.html,marca/ciudad,Terrassa,mitsubishi,,picture,aires-acondicionados/img/hero_split.jpg,sí,91,jpg,1200,900,sí,sí,sí,Mitsubishi Electric en Terrassa,no,sí,167,621
aires-acondicionados/marcas/mitsubishi-terrassa.html,marca/ciudad,Terrassa,mitsubishi,,picture,aires-acondicionados/img/logo_zervitecnics.png,sí,31,png,560,120,sí,sí,sí,Zervitecnics,no,no,376,676
aires-acondicionados/marcas/mitsubishi-terrassa.html,marca/ciudad,Terrassa,mitsubishi,,og:image,aires-acondicionados/img/hero_main.jpg,sí,115,jpg,1400,787,no,sí,,,,,41,5
aires-acondicionados/marcas/mitsubishi-viladecans.html,marca/ciudad,Viladecans,mitsubishi,,picture,aires-acondicionados/img/logo_zervitecnics.png,sí,31,png,560,120,sí,sí,sí,Zervitecnics,sí,no,140,676
aires-acondicionados/marcas/mitsubishi-viladecans.html,marca/ciudad,Viladecans,mitsubishi,,picture,aires-acondicionados/img/hero_split.jpg,sí,91,jpg,1200,900,sí,sí,sí,Mitsubishi Electric en Viladecans,no,sí,167,621
aires-acondicionados/marcas/mitsubishi-viladecans.html,marca/ciudad,Viladecans,mitsubishi,,picture,aires-acondicionados/img/logo_zervitecnics.png,sí,31,png,560,120,sí,sí,sí,Zervitecnics,no,no,375,676
aires-acondicionados/marcas/mitsubishi-viladecans.html,marca/ciudad,Viladecans,mitsubishi,,og:image,aires-acondicionados/img/hero_main.jpg,sí,115,jpg,1400,787,no,sí,,,,,41,5
aires-acondicionados/marcas/mitsubishi-vilassar-de-mar.html,marca/ciudad,Vilassar de Mar,mitsubishi,,picture,aires-acondicionados/img/logo_zervitecnics.png,sí,31,png,560,120,sí,sí,sí,Zervitecnics,sí,no,140,676
aires-acondicionados/marcas/mitsubishi-vilassar-de-mar.html,marca/ciudad,Vilassar de Mar,mitsubishi,,picture,aires-acondicionados/img/hero_split.jpg,sí,91,jpg,1200,900,sí,sí,sí,Mitsubishi Electric en Vilassar de Mar,no,sí,167,621
aires-acondicionados/marcas/mitsubishi-vilassar-de-mar.html,marca/ciudad,Vilassar de Mar,mitsubishi,,picture,aires-acondicionados/img/logo_zervitecnics.png,sí,31,png,560,120,sí,sí,sí,Zervitecnics,no,no,345,676
aires-acondicionados/marcas/mitsubishi-vilassar-de-mar.html,marca/ciudad,Vilassar de Mar,mitsubishi,,og:image,aires-acondicionados/img/hero_main.jpg,sí,115,jpg,1400,787,no,sí,,,,,41,5
aires-acondicionados/marcas/mitsubishi.html,marca/raiz,,mitsubishi,,picture,aires-acondicionados/img/logo_zervitecnics.png,sí,31,png,560,120,sí,sí,sí,Zervitecnics,sí,no,112,676
aires-acondicionados/marcas/mitsubishi.html,marca/raiz,,mitsubishi,,picture,aires-acondicionados/img/hero_main.jpg,sí,115,jpg,1400,787,sí,sí,sí,Instalación Mitsubishi Electric en Barcelona,no,sí,139,5
aires-acondicionados/marcas/mitsubishi.html,marca/raiz,,mitsubishi,,picture,aires-acondicionados/img/logo_zervitecnics.png,sí,31,png,560,120,sí,sí,sí,Zervitecnics,no,no,342,676
aires-acondicionados/marcas/mitsubishi.html,marca/raiz,,mitsubishi,,og:image,aires-acondicionados/img/hero_main.jpg,sí,115,jpg,1400,787,no,sí,,,,,45,5
aires-acondicionados/marcas/panasonic-2000-frigorias.html,marca/capacidad,,panasonic,2000,picture,aires-acondicionados/img/logo_zervitecnics.png,sí,31,png,560,120,sí,sí,sí,Zervitecnics,sí,no,99,676
aires-acondicionados/marcas/panasonic-2000-frigorias.html,marca/capacidad,,panasonic,2000,picture,aires-acondicionados/img/hero_split.jpg,sí,91,jpg,1200,900,sí,sí,sí,Instalación Panasonic 2000 frigorías Barcelona,no,sí,126,621
aires-acondicionados/marcas/panasonic-2000-frigorias.html,marca/capacidad,,panasonic,2000,picture,aires-acondicionados/img/logo_zervitecnics.png,sí,31,png,560,120,sí,sí,sí,Zervitecnics,no,no,271,676
aires-acondicionados/marcas/panasonic-2000-frigorias.html,marca/capacidad,,panasonic,2000,og:image,aires-acondicionados/img/hero_main.jpg,sí,115,jpg,1400,787,no,sí,,,,,41,5
aires-acondicionados/marcas/panasonic-2500-frigorias.html,marca/capacidad,,panasonic,2500,picture,aires-acondicionados/img/logo_zervitecnics.png,sí,31,png,560,120,sí,sí,sí,Zervitecnics,sí,no,99,676
aires-acondicionados/marcas/panasonic-2500-frigorias.html,marca/capacidad,,panasonic,2500,picture,aires-acondicionados/img/hero_split.jpg,sí,91,jpg,1200,900,sí,sí,sí,Instalación Panasonic 2500 frigorías Barcelona,no,sí,126,621
aires-acondicionados/marcas/panasonic-2500-frigorias.html,marca/capacidad,,panasonic,2500,picture,aires-acondicionados/img/logo_zervitecnics.png,sí,31,png,560,120,sí,sí,sí,Zervitecnics,no,no,271,676
aires-acondicionados/marcas/panasonic-2500-frigorias.html,marca/capacidad,,panasonic,2500,og:image,aires-acondicionados/img/hero_main.jpg,sí,115,jpg,1400,787,no,sí,,,,,41,5
aires-acondicionados/marcas/panasonic-4500-frigorias.html,marca/capacidad,,panasonic,4500,picture,aires-acondicionados/img/logo_zervitecnics.png,sí,31,png,560,120,sí,sí,sí,Zervitecnics,sí,no,99,676
aires-acondicionados/marcas/panasonic-4500-frigorias.html,marca/capacidad,,panasonic,4500,picture,aires-acondicionados/img/hero_split.jpg,sí,91,jpg,1200,900,sí,sí,sí,Instalación Panasonic 4500 frigorías Barcelona,no,sí,126,621
aires-acondicionados/marcas/panasonic-4500-frigorias.html,marca/capacidad,,panasonic,4500,picture,aires-acondicionados/img/logo_zervitecnics.png,sí,31,png,560,120,sí,sí,sí,Zervitecnics,no,no,271,676
aires-acondicionados/marcas/panasonic-4500-frigorias.html,marca/capacidad,,panasonic,4500,og:image,aires-acondicionados/img/hero_main.jpg,sí,115,jpg,1400,787,no,sí,,,,,41,5
aires-acondicionados/marcas/panasonic-6000-frigorias.html,marca/capacidad,,panasonic,6000,picture,aires-acondicionados/img/logo_zervitecnics.png,sí,31,png,560,120,sí,sí,sí,Zervitecnics,sí,no,99,676
aires-acondicionados/marcas/panasonic-6000-frigorias.html,marca/capacidad,,panasonic,6000,picture,aires-acondicionados/img/hero_split.jpg,sí,91,jpg,1200,900,sí,sí,sí,Instalación Panasonic 6000 frigorías Barcelona,no,sí,126,621
aires-acondicionados/marcas/panasonic-6000-frigorias.html,marca/capacidad,,panasonic,6000,picture,aires-acondicionados/img/logo_zervitecnics.png,sí,31,png,560,120,sí,sí,sí,Zervitecnics,no,no,271,676
aires-acondicionados/marcas/panasonic-6000-frigorias.html,marca/capacidad,,panasonic,6000,og:image,aires-acondicionados/img/hero_main.jpg,sí,115,jpg,1400,787,no,sí,,,,,41,5
aires-acondicionados/marcas/panasonic-arenys-de-mar.html,marca/ciudad,Arenys de Mar,panasonic,,picture,aires-acondicionados/img/logo_zervitecnics.png,sí,31,png,560,120,sí,sí,sí,Zervitecnics,sí,no,140,676
aires-acondicionados/marcas/panasonic-arenys-de-mar.html,marca/ciudad,Arenys de Mar,panasonic,,picture,aires-acondicionados/img/hero_split.jpg,sí,91,jpg,1200,900,sí,sí,sí,Panasonic en Arenys de Mar,no,sí,167,621
aires-acondicionados/marcas/panasonic-arenys-de-mar.html,marca/ciudad,Arenys de Mar,panasonic,,picture,aires-acondicionados/img/logo_zervitecnics.png,sí,31,png,560,120,sí,sí,sí,Zervitecnics,no,no,345,676
aires-acondicionados/marcas/panasonic-arenys-de-mar.html,marca/ciudad,Arenys de Mar,panasonic,,og:image,aires-acondicionados/img/hero_main.jpg,sí,115,jpg,1400,787,no,sí,,,,,41,5
aires-acondicionados/marcas/panasonic-argentona.html,marca/ciudad,Argentona,panasonic,,picture,aires-acondicionados/img/logo_zervitecnics.png,sí,31,png,560,120,sí,sí,sí,Zervitecnics,sí,no,140,676
aires-acondicionados/marcas/panasonic-argentona.html,marca/ciudad,Argentona,panasonic,,picture,aires-acondicionados/img/hero_split.jpg,sí,91,jpg,1200,900,sí,sí,sí,Panasonic en Argentona,no,sí,167,621
aires-acondicionados/marcas/panasonic-argentona.html,marca/ciudad,Argentona,panasonic,,picture,aires-acondicionados/img/logo_zervitecnics.png,sí,31,png,560,120,sí,sí,sí,Zervitecnics,no,no,345,676
aires-acondicionados/marcas/panasonic-argentona.html,marca/ciudad,Argentona,panasonic,,og:image,aires-acondicionados/img/hero_main.jpg,sí,115,jpg,1400,787,no,sí,,,,,41,5
aires-acondicionados/marcas/panasonic-badalona.html,marca/ciudad,Badalona,panasonic,,picture,aires-acondicionados/img/logo_zervitecnics.png,sí,31,png,560,120,sí,sí,sí,Zervitecnics,sí,no,140,676
aires-acondicionados/marcas/panasonic-badalona.html,marca/ciudad,Badalona,panasonic,,picture,aires-acondicionados/img/hero_split.jpg,sí,91,jpg,1200,900,sí,sí,sí,Panasonic en Badalona,no,sí,167,621
aires-acondicionados/marcas/panasonic-badalona.html,marca/ciudad,Badalona,panasonic,,picture,aires-acondicionados/img/logo_zervitecnics.png,sí,31,png,560,120,sí,sí,sí,Zervitecnics,no,no,376,676
aires-acondicionados/marcas/panasonic-badalona.html,marca/ciudad,Badalona,panasonic,,og:image,aires-acondicionados/img/hero_main.jpg,sí,115,jpg,1400,787,no,sí,,,,,41,5
aires-acondicionados/marcas/panasonic-barbera-del-valles.html,marca/ciudad,Barberà del Vallès,panasonic,,picture,aires-acondicionados/img/logo_zervitecnics.png,sí,31,png,560,120,sí,sí,sí,Zervitecnics,sí,no,140,676
aires-acondicionados/marcas/panasonic-barbera-del-valles.html,marca/ciudad,Barberà del Vallès,panasonic,,picture,aires-acondicionados/img/hero_split.jpg,sí,91,jpg,1200,900,sí,sí,sí,Panasonic en Barberà del Vallès,no,sí,167,621
aires-acondicionados/marcas/panasonic-barbera-del-valles.html,marca/ciudad,Barberà del Vallès,panasonic,,picture,aires-acondicionados/img/logo_zervitecnics.png,sí,31,png,560,120,sí,sí,sí,Zervitecnics,no,no,345,676
aires-acondicionados/marcas/panasonic-barbera-del-valles.html,marca/ciudad,Barberà del Vallès,panasonic,,og:image,aires-acondicionados/img/hero_main.jpg,sí,115,jpg,1400,787,no,sí,,,,,41,5
aires-acondicionados/marcas/panasonic-barcelona.html,marca/ciudad,Barcelona,panasonic,,picture,aires-acondicionados/img/logo_zervitecnics.png,sí,31,png,560,120,sí,sí,sí,Zervitecnics,sí,no,140,676
aires-acondicionados/marcas/panasonic-barcelona.html,marca/ciudad,Barcelona,panasonic,,picture,aires-acondicionados/img/hero_split.jpg,sí,91,jpg,1200,900,sí,sí,sí,Panasonic en Barcelona,no,sí,167,621
aires-acondicionados/marcas/panasonic-barcelona.html,marca/ciudad,Barcelona,panasonic,,picture,aires-acondicionados/img/logo_zervitecnics.png,sí,31,png,560,120,sí,sí,sí,Zervitecnics,no,no,375,676
aires-acondicionados/marcas/panasonic-barcelona.html,marca/ciudad,Barcelona,panasonic,,og:image,aires-acondicionados/img/hero_main.jpg,sí,115,jpg,1400,787,no,sí,,,,,41,5
aires-acondicionados/marcas/panasonic-cabrils.html,marca/ciudad,Cabrils,panasonic,,picture,aires-acondicionados/img/logo_zervitecnics.png,sí,31,png,560,120,sí,sí,sí,Zervitecnics,sí,no,140,676
aires-acondicionados/marcas/panasonic-cabrils.html,marca/ciudad,Cabrils,panasonic,,picture,aires-acondicionados/img/hero_split.jpg,sí,91,jpg,1200,900,sí,sí,sí,Panasonic en Cabrils,no,sí,167,621
aires-acondicionados/marcas/panasonic-cabrils.html,marca/ciudad,Cabrils,panasonic,,picture,aires-acondicionados/img/logo_zervitecnics.png,sí,31,png,560,120,sí,sí,sí,Zervitecnics,no,no,345,676
aires-acondicionados/marcas/panasonic-cabrils.html,marca/ciudad,Cabrils,panasonic,,og:image,aires-acondicionados/img/hero_main.jpg,sí,115,jpg,1400,787,no,sí,,,,,41,5
aires-acondicionados/marcas/panasonic-caldes-de-montbui.html,marca/ciudad,Caldes de Montbui,panasonic,,picture,aires-acondicionados/img/logo_zervitecnics.png,sí,31,png,560,120,sí,sí,sí,Zervitecnics,sí,no,140,676
aires-acondicionados/marcas/panasonic-caldes-de-montbui.html,marca/ciudad,Caldes de Montbui,panasonic,,picture,aires-acondicionados/img/hero_split.jpg,sí,91,jpg,1200,900,sí,sí,sí,Panasonic en Caldes de Montbui,no,sí,167,621
aires-acondicionados/marcas/panasonic-caldes-de-montbui.html,marca/ciudad,Caldes de Montbui,panasonic,,picture,aires-acondicionados/img/logo_zervitecnics.png,sí,31,png,560,120,sí,sí,sí,Zervitecnics,no,no,345,676
aires-acondicionados/marcas/panasonic-caldes-de-montbui.html,marca/ciudad,Caldes de Montbui,panasonic,,og:image,aires-acondicionados/img/hero_main.jpg,sí,115,jpg,1400,787,no,sí,,,,,41,5
aires-acondicionados/marcas/panasonic-calella.html,marca/ciudad,Calella,panasonic,,picture,aires-acondicionados/img/logo_zervitecnics.png,sí,31,png,560,120,sí,sí,sí,Zervitecnics,sí,no,140,676
aires-acondicionados/marcas/panasonic-calella.html,marca/ciudad,Calella,panasonic,,picture,aires-acondicionados/img/hero_split.jpg,sí,91,jpg,1200,900,sí,sí,sí,Panasonic en Calella,no,sí,167,621
aires-acondicionados/marcas/panasonic-calella.html,marca/ciudad,Calella,panasonic,,picture,aires-acondicionados/img/logo_zervitecnics.png,sí,31,png,560,120,sí,sí,sí,Zervitecnics,no,no,345,676
aires-acondicionados/marcas/panasonic-calella.html,marca/ciudad,Calella,panasonic,,og:image,aires-acondicionados/img/hero_main.jpg,sí,115,jpg,1400,787,no,sí,,,,,41,5
aires-acondicionados/marcas/panasonic-canet-de-mar.html,marca/ciudad,Canet de Mar,panasonic,,picture,aires-acondicionados/img/logo_zervitecnics.png,sí,31,png,560,120,sí,sí,sí,Zervitecnics,sí,no,140,676
aires-acondicionados/marcas/panasonic-canet-de-mar.html,marca/ciudad,Canet de Mar,panasonic,,picture,aires-acondicionados/img/hero_split.jpg,sí,91,jpg,1200,900,sí,sí,sí,Panasonic en Canet de Mar,no,sí,167,621
aires-acondicionados/marcas/panasonic-canet-de-mar.html,marca/ciudad,Canet de Mar,panasonic,,picture,aires-acondicionados/img/logo_zervitecnics.png,sí,31,png,560,120,sí,sí,sí,Zervitecnics,no,no,345,676
aires-acondicionados/marcas/panasonic-canet-de-mar.html,marca/ciudad,Canet de Mar,panasonic,,og:image,aires-acondicionados/img/hero_main.jpg,sí,115,jpg,1400,787,no,sí,,,,,41,5
aires-acondicionados/marcas/panasonic-cardedeu.html,marca/ciudad,Cardedeu,panasonic,,picture,aires-acondicionados/img/logo_zervitecnics.png,sí,31,png,560,120,sí,sí,sí,Zervitecnics,sí,no,140,676
aires-acondicionados/marcas/panasonic-cardedeu.html,marca/ciudad,Cardedeu,panasonic,,picture,aires-acondicionados/img/hero_split.jpg,sí,91,jpg,1200,900,sí,sí,sí,Panasonic en Cardedeu,no,sí,167,621
aires-acondicionados/marcas/panasonic-cardedeu.html,marca/ciudad,Cardedeu,panasonic,,picture,aires-acondicionados/img/logo_zervitecnics.png,sí,31,png,560,120,sí,sí,sí,Zervitecnics,no,no,345,676
aires-acondicionados/marcas/panasonic-cardedeu.html,marca/ciudad,Cardedeu,panasonic,,og:image,aires-acondicionados/img/hero_main.jpg,sí,115,jpg,1400,787,no,sí,,,,,41,5
aires-acondicionados/marcas/panasonic-castellar-del-valles.html,marca/ciudad,Castellar del Vallès,panasonic,,picture,aires-acondicionados/img/logo_zervitecnics.png,sí,31,png,560,120,sí,sí,sí,Zervitecnics,sí,no,140,676
aires-acondicionados/marcas/panasonic-castellar-del-valles.html,marca/ciudad,Castellar del Vallès,panasonic,,picture,aires-acondicionados/img/hero_split.jpg,sí,91,jpg,1200,900,sí,sí,sí,Panasonic en Castellar del Vallès,no,sí,167,621
aires-acondicionados/marcas/panasonic-castellar-del-valles.html,marca/ciudad,Castellar del Vallès,panasonic,,picture,aires-acondicionados/img/logo_zervitecnics.png,sí,31,png,560,120,sí,sí,sí,Zervitecnics,no,no,345,676
aires-acondicionados/marcas/panasonic-castellar-del-valles.html,marca/ciudad,Castellar del Vallès,panasonic,,og:image,aires-acondicionados/img/hero_main.jpg,sí,115,jpg,1400,787,no,sí,,,,,41,5
aires-acondicionados/marcas/panasonic-castelldefels.html,marca/ciudad,Castelldefels,panasonic,,picture,aires-acondicionados/img/logo_zervitecnics.png,sí,31,png,560,120,sí,sí,sí,Zervitecnics,sí,no,140,676
aires-acondicionados/marcas/panasonic-castelldefels.html,marca/ciudad,Castelldefels,panasonic,,picture,aires-acondicionados/img/hero_split.jpg,sí,91,jpg,1200,900,sí,sí,sí,Panasonic en Castelldefels,no,sí,167,621
aires-acondicionados/marcas/panasonic-castelldefels.html,marca/ciudad,Castelldefels,panasonic,,picture,aires-acondicionados/img/logo_zervitecnics.png,sí,31,png,560,120,sí,sí,sí,Zervitecnics,no,no,376,676
aires-acondicionados/marcas/panasonic-castelldefels.html,marca/ciudad,Castelldefels,panasonic,,og:image,aires-acondicionados/img/hero_main.jpg,sí,115,jpg,1400,787,no,sí,,,,,41,5
aires-acondicionados/marcas/panasonic-cerdanyola-del-valles.html,marca/ciudad,Cerdanyola del Vallès,panasonic,,picture,aires-acondicionados/img/logo_zervitecnics.png,sí,31,png,560,120,sí,sí,sí,Zervitecnics,sí,no,140,676
aires-acondicionados/marcas/panasonic-cerdanyola-del-valles.html,marca/ciudad,Cerdanyola del Vallès,panasonic,,picture,aires-acondicionados/img/hero_split.jpg,sí,91,jpg,1200,900,sí,sí,sí,Panasonic en Cerdanyola del Vallès,no,sí,167,621
aires-acondicionados/marcas/panasonic-cerdanyola-del-valles.html,marca/ciudad,Cerdanyola del Vallès,panasonic,,picture,aires-acondicionados/img/logo_zervitecnics.png,sí,31,png,560,120,sí,sí,sí,Zervitecnics,no,no,345,676
aires-acondicionados/marcas/panasonic-cerdanyola-del-valles.html,marca/ciudad,Cerdanyola del Vallès,panasonic,,og:image,aires-acondicionados/img/hero_main.jpg,sí,115,jpg,1400,787,no,sí,,,,,41,5
aires-acondicionados/marcas/panasonic-cornella-de-llobregat.html,marca/ciudad,Cornellà de Llobregat,panasonic,,picture,aires-acondicionados/img/logo_zervitecnics.png,sí,31,png,560,120,sí,sí,sí,Zervitecnics,sí,no,140,676
aires-acondicionados/marcas/panasonic-cornella-de-llobregat.html,marca/ciudad,Cornellà de Llobregat,panasonic,,picture,aires-acondicionados/img/hero_split.jpg,sí,91,jpg,1200,900,sí,sí,sí,Panasonic en Cornellà de Llobregat,no,sí,167,621
aires-acondicionados/marcas/panasonic-cornella-de-llobregat.html,marca/ciudad,Cornellà de Llobregat,panasonic,,picture,aires-acondicionados/img/logo_zervitecnics.png,sí,31,png,560,120,sí,sí,sí,Zervitecnics,no,no,376,676
aires-acondicionados/marcas/panasonic-cornella-de-llobregat.html,marca/ciudad,Cornellà de Llobregat,panasonic,,og:image,aires-acondicionados/img/hero_main.jpg,sí,115,jpg,1400,787,no,sí,,,,,41,5
aires-acondicionados/marcas/panasonic-el-masnou.html,marca/ciudad,El Masnou,panasonic,,picture,aires-acondicionados/img/logo_zervitecnics.png,sí,31,png,560,120,sí,sí,sí,Zervitecnics,sí,no,140,676
aires-acondicionados/marcas/panasonic-el-masnou.html,marca/ciudad,El Masnou,panasonic,,picture,aires-acondicionados/img/hero_split.jpg,sí,91,jpg,1200,900,sí,sí,sí,Panasonic en El Masnou,no,sí,167,621
aires-acondicionados/marcas/panasonic-el-masnou.html,marca/ciudad,El Masnou,panasonic,,picture,aires-acondicionados/img/logo_zervitecnics.png,sí,31,png,560,120,sí,sí,sí,Zervitecnics,no,no,345,676
aires-acondicionados/marcas/panasonic-el-masnou.html,marca/ciudad,El Masnou,panasonic,,og:image,aires-acondicionados/img/hero_main.jpg,sí,115,jpg,1400,787,no,sí,,,,,41,5
aires-acondicionados/marcas/panasonic-el-prat-de-llobregat.html,marca/ciudad,El Prat de Llobregat,panasonic,,picture,aires-acondicionados/img/logo_zervitecnics.png,sí,31,png,560,120,sí,sí,sí,Zervitecnics,sí,no,140,676
aires-acondicionados/marcas/panasonic-el-prat-de-llobregat.html,marca/ciudad,El Prat de Llobregat,panasonic,,picture,aires-acondicionados/img/hero_split.jpg,sí,91,jpg,1200,900,sí,sí,sí,Panasonic en El Prat de Llobregat,no,sí,167,621
aires-acondicionados/marcas/panasonic-el-prat-de-llobregat.html,marca/ciudad,El Prat de Llobregat,panasonic,,picture,aires-acondicionados/img/logo_zervitecnics.png,sí,31,png,560,120,sí,sí,sí,Zervitecnics,no,no,375,676
aires-acondicionados/marcas/panasonic-el-prat-de-llobregat.html,marca/ciudad,El Prat de Llobregat,panasonic,,og:image,aires-acondicionados/img/hero_main.jpg,sí,115,jpg,1400,787,no,sí,,,,,41,5
aires-acondicionados/marcas/panasonic-esplugues-de-llobregat.html,marca/ciudad,Esplugues de Llobregat,panasonic,,picture,aires-acondicionados/img/logo_zervitecnics.png,sí,31,png,560,120,sí,sí,sí,Zervitecnics,sí,no,140,676
aires-acondicionados/marcas/panasonic-esplugues-de-llobregat.html,marca/ciudad,Esplugues de Llobregat,panasonic,,picture,aires-acondicionados/img/hero_split.jpg,sí,91,jpg,1200,900,sí,sí,sí,Panasonic en Esplugues de Llobregat,no,sí,167,621
aires-acondicionados/marcas/panasonic-esplugues-de-llobregat.html,marca/ciudad,Esplugues de Llobregat,panasonic,,picture,aires-acondicionados/img/logo_zervitecnics.png,sí,31,png,560,120,sí,sí,sí,Zervitecnics,no,no,375,676
aires-acondicionados/marcas/panasonic-esplugues-de-llobregat.html,marca/ciudad,Esplugues de Llobregat,panasonic,,og:image,aires-acondicionados/img/hero_main.jpg,sí,115,jpg,1400,787,no,sí,,,,,41,5
aires-acondicionados/marcas/panasonic-gava.html,marca/ciudad,Gavà,panasonic,,picture,aires-acondicionados/img/logo_zervitecnics.png,sí,31,png,560,120,sí,sí,sí,Zervitecnics,sí,no,140,676
aires-acondicionados/marcas/panasonic-gava.html,marca/ciudad,Gavà,panasonic,,picture,aires-acondicionados/img/hero_split.jpg,sí,91,jpg,1200,900,sí,sí,sí,Panasonic en Gavà,no,sí,167,621
aires-acondicionados/marcas/panasonic-gava.html,marca/ciudad,Gavà,panasonic,,picture,aires-acondicionados/img/logo_zervitecnics.png,sí,31,png,560,120,sí,sí,sí,Zervitecnics,no,no,375,676
aires-acondicionados/marcas/panasonic-gava.html,marca/ciudad,Gavà,panasonic,,og:image,aires-acondicionados/img/hero_main.jpg,sí,115,jpg,1400,787,no,sí,,,,,41,5
aires-acondicionados/marcas/panasonic-granollers.html,marca/ciudad,Granollers,panasonic,,picture,aires-acondicionados/img/logo_zervitecnics.png,sí,31,png,560,120,sí,sí,sí,Zervitecnics,sí,no,140,676
aires-acondicionados/marcas/panasonic-granollers.html,marca/ciudad,Granollers,panasonic,,picture,aires-acondicionados/img/hero_split.jpg,sí,91,jpg,1200,900,sí,sí,sí,Panasonic en Granollers,no,sí,167,621
aires-acondicionados/marcas/panasonic-granollers.html,marca/ciudad,Granollers,panasonic,,picture,aires-acondicionados/img/logo_zervitecnics.png,sí,31,png,560,120,sí,sí,sí,Zervitecnics,no,no,345,676
aires-acondicionados/marcas/panasonic-granollers.html,marca/ciudad,Granollers,panasonic,,og:image,aires-acondicionados/img/hero_main.jpg,sí,115,jpg,1400,787,no,sí,,,,,41,5
aires-acondicionados/marcas/panasonic-hospitalet-de-llobregat.html,marca/ciudad,L'Hospitalet de Llobregat,panasonic,,picture,aires-acondicionados/img/logo_zervitecnics.png,sí,31,png,560,120,sí,sí,sí,Zervitecnics,sí,no,140,676
aires-acondicionados/marcas/panasonic-hospitalet-de-llobregat.html,marca/ciudad,L'Hospitalet de Llobregat,panasonic,,picture,aires-acondicionados/img/hero_split.jpg,sí,91,jpg,1200,900,sí,sí,sí,Panasonic en L'Hospitalet de Llobregat,no,sí,167,621
aires-acondicionados/marcas/panasonic-hospitalet-de-llobregat.html,marca/ciudad,L'Hospitalet de Llobregat,panasonic,,picture,aires-acondicionados/img/logo_zervitecnics.png,sí,31,png,560,120,sí,sí,sí,Zervitecnics,no,no,376,676
aires-acondicionados/marcas/panasonic-hospitalet-de-llobregat.html,marca/ciudad,L'Hospitalet de Llobregat,panasonic,,og:image,aires-acondicionados/img/hero_main.jpg,sí,115,jpg,1400,787,no,sí,,,,,41,5
aires-acondicionados/marcas/panasonic-la-garriga.html,marca/ciudad,La Garriga,panasonic,,picture,aires-acondicionados/img/logo_zervitecnics.png,sí,31,png,560,120,sí,sí,sí,Zervitecnics,sí,no,140,676
aires-acondicionados/marcas/panasonic-la-garriga.html,marca/ciudad,La Garriga,panasonic,,picture,aires-acondicionados/img/hero_split.jpg,sí,91,jpg,1200,900,sí,sí,sí,Panasonic en La Garriga,no,sí,167,621
aires-acondicionados/marcas/panasonic-la-garriga.html,marca/ciudad,La Garriga,panasonic,,picture,aires-acondicionados/img/logo_zervitecnics.png,sí,31,png,560,120,sí,sí,sí,Zervitecnics,no,no,345,676
aires-acondicionados/marcas/panasonic-la-garriga.html,marca/ciudad,La Garriga,panasonic,,og:image,aires-acondicionados/img/hero_main.jpg,sí,115,jpg,1400,787,no,sí,,,,,41,5
aires-acondicionados/marcas/panasonic-mataro.html,marca/ciudad,Mataró,panasonic,,picture,aires-acondicionados/img/logo_zervitecnics.png,sí,31,png,560,120,sí,sí,sí,Zervitecnics,sí,no,140,676
aires-acondicionados/marcas/panasonic-mataro.html,marca/ciudad,Mataró,panasonic,,picture,aires-acondicionados/img/hero_split.jpg,sí,91,jpg,1200,900,sí,sí,sí,Panasonic en Mataró,no,sí,167,621
aires-acondicionados/marcas/panasonic-mataro.html,marca/ciudad,Mataró,panasonic,,picture,aires-acondicionados/img/logo_zervitecnics.png,sí,31,png,560,120,sí,sí,sí,Zervitecnics,no,no,345,676
aires-acondicionados/marcas/panasonic-mataro.html,marca/ciudad,Mataró,panasonic,,og:image,aires-acondicionados/img/hero_main.jpg,sí,115,jpg,1400,787,no,sí,,,,,41,5
aires-acondicionados/marcas/panasonic-mollet-del-valles.html,marca/ciudad,Mollet del Vallès,panasonic,,picture,aires-acondicionados/img/logo_zervitecnics.png,sí,31,png,560,120,sí,sí,sí,Zervitecnics,sí,no,140,676
aires-acondicionados/marcas/panasonic-mollet-del-valles.html,marca/ciudad,Mollet del Vallès,panasonic,,picture,aires-acondicionados/img/hero_split.jpg,sí,91,jpg,1200,900,sí,sí,sí,Panasonic en Mollet del Vallès,no,sí,167,621
aires-acondicionados/marcas/panasonic-mollet-del-valles.html,marca/ciudad,Mollet del Vallès,panasonic,,picture,aires-acondicionados/img/logo_zervitecnics.png,sí,31,png,560,120,sí,sí,sí,Zervitecnics,no,no,345,676
aires-acondicionados/marcas/panasonic-mollet-del-valles.html,marca/ciudad,Mollet del Vallès,panasonic,,og:image,aires-acondicionados/img/hero_main.jpg,sí,115,jpg,1400,787,no,sí,,,,,41,5
aires-acondicionados/marcas/panasonic-parets-del-valles.html,marca/ciudad,Parets del Vallès,panasonic,,picture,aires-acondicionados/img/logo_zervitecnics.png,sí,31,png,560,120,sí,sí,sí,Zervitecnics,sí,no,140,676
aires-acondicionados/marcas/panasonic-parets-del-valles.html,marca/ciudad,Parets del Vallès,panasonic,,picture,aires-acondicionados/img/hero_split.jpg,sí,91,jpg,1200,900,sí,sí,sí,Panasonic en Parets del Vallès,no,sí,167,621
aires-acondicionados/marcas/panasonic-parets-del-valles.html,marca/ciudad,Parets del Vallès,panasonic,,picture,aires-acondicionados/img/logo_zervitecnics.png,sí,31,png,560,120,sí,sí,sí,Zervitecnics,no,no,345,676
aires-acondicionados/marcas/panasonic-parets-del-valles.html,marca/ciudad,Parets del Vallès,panasonic,,og:image,aires-acondicionados/img/hero_main.jpg,sí,115,jpg,1400,787,no,sí,,,,,41,5
aires-acondicionados/marcas/panasonic-pineda-de-mar.html,marca/ciudad,Pineda de Mar,panasonic,,picture,aires-acondicionados/img/logo_zervitecnics.png,sí,31,png,560,120,sí,sí,sí,Zervitecnics,sí,no,140,676
aires-acondicionados/marcas/panasonic-pineda-de-mar.html,marca/ciudad,Pineda de Mar,panasonic,,picture,aires-acondicionados/img/hero_split.jpg,sí,91,jpg,1200,900,sí,sí,sí,Panasonic en Pineda de Mar,no,sí,167,621
aires-acondicionados/marcas/panasonic-pineda-de-mar.html,marca/ciudad,Pineda de Mar,panasonic,,picture,aires-acondicionados/img/logo_zervitecnics.png,sí,31,png,560,120,sí,sí,sí,Zervitecnics,no,no,345,676
aires-acondicionados/marcas/panasonic-pineda-de-mar.html,marca/ciudad,Pineda de Mar,panasonic,,og:image,aires-acondicionados/img/hero_main.jpg,sí,115,jpg,1400,787,no,sí,,,,,41,5
aires-acondicionados/marcas/panasonic-premia-de-mar.html,marca/ciudad,Premià de Mar,panasonic,,picture,aires-acondicionados/img/logo_zervitecnics.png,sí,31,png,560,120,sí,sí,sí,Zervitecnics,sí,no,140,676
aires-acondicionados/marcas/panasonic-premia-de-mar.html,marca/ciudad,Premià de Mar,panasonic,,picture,aires-acondicionados/img/hero_split.jpg,sí,91,jpg,1200,900,sí,sí,sí,Panasonic en Premià de Mar,no,sí,167,621
aires-acondicionados/marcas/panasonic-premia-de-mar.html,marca/ciudad,Premià de Mar,panasonic,,picture,aires-acondicionados/img/logo_zervitecnics.png,sí,31,png,560,120,sí,sí,sí,Zervitecnics,no,no,345,676
aires-acondicionados/marcas/panasonic-premia-de-mar.html,marca/ciudad,Premià de Mar,panasonic,,og:image,aires-acondicionados/img/hero_main.jpg,sí,115,jpg,1400,787,no,sí,,,,,41,5
aires-acondicionados/marcas/panasonic-rubi.html,marca/ciudad,Rubí,panasonic,,picture,aires-acondicionados/img/logo_zervitecnics.png,sí,31,png,560,120,sí,sí,sí,Zervitecnics,sí,no,140,676
aires-acondicionados/marcas/panasonic-rubi.html,marca/ciudad,Rubí,panasonic,,picture,aires-acondicionados/img/hero_split.jpg,sí,91,jpg,1200,900,sí,sí,sí,Panasonic en Rubí,no,sí,167,621
aires-acondicionados/marcas/panasonic-rubi.html,marca/ciudad,Rubí,panasonic,,picture,aires-acondicionados/img/logo_zervitecnics.png,sí,31,png,560,120,sí,sí,sí,Zervitecnics,no,no,345,676
aires-acondicionados/marcas/panasonic-rubi.html,marca/ciudad,Rubí,panasonic,,og:image,aires-acondicionados/img/hero_main.jpg,sí,115,jpg,1400,787,no,sí,,,,,41,5
aires-acondicionados/marcas/panasonic-sabadell.html,marca/ciudad,Sabadell,panasonic,,picture,aires-acondicionados/img/logo_zervitecnics.png,sí,31,png,560,120,sí,sí,sí,Zervitecnics,sí,no,140,676
aires-acondicionados/marcas/panasonic-sabadell.html,marca/ciudad,Sabadell,panasonic,,picture,aires-acondicionados/img/hero_split.jpg,sí,91,jpg,1200,900,sí,sí,sí,Panasonic en Sabadell,no,sí,167,621
aires-acondicionados/marcas/panasonic-sabadell.html,marca/ciudad,Sabadell,panasonic,,picture,aires-acondicionados/img/logo_zervitecnics.png,sí,31,png,560,120,sí,sí,sí,Zervitecnics,no,no,376,676
aires-acondicionados/marcas/panasonic-sabadell.html,marca/ciudad,Sabadell,panasonic,,og:image,aires-acondicionados/img/hero_main.jpg,sí,115,jpg,1400,787,no,sí,,,,,41,5
aires-acondicionados/marcas/panasonic-sant-adria-de-besos.html,marca/ciudad,Sant Adrià de Besòs,panasonic,,picture,aires-acondicionados/img/logo_zervitecnics.png,sí,31,png,560,120,sí,sí,sí,Zervitecnics,sí,no,140,676
aires-acondicionados/marcas/panasonic-sant-adria-de-besos.html,marca/ciudad,Sant Adrià de Besòs,panasonic,,picture,aires-acondicionados/img/hero_split.jpg,sí,91,jpg,1200,900,sí,sí,sí,Panasonic en Sant Adrià de Besòs,no,sí,167,621
aires-acondicionados/marcas/panasonic-sant-adria-de-besos.html,marca/ciudad,Sant Adrià de Besòs,panasonic,,picture,aires-acondicionados/img/logo_zervitecnics.png,sí,31,png,560,120,sí,sí,sí,Zervitecnics,no,no,375,676
aires-acondicionados/marcas/panasonic-sant-adria-de-besos.html,marca/ciudad,Sant Adrià de Besòs,panasonic,,og:image,aires-acondicionados/img/hero_main.jpg,sí,115,jpg,1400,787,no,sí,,,,,41,5
aires-acondicionados/marcas/panasonic-sant-boi-de-llobregat.html,marca/ciudad,Sant Boi de Llobregat,panasonic,,picture,aires-acondicionados/img/logo_zervitecnics.png,sí,31,png,560,120,sí,sí,sí,Zervitecnics,sí,no,140,676
aires-acondicionados/marcas/panasonic-sant-boi-de-llobregat.html,marca/ciudad,Sant Boi de Llobregat,panasonic,,picture,aires-acondicionados/img/hero_split.jpg,sí,91,jpg,1200,900,sí,sí,sí,Panasonic en Sant Boi de Llobregat,no,sí,167,621
aires-acondicionados/marcas/panasonic-sant-boi-de-llobregat.html,marca/ciudad,Sant Boi de Llobregat,panasonic,,picture,aires-acondicionados/img/logo_zervitecnics.png,sí,31,png,560,120,sí,sí,sí,Zervitecnics,no,no,375,676
aires-acondicionados/marcas/panasonic-sant-boi-de-llobregat.html,marca/ciudad,Sant Boi de Llobregat,panasonic,,og:image,aires-acondicionados/img/hero_main.jpg,sí,115,jpg,1400,787,no,sí,,,,,41,5
aires-acondicionados/marcas/panasonic-sant-celoni.html,marca/ciudad,Sant Celoni,panasonic,,picture,aires-acondicionados/img/logo_zervitecnics.png,sí,31,png,560,120,sí,sí,sí,Zervitecnics,sí,no,140,676
aires-acondicionados/marcas/panasonic-sant-celoni.html,marca/ciudad,Sant Celoni,panasonic,,picture,aires-acondicionados/img/hero_split.jpg,sí,91,jpg,1200,900,sí,sí,sí,Panasonic en Sant Celoni,no,sí,167,621
aires-acondicionados/marcas/panasonic-sant-celoni.html,marca/ciudad,Sant Celoni,panasonic,,picture,aires-acondicionados/img/logo_zervitecnics.png,sí,31,png,560,120,sí,sí,sí,Zervitecnics,no,no,345,676
aires-acondicionados/marcas/panasonic-sant-celoni.html,marca/ciudad,Sant Celoni,panasonic,,og:image,aires-acondicionados/img/hero_main.jpg,sí,115,jpg,1400,787,no,sí,,,,,41,5
aires-acondicionados/marcas/panasonic-sant-cugat-del-valles.html,marca/ciudad,Sant Cugat del Vallès,panasonic,,picture,aires-acondicionados/img/logo_zervitecnics.png,sí,31,png,560,120,sí,sí,sí,Zervitecnics,sí,no,140,676
aires-acondicionados/marcas/panasonic-sant-cugat-del-valles.html,marca/ciudad,Sant Cugat del Vallès,panasonic,,picture,aires-acondicionados/img/hero_split.jpg,sí,91,jpg,1200,900,sí,sí,sí,Panasonic en Sant Cugat del Vallès,no,sí,167,621
aires-acondicionados/marcas/panasonic-sant-cugat-del-valles.html,marca/ciudad,Sant Cugat del Vallès,panasonic,,picture,aires-acondicionados/img/logo_zervitecnics.png,sí,31,png,560,120,sí,sí,sí,Zervitecnics,no,no,376,676
aires-acondicionados/marcas/panasonic-sant-cugat-del-valles.html,marca/ciudad,Sant Cugat del Vallès,panasonic,,og:image,aires-acondicionados/img/hero_main.jpg,sí,115,jpg,1400,787,no,sí,,,,,41,5
aires-acondicionados/marcas/panasonic-sant-joan-despi.html,marca/ciudad,Sant Joan Despí,panasonic,,picture,aires-acondicionados/img/logo_zervitecnics.png,sí,31,png,560,120,sí,sí,sí,Zervitecnics,sí,no,140,676
aires-acondicionados/marcas/panasonic-sant-joan-despi.html,marca/ciudad,Sant Joan Despí,panasonic,,picture,aires-acondicionados/img/hero_split.jpg,sí,91,jpg,1200,900,sí,sí,sí,Panasonic en Sant Joan Despí,no,sí,167,621
aires-acondicionados/marcas/panasonic-sant-joan-despi.html,marca/ciudad,Sant Joan Despí,panasonic,,picture,aires-acondicionados/img/logo_zervitecnics.png,sí,31,png,560,120,sí,sí,sí,Zervitecnics,no,no,375,676
aires-acondicionados/marcas/panasonic-sant-joan-despi.html,marca/ciudad,Sant Joan Despí,panasonic,,og:image,aires-acondicionados/img/hero_main.jpg,sí,115,jpg,1400,787,no,sí,,,,,41,5
aires-acondicionados/marcas/panasonic-sant-just-desvern.html,marca/ciudad,Sant Just Desvern,panasonic,,picture,aires-acondicionados/img/logo_zervitecnics.png,sí,31,png,560,120,sí,sí,sí,Zervitecnics,sí,no,140,676
aires-acondicionados/marcas/panasonic-sant-just-desvern.html,marca/ciudad,Sant Just Desvern,panasonic,,picture,aires-acondicionados/img/hero_split.jpg,sí,91,jpg,1200,900,sí,sí,sí,Panasonic en Sant Just Desvern,no,sí,167,621
aires-acondicionados/marcas/panasonic-sant-just-desvern.html,marca/ciudad,Sant Just Desvern,panasonic,,picture,aires-acondicionados/img/logo_zervitecnics.png,sí,31,png,560,120,sí,sí,sí,Zervitecnics,no,no,375,676
aires-acondicionados/marcas/panasonic-sant-just-desvern.html,marca/ciudad,Sant Just Desvern,panasonic,,og:image,aires-acondicionados/img/hero_main.jpg,sí,115,jpg,1400,787,no,sí,,,,,41,5
aires-acondicionados/marcas/panasonic-sant-quirze-del-valles.html,marca/ciudad,Sant Quirze del Vallès,panasonic,,picture,aires-acondicionados/img/logo_zervitecnics.png,sí,31,png,560,120,sí,sí,sí,Zervitecnics,sí,no,140,676
aires-acondicionados/marcas/panasonic-sant-quirze-del-valles.html,marca/ciudad,Sant Quirze del Vallès,panasonic,,picture,aires-acondicionados/img/hero_split.jpg,sí,91,jpg,1200,900,sí,sí,sí,Panasonic en Sant Quirze del Vallès,no,sí,167,621
aires-acondicionados/marcas/panasonic-sant-quirze-del-valles.html,marca/ciudad,Sant Quirze del Vallès,panasonic,,picture,aires-acondicionados/img/logo_zervitecnics.png,sí,31,png,560,120,sí,sí,sí,Zervitecnics,no,no,345,676
aires-acondicionados/marcas/panasonic-sant-quirze-del-valles.html,marca/ciudad,Sant Quirze del Vallès,panasonic,,og:image,aires-acondicionados/img/hero_main.jpg,sí,115,jpg,1400,787,no,sí,,,,,41,5
aires-acondicionados/marcas/panasonic-santa-coloma-de-gramenet.html,marca/ciudad,Santa Coloma de Gramenet,panasonic,,picture,aires-acondicionados/img/logo_zervitecnics.png,sí,31,png,560,120,sí,sí,sí,Zervitecnics,sí,no,140,676
aires-acondicionados/marcas/panasonic-santa-coloma-de-gramenet.html,marca/ciudad,Santa Coloma de Gramenet,panasonic,,picture,aires-acondicionados/img/hero_split.jpg,sí,91,jpg,1200,900,sí,sí,sí,Panasonic en Santa Coloma de Gramenet,no,sí,167,621
aires-acondicionados/marcas/panasonic-santa-coloma-de-gramenet.html,marca/ciudad,Santa Coloma de Gramenet,panasonic,,picture,aires-acondicionados/img/logo_zervitecnics.png,sí,31,png,560,120,sí,sí,sí,Zervitecnics,no,no,375,676
aires-acondicionados/marcas/panasonic-santa-coloma-de-gramenet.html,marca/ciudad,Santa Coloma de Gramenet,panasonic,,og:image,aires-acondicionados/img/hero_main.jpg,sí,115,jpg,1400,787,no,sí,,,,,41,5
aires-acondicionados/marcas/panasonic-sitges.html,marca/ciudad,Sitges,panasonic,,picture,aires-acondicionados/img/logo_zervitecnics.png,sí,31,png,560,120,sí,sí,sí,Zervitecnics,sí,no,140,676
aires-acondicionados/marcas/panasonic-sitges.html,marca/ciudad,Sitges,panasonic,,picture,aires-acondicionados/img/hero_split.jpg,sí,91,jpg,1200,900,sí,sí,sí,Panasonic en Sitges,no,sí,167,621
aires-acondicionados/marcas/panasonic-sitges.html,marca/ciudad,Sitges,panasonic,,picture,aires-acondicionados/img/logo_zervitecnics.png,sí,31,png,560,120,sí,sí,sí,Zervitecnics,no,no,345,676
aires-acondicionados/marcas/panasonic-sitges.html,marca/ciudad,Sitges,panasonic,,og:image,aires-acondicionados/img/hero_main.jpg,sí,115,jpg,1400,787,no,sí,,,,,41,5
aires-acondicionados/marcas/panasonic-terrassa.html,marca/ciudad,Terrassa,panasonic,,picture,aires-acondicionados/img/logo_zervitecnics.png,sí,31,png,560,120,sí,sí,sí,Zervitecnics,sí,no,140,676
aires-acondicionados/marcas/panasonic-terrassa.html,marca/ciudad,Terrassa,panasonic,,picture,aires-acondicionados/img/hero_split.jpg,sí,91,jpg,1200,900,sí,sí,sí,Panasonic en Terrassa,no,sí,167,621
aires-acondicionados/marcas/panasonic-terrassa.html,marca/ciudad,Terrassa,panasonic,,picture,aires-acondicionados/img/logo_zervitecnics.png,sí,31,png,560,120,sí,sí,sí,Zervitecnics,no,no,376,676
aires-acondicionados/marcas/panasonic-terrassa.html,marca/ciudad,Terrassa,panasonic,,og:image,aires-acondicionados/img/hero_main.jpg,sí,115,jpg,1400,787,no,sí,,,,,41,5
aires-acondicionados/marcas/panasonic-viladecans.html,marca/ciudad,Viladecans,panasonic,,picture,aires-acondicionados/img/logo_zervitecnics.png,sí,31,png,560,120,sí,sí,sí,Zervitecnics,sí,no,140,676
aires-acondicionados/marcas/panasonic-viladecans.html,marca/ciudad,Viladecans,panasonic,,picture,aires-acondicionados/img/hero_split.jpg,sí,91,jpg,1200,900,sí,sí,sí,Panasonic en Viladecans,no,sí,167,621
aires-acondicionados/marcas/panasonic-viladecans.html,marca/ciudad,Viladecans,panasonic,,picture,aires-acondicionados/img/logo_zervitecnics.png,sí,31,png,560,120,sí,sí,sí,Zervitecnics,no,no,375,676
aires-acondicionados/marcas/panasonic-viladecans.html,marca/ciudad,Viladecans,panasonic,,og:image,aires-acondicionados/img/hero_main.jpg,sí,115,jpg,1400,787,no,sí,,,,,41,5
aires-acondicionados/marcas/panasonic-vilassar-de-mar.html,marca/ciudad,Vilassar de Mar,panasonic,,picture,aires-acondicionados/img/logo_zervitecnics.png,sí,31,png,560,120,sí,sí,sí,Zervitecnics,sí,no,140,676
aires-acondicionados/marcas/panasonic-vilassar-de-mar.html,marca/ciudad,Vilassar de Mar,panasonic,,picture,aires-acondicionados/img/hero_split.jpg,sí,91,jpg,1200,900,sí,sí,sí,Panasonic en Vilassar de Mar,no,sí,167,621
aires-acondicionados/marcas/panasonic-vilassar-de-mar.html,marca/ciudad,Vilassar de Mar,panasonic,,picture,aires-acondicionados/img/logo_zervitecnics.png,sí,31,png,560,120,sí,sí,sí,Zervitecnics,no,no,345,676
aires-acondicionados/marcas/panasonic-vilassar-de-mar.html,marca/ciudad,Vilassar de Mar,panasonic,,og:image,aires-acondicionados/img/hero_main.jpg,sí,115,jpg,1400,787,no,sí,,,,,41,5
aires-acondicionados/marcas/panasonic.html,marca/raiz,,panasonic,,picture,aires-acondicionados/img/logo_zervitecnics.png,sí,31,png,560,120,sí,sí,sí,Zervitecnics,sí,no,127,676
aires-acondicionados/marcas/panasonic.html,marca/raiz,,panasonic,,picture,aires-acondicionados/img/hero_main.jpg,sí,115,jpg,1400,787,sí,sí,sí,Instalación Panasonic en Barcelona,no,sí,154,5
aires-acondicionados/marcas/panasonic.html,marca/raiz,,panasonic,,picture,aires-acondicionados/img/logo_zervitecnics.png,sí,31,png,560,120,sí,sí,sí,Zervitecnics,no,no,358,676
aires-acondicionados/marcas/panasonic.html,marca/raiz,,panasonic,,og:image,aires-acondicionados/img/hero_main.jpg,sí,115,jpg,1400,787,no,sí,,,,,45,5
aires-acondicionados/marcas/samsung-2000-frigorias.html,marca/capacidad,,samsung,2000,picture,aires-acondicionados/img/logo_zervitecnics.png,sí,31,png,560,120,sí,sí,sí,Zervitecnics,sí,no,99,676
aires-acondicionados/marcas/samsung-2000-frigorias.html,marca/capacidad,,samsung,2000,picture,aires-acondicionados/img/hero_split.jpg,sí,91,jpg,1200,900,sí,sí,sí,Instalación Samsung 2000 frigorías Barcelona,no,sí,126,621
aires-acondicionados/marcas/samsung-2000-frigorias.html,marca/capacidad,,samsung,2000,picture,aires-acondicionados/img/logo_zervitecnics.png,sí,31,png,560,120,sí,sí,sí,Zervitecnics,no,no,271,676
aires-acondicionados/marcas/samsung-2000-frigorias.html,marca/capacidad,,samsung,2000,og:image,aires-acondicionados/img/hero_main.jpg,sí,115,jpg,1400,787,no,sí,,,,,41,5
aires-acondicionados/marcas/samsung-2500-frigorias.html,marca/capacidad,,samsung,2500,picture,aires-acondicionados/img/logo_zervitecnics.png,sí,31,png,560,120,sí,sí,sí,Zervitecnics,sí,no,99,676
aires-acondicionados/marcas/samsung-2500-frigorias.html,marca/capacidad,,samsung,2500,picture,aires-acondicionados/img/hero_split.jpg,sí,91,jpg,1200,900,sí,sí,sí,Instalación Samsung 2500 frigorías Barcelona,no,sí,126,621
aires-acondicionados/marcas/samsung-2500-frigorias.html,marca/capacidad,,samsung,2500,picture,aires-acondicionados/img/logo_zervitecnics.png,sí,31,png,560,120,sí,sí,sí,Zervitecnics,no,no,271,676
aires-acondicionados/marcas/samsung-2500-frigorias.html,marca/capacidad,,samsung,2500,og:image,aires-acondicionados/img/hero_main.jpg,sí,115,jpg,1400,787,no,sí,,,,,41,5
aires-acondicionados/marcas/samsung-4500-frigorias.html,marca/capacidad,,samsung,4500,picture,aires-acondicionados/img/logo_zervitecnics.png,sí,31,png,560,120,sí,sí,sí,Zervitecnics,sí,no,99,676
aires-acondicionados/marcas/samsung-4500-frigorias.html,marca/capacidad,,samsung,4500,picture,aires-acondicionados/img/hero_split.jpg,sí,91,jpg,1200,900,sí,sí,sí,Instalación Samsung 4500 frigorías Barcelona,no,sí,126,621
aires-acondicionados/marcas/samsung-4500-frigorias.html,marca/capacidad,,samsung,4500,picture,aires-acondicionados/img/logo_zervitecnics.png,sí,31,png,560,120,sí,sí,sí,Zervitecnics,no,no,271,676
aires-acondicionados/marcas/samsung-4500-frigorias.html,marca/capacidad,,samsung,4500,og:image,aires-acondicionados/img/hero_main.jpg,sí,115,jpg,1400,787,no,sí,,,,,41,5
aires-acondicionados/marcas/samsung-6000-frigorias.html,marca/capacidad,,samsung,6000,picture,aires-acondicionados/img/logo_zervitecnics.png,sí,31,png,560,120,sí,sí,sí,Zervitecnics,sí,no,99,676
aires-acondicionados/marcas/samsung-6000-frigorias.html,marca/capacidad,,samsung,6000,picture,aires-acondicionados/img/hero_split.jpg,sí,91,jpg,1200,900,sí,sí,sí,Instalación Samsung 6000 frigorías Barcelona,no,sí,126,621
aires-acondicionados/marcas/samsung-6000-frigorias.html,marca/capacidad,,samsung,6000,picture,aires-acondicionados/img/logo_zervitecnics.png,sí,31,png,560,120,sí,sí,sí,Zervitecnics,no,no,271,676
aires-acondicionados/marcas/samsung-6000-frigorias.html,marca/capacidad,,samsung,6000,og:image,aires-acondicionados/img/hero_main.jpg,sí,115,jpg,1400,787,no,sí,,,,,41,5
aires-acondicionados/marcas/samsung-arenys-de-mar.html,marca/ciudad,Arenys de Mar,samsung,,picture,aires-acondicionados/img/logo_zervitecnics.png,sí,31,png,560,120,sí,sí,sí,Zervitecnics,sí,no,140,676
aires-acondicionados/marcas/samsung-arenys-de-mar.html,marca/ciudad,Arenys de Mar,samsung,,picture,aires-acondicionados/img/hero_split.jpg,sí,91,jpg,1200,900,sí,sí,sí,Samsung en Arenys de Mar,no,sí,167,621
aires-acondicionados/marcas/samsung-arenys-de-mar.html,marca/ciudad,Arenys de Mar,samsung,,picture,aires-acondicionados/img/logo_zervitecnics.png,sí,31,png,560,120,sí,sí,sí,Zervitecnics,no,no,345,676
aires-acondicionados/marcas/samsung-arenys-de-mar.html,marca/ciudad,Arenys de Mar,samsung,,og:image,aires-acondicionados/img/hero_main.jpg,sí,115,jpg,1400,787,no,sí,,,,,41,5
aires-acondicionados/marcas/samsung-argentona.html,marca/ciudad,Argentona,samsung,,picture,aires-acondicionados/img/logo_zervitecnics.png,sí,31,png,560,120,sí,sí,sí,Zervitecnics,sí,no,140,676
aires-acondicionados/marcas/samsung-argentona.html,marca/ciudad,Argentona,samsung,,picture,aires-acondicionados/img/hero_split.jpg,sí,91,jpg,1200,900,sí,sí,sí,Samsung en Argentona,no,sí,167,621
aires-acondicionados/marcas/samsung-argentona.html,marca/ciudad,Argentona,samsung,,picture,aires-acondicionados/img/logo_zervitecnics.png,sí,31,png,560,120,sí,sí,sí,Zervitecnics,no,no,345,676
aires-acondicionados/marcas/samsung-argentona.html,marca/ciudad,Argentona,samsung,,og:image,aires-acondicionados/img/hero_main.jpg,sí,115,jpg,1400,787,no,sí,,,,,41,5
aires-acondicionados/marcas/samsung-badalona.html,marca/ciudad,Badalona,samsung,,picture,aires-acondicionados/img/logo_zervitecnics.png,sí,31,png,560,120,sí,sí,sí,Zervitecnics,sí,no,140,676
aires-acondicionados/marcas/samsung-badalona.html,marca/ciudad,Badalona,samsung,,picture,aires-acondicionados/img/hero_split.jpg,sí,91,jpg,1200,900,sí,sí,sí,Samsung en Badalona,no,sí,167,621
aires-acondicionados/marcas/samsung-badalona.html,marca/ciudad,Badalona,samsung,,picture,aires-acondicionados/img/logo_zervitecnics.png,sí,31,png,560,120,sí,sí,sí,Zervitecnics,no,no,376,676
aires-acondicionados/marcas/samsung-badalona.html,marca/ciudad,Badalona,samsung,,og:image,aires-acondicionados/img/hero_main.jpg,sí,115,jpg,1400,787,no,sí,,,,,41,5
aires-acondicionados/marcas/samsung-barbera-del-valles.html,marca/ciudad,Barberà del Vallès,samsung,,picture,aires-acondicionados/img/logo_zervitecnics.png,sí,31,png,560,120,sí,sí,sí,Zervitecnics,sí,no,140,676
aires-acondicionados/marcas/samsung-barbera-del-valles.html,marca/ciudad,Barberà del Vallès,samsung,,picture,aires-acondicionados/img/hero_split.jpg,sí,91,jpg,1200,900,sí,sí,sí,Samsung en Barberà del Vallès,no,sí,167,621
aires-acondicionados/marcas/samsung-barbera-del-valles.html,marca/ciudad,Barberà del Vallès,samsung,,picture,aires-acondicionados/img/logo_zervitecnics.png,sí,31,png,560,120,sí,sí,sí,Zervitecnics,no,no,345,676
aires-acondicionados/marcas/samsung-barbera-del-valles.html,marca/ciudad,Barberà del Vallès,samsung,,og:image,aires-acondicionados/img/hero_main.jpg,sí,115,jpg,1400,787,no,sí,,,,,41,5
aires-acondicionados/marcas/samsung-barcelona.html,marca/ciudad,Barcelona,samsung,,picture,aires-acondicionados/img/logo_zervitecnics.png,sí,31,png,560,120,sí,sí,sí,Zervitecnics,sí,no,140,676
aires-acondicionados/marcas/samsung-barcelona.html,marca/ciudad,Barcelona,samsung,,picture,aires-acondicionados/img/hero_split.jpg,sí,91,jpg,1200,900,sí,sí,sí,Samsung en Barcelona,no,sí,167,621
aires-acondicionados/marcas/samsung-barcelona.html,marca/ciudad,Barcelona,samsung,,picture,aires-acondicionados/img/logo_zervitecnics.png,sí,31,png,560,120,sí,sí,sí,Zervitecnics,no,no,375,676
aires-acondicionados/marcas/samsung-barcelona.html,marca/ciudad,Barcelona,samsung,,og:image,aires-acondicionados/img/hero_main.jpg,sí,115,jpg,1400,787,no,sí,,,,,41,5
aires-acondicionados/marcas/samsung-cabrils.html,marca/ciudad,Cabrils,samsung,,picture,aires-acondicionados/img/logo_zervitecnics.png,sí,31,png,560,120,sí,sí,sí,Zervitecnics,sí,no,140,676
aires-acondicionados/marcas/samsung-cabrils.html,marca/ciudad,Cabrils,samsung,,picture,aires-acondicionados/img/hero_split.jpg,sí,91,jpg,1200,900,sí,sí,sí,Samsung en Cabrils,no,sí,167,621
aires-acondicionados/marcas/samsung-cabrils.html,marca/ciudad,Cabrils,samsung,,picture,aires-acondicionados/img/logo_zervitecnics.png,sí,31,png,560,120,sí,sí,sí,Zervitecnics,no,no,345,676
aires-acondicionados/marcas/samsung-cabrils.html,marca/ciudad,Cabrils,samsung,,og:image,aires-acondicionados/img/hero_main.jpg,sí,115,jpg,1400,787,no,sí,,,,,41,5
aires-acondicionados/marcas/samsung-caldes-de-montbui.html,marca/ciudad,Caldes de Montbui,samsung,,picture,aires-acondicionados/img/logo_zervitecnics.png,sí,31,png,560,120,sí,sí,sí,Zervitecnics,sí,no,140,676
aires-acondicionados/marcas/samsung-caldes-de-montbui.html,marca/ciudad,Caldes de Montbui,samsung,,picture,aires-acondicionados/img/hero_split.jpg,sí,91,jpg,1200,900,sí,sí,sí,Samsung en Caldes de Montbui,no,sí,167,621
aires-acondicionados/marcas/samsung-caldes-de-montbui.html,marca/ciudad,Caldes de Montbui,samsung,,picture,aires-acondicionados/img/logo_zervitecnics.png,sí,31,png,560,120,sí,sí,sí,Zervitecnics,no,no,345,676
aires-acondicionados/marcas/samsung-caldes-de-montbui.html,marca/ciudad,Caldes de Montbui,samsung,,og:image,aires-acondicionados/img/hero_main.jpg,sí,115,jpg,1400,787,no,sí,,,,,41,5
aires-acondicionados/marcas/samsung-calella.html,marca/ciudad,Calella,samsung,,picture,aires-acondicionados/img/logo_zervitecnics.png,sí,31,png,560,120,sí,sí,sí,Zervitecnics,sí,no,140,676
aires-acondicionados/marcas/samsung-calella.html,marca/ciudad,Calella,samsung,,picture,aires-acondicionados/img/hero_split.jpg,sí,91,jpg,1200,900,sí,sí,sí,Samsung en Calella,no,sí,167,621
aires-acondicionados/marcas/samsung-calella.html,marca/ciudad,Calella,samsung,,picture,aires-acondicionados/img/logo_zervitecnics.png,sí,31,png,560,120,sí,sí,sí,Zervitecnics,no,no,345,676
aires-acondicionados/marcas/samsung-calella.html,marca/ciudad,Calella,samsung,,og:image,aires-acondicionados/img/hero_main.jpg,sí,115,jpg,1400,787,no,sí,,,,,41,5
aires-acondicionados/marcas/samsung-canet-de-mar.html,marca/ciudad,Canet de Mar,samsung,,picture,aires-acondicionados/img/logo_zervitecnics.png,sí,31,png,560,120,sí,sí,sí,Zervitecnics,sí,no,140,676
aires-acondicionados/marcas/samsung-canet-de-mar.html,marca/ciudad,Canet de Mar,samsung,,picture,aires-acondicionados/img/hero_split.jpg,sí,91,jpg,1200,900,sí,sí,sí,Samsung en Canet de Mar,no,sí,167,621
aires-acondicionados/marcas/samsung-canet-de-mar.html,marca/ciudad,Canet de Mar,samsung,,picture,aires-acondicionados/img/logo_zervitecnics.png,sí,31,png,560,120,sí,sí,sí,Zervitecnics,no,no,345,676
aires-acondicionados/marcas/samsung-canet-de-mar.html,marca/ciudad,Canet de Mar,samsung,,og:image,aires-acondicionados/img/hero_main.jpg,sí,115,jpg,1400,787,no,sí,,,,,41,5
aires-acondicionados/marcas/samsung-cardedeu.html,marca/ciudad,Cardedeu,samsung,,picture,aires-acondicionados/img/logo_zervitecnics.png,sí,31,png,560,120,sí,sí,sí,Zervitecnics,sí,no,140,676
aires-acondicionados/marcas/samsung-cardedeu.html,marca/ciudad,Cardedeu,samsung,,picture,aires-acondicionados/img/hero_split.jpg,sí,91,jpg,1200,900,sí,sí,sí,Samsung en Cardedeu,no,sí,167,621
aires-acondicionados/marcas/samsung-cardedeu.html,marca/ciudad,Cardedeu,samsung,,picture,aires-acondicionados/img/logo_zervitecnics.png,sí,31,png,560,120,sí,sí,sí,Zervitecnics,no,no,345,676
aires-acondicionados/marcas/samsung-cardedeu.html,marca/ciudad,Cardedeu,samsung,,og:image,aires-acondicionados/img/hero_main.jpg,sí,115,jpg,1400,787,no,sí,,,,,41,5
aires-acondicionados/marcas/samsung-castellar-del-valles.html,marca/ciudad,Castellar del Vallès,samsung,,picture,aires-acondicionados/img/logo_zervitecnics.png,sí,31,png,560,120,sí,sí,sí,Zervitecnics,sí,no,140,676
aires-acondicionados/marcas/samsung-castellar-del-valles.html,marca/ciudad,Castellar del Vallès,samsung,,picture,aires-acondicionados/img/hero_split.jpg,sí,91,jpg,1200,900,sí,sí,sí,Samsung en Castellar del Vallès,no,sí,167,621
aires-acondicionados/marcas/samsung-castellar-del-valles.html,marca/ciudad,Castellar del Vallès,samsung,,picture,aires-acondicionados/img/logo_zervitecnics.png,sí,31,png,560,120,sí,sí,sí,Zervitecnics,no,no,345,676
aires-acondicionados/marcas/samsung-castellar-del-valles.html,marca/ciudad,Castellar del Vallès,samsung,,og:image,aires-acondicionados/img/hero_main.jpg,sí,115,jpg,1400,787,no,sí,,,,,41,5
aires-acondicionados/marcas/samsung-castelldefels.html,marca/ciudad,Castelldefels,samsung,,picture,aires-acondicionados/img/logo_zervitecnics.png,sí,31,png,560,120,sí,sí,sí,Zervitecnics,sí,no,140,676
aires-acondicionados/marcas/samsung-castelldefels.html,marca/ciudad,Castelldefels,samsung,,picture,aires-acondicionados/img/hero_split.jpg,sí,91,jpg,1200,900,sí,sí,sí,Samsung en Castelldefels,no,sí,167,621
aires-acondicionados/marcas/samsung-castelldefels.html,marca/ciudad,Castelldefels,samsung,,picture,aires-acondicionados/img/logo_zervitecnics.png,sí,31,png,560,120,sí,sí,sí,Zervitecnics,no,no,376,676
aires-acondicionados/marcas/samsung-castelldefels.html,marca/ciudad,Castelldefels,samsung,,og:image,aires-acondicionados/img/hero_main.jpg,sí,115,jpg,1400,787,no,sí,,,,,41,5
aires-acondicionados/marcas/samsung-cerdanyola-del-valles.html,marca/ciudad,Cerdanyola del Vallès,samsung,,picture,aires-acondicionados/img/logo_zervitecnics.png,sí,31,png,560,120,sí,sí,sí,Zervitecnics,sí,no,140,676
aires-acondicionados/marcas/samsung-cerdanyola-del-valles.html,marca/ciudad,Cerdanyola del Vallès,samsung,,picture,aires-acondicionados/img/hero_split.jpg,sí,91,jpg,1200,900,sí,sí,sí,Samsung en Cerdanyola del Vallès,no,sí,167,621
aires-acondicionados/marcas/samsung-cerdanyola-del-valles.html,marca/ciudad,Cerdanyola del Vallès,samsung,,picture,aires-acondicionados/img/logo_zervitecnics.png,sí,31,png,560,120,sí,sí,sí,Zervitecnics,no,no,345,676
aires-acondicionados/marcas/samsung-cerdanyola-del-valles.html,marca/ciudad,Cerdanyola del Vallès,samsung,,og:image,aires-acondicionados/img/hero_main.jpg,sí,115,jpg,1400,787,no,sí,,,,,41,5
aires-acondicionados/marcas/samsung-cornella-de-llobregat.html,marca/ciudad,Cornellà de Llobregat,samsung,,picture,aires-acondicionados/img/logo_zervitecnics.png,sí,31,png,560,120,sí,sí,sí,Zervitecnics,sí,no,140,676
aires-acondicionados/marcas/samsung-cornella-de-llobregat.html,marca/ciudad,Cornellà de Llobregat,samsung,,picture,aires-acondicionados/img/hero_split.jpg,sí,91,jpg,1200,900,sí,sí,sí,Samsung en Cornellà de Llobregat,no,sí,167,621
aires-acondicionados/marcas/samsung-cornella-de-llobregat.html,marca/ciudad,Cornellà de Llobregat,samsung,,picture,aires-acondicionados/img/logo_zervitecnics.png,sí,31,png,560,120,sí,sí,sí,Zervitecnics,no,no,376,676
aires-acondicionados/marcas/samsung-cornella-de-llobregat.html,marca/ciudad,Cornellà de Llobregat,samsung,,og:image,aires-acondicionados/img/hero_main.jpg,sí,115,jpg,1400,787,no,sí,,,,,41,5
aires-acondicionados/marcas/samsung-el-masnou.html,marca/ciudad,El Masnou,samsung,,picture,aires-acondicionados/img/logo_zervitecnics.png,sí,31,png,560,120,sí,sí,sí,Zervitecnics,sí,no,140,676
aires-acondicionados/marcas/samsung-el-masnou.html,marca/ciudad,El Masnou,samsung,,picture,aires-acondicionados/img/hero_split.jpg,sí,91,jpg,1200,900,sí,sí,sí,Samsung en El Masnou,no,sí,167,621
aires-acondicionados/marcas/samsung-el-masnou.html,marca/ciudad,El Masnou,samsung,,picture,aires-acondicionados/img/logo_zervitecnics.png,sí,31,png,560,120,sí,sí,sí,Zervitecnics,no,no,345,676
aires-acondicionados/marcas/samsung-el-masnou.html,marca/ciudad,El Masnou,samsung,,og:image,aires-acondicionados/img/hero_main.jpg,sí,115,jpg,1400,787,no,sí,,,,,41,5
aires-acondicionados/marcas/samsung-el-prat-de-llobregat.html,marca/ciudad,El Prat de Llobregat,samsung,,picture,aires-acondicionados/img/logo_zervitecnics.png,sí,31,png,560,120,sí,sí,sí,Zervitecnics,sí,no,140,676
aires-acondicionados/marcas/samsung-el-prat-de-llobregat.html,marca/ciudad,El Prat de Llobregat,samsung,,picture,aires-acondicionados/img/hero_split.jpg,sí,91,jpg,1200,900,sí,sí,sí,Samsung en El Prat de Llobregat,no,sí,167,621
aires-acondicionados/marcas/samsung-el-prat-de-llobregat.html,marca/ciudad,El Prat de Llobregat,samsung,,picture,aires-acondicionados/img/logo_zervitecnics.png,sí,31,png,560,120,sí,sí,sí,Zervitecnics,no,no,375,676
aires-acondicionados/marcas/samsung-el-prat-de-llobregat.html,marca/ciudad,El Prat de Llobregat,samsung,,og:image,aires-acondicionados/img/hero_main.jpg,sí,115,jpg,1400,787,no,sí,,,,,41,5
aires-acondicionados/marcas/samsung-esplugues-de-llobregat.html,marca/ciudad,Esplugues de Llobregat,samsung,,picture,aires-acondicionados/img/logo_zervitecnics.png,sí,31,png,560,120,sí,sí,sí,Zervitecnics,sí,no,140,676
aires-acondicionados/marcas/samsung-esplugues-de-llobregat.html,marca/ciudad,Esplugues de Llobregat,samsung,,picture,aires-acondicionados/img/hero_split.jpg,sí,91,jpg,1200,900,sí,sí,sí,Samsung en Esplugues de Llobregat,no,sí,167,621
aires-acondicionados/marcas/samsung-esplugues-de-llobregat.html,marca/ciudad,Esplugues de Llobregat,samsung,,picture,aires-acondicionados/img/logo_zervitecnics.png,sí,31,png,560,120,sí,sí,sí,Zervitecnics,no,no,375,676
aires-acondicionados/marcas/samsung-esplugues-de-llobregat.html,marca/ciudad,Esplugues de Llobregat,samsung,,og:image,aires-acondicionados/img/hero_main.jpg,sí,115,jpg,1400,787,no,sí,,,,,41,5
aires-acondicionados/marcas/samsung-gava.html,marca/ciudad,Gavà,samsung,,picture,aires-acondicionados/img/logo_zervitecnics.png,sí,31,png,560,120,sí,sí,sí,Zervitecnics,sí,no,140,676
aires-acondicionados/marcas/samsung-gava.html,marca/ciudad,Gavà,samsung,,picture,aires-acondicionados/img/hero_split.jpg,sí,91,jpg,1200,900,sí,sí,sí,Samsung en Gavà,no,sí,167,621
aires-acondicionados/marcas/samsung-gava.html,marca/ciudad,Gavà,samsung,,picture,aires-acondicionados/img/logo_zervitecnics.png,sí,31,png,560,120,sí,sí,sí,Zervitecnics,no,no,375,676
aires-acondicionados/marcas/samsung-gava.html,marca/ciudad,Gavà,samsung,,og:image,aires-acondicionados/img/hero_main.jpg,sí,115,jpg,1400,787,no,sí,,,,,41,5
aires-acondicionados/marcas/samsung-granollers.html,marca/ciudad,Granollers,samsung,,picture,aires-acondicionados/img/logo_zervitecnics.png,sí,31,png,560,120,sí,sí,sí,Zervitecnics,sí,no,140,676
aires-acondicionados/marcas/samsung-granollers.html,marca/ciudad,Granollers,samsung,,picture,aires-acondicionados/img/hero_split.jpg,sí,91,jpg,1200,900,sí,sí,sí,Samsung en Granollers,no,sí,167,621
aires-acondicionados/marcas/samsung-granollers.html,marca/ciudad,Granollers,samsung,,picture,aires-acondicionados/img/logo_zervitecnics.png,sí,31,png,560,120,sí,sí,sí,Zervitecnics,no,no,345,676
aires-acondicionados/marcas/samsung-granollers.html,marca/ciudad,Granollers,samsung,,og:image,aires-acondicionados/img/hero_main.jpg,sí,115,jpg,1400,787,no,sí,,,,,41,5
aires-acondicionados/marcas/samsung-hospitalet-de-llobregat.html,marca/ciudad,L'Hospitalet de Llobregat,samsung,,picture,aires-acondicionados/img/logo_zervitecnics.png,sí,31,png,560,120,sí,sí,sí,Zervitecnics,sí,no,140,676
aires-acondicionados/marcas/samsung-hospitalet-de-llobregat.html,marca/ciudad,L'Hospitalet de Llobregat,samsung,,picture,aires-acondicionados/img/hero_split.jpg,sí,91,jpg,1200,900,sí,sí,sí,Samsung en L'Hospitalet de Llobregat,no,sí,167,621
aires-acondicionados/marcas/samsung-hospitalet-de-llobregat.html,marca/ciudad,L'Hospitalet de Llobregat,samsung,,picture,aires-acondicionados/img/logo_zervitecnics.png,sí,31,png,560,120,sí,sí,sí,Zervitecnics,no,no,376,676
aires-acondicionados/marcas/samsung-hospitalet-de-llobregat.html,marca/ciudad,L'Hospitalet de Llobregat,samsung,,og:image,aires-acondicionados/img/hero_main.jpg,sí,115,jpg,1400,787,no,sí,,,,,41,5
aires-acondicionados/marcas/samsung-la-garriga.html,marca/ciudad,La Garriga,samsung,,picture,aires-acondicionados/img/logo_zervitecnics.png,sí,31,png,560,120,sí,sí,sí,Zervitecnics,sí,no,140,676
aires-acondicionados/marcas/samsung-la-garriga.html,marca/ciudad,La Garriga,samsung,,picture,aires-acondicionados/img/hero_split.jpg,sí,91,jpg,1200,900,sí,sí,sí,Samsung en La Garriga,no,sí,167,621
aires-acondicionados/marcas/samsung-la-garriga.html,marca/ciudad,La Garriga,samsung,,picture,aires-acondicionados/img/logo_zervitecnics.png,sí,31,png,560,120,sí,sí,sí,Zervitecnics,no,no,345,676
aires-acondicionados/marcas/samsung-la-garriga.html,marca/ciudad,La Garriga,samsung,,og:image,aires-acondicionados/img/hero_main.jpg,sí,115,jpg,1400,787,no,sí,,,,,41,5
aires-acondicionados/marcas/samsung-mataro.html,marca/ciudad,Mataró,samsung,,picture,aires-acondicionados/img/logo_zervitecnics.png,sí,31,png,560,120,sí,sí,sí,Zervitecnics,sí,no,140,676
aires-acondicionados/marcas/samsung-mataro.html,marca/ciudad,Mataró,samsung,,picture,aires-acondicionados/img/hero_split.jpg,sí,91,jpg,1200,900,sí,sí,sí,Samsung en Mataró,no,sí,167,621
aires-acondicionados/marcas/samsung-mataro.html,marca/ciudad,Mataró,samsung,,picture,aires-acondicionados/img/logo_zervitecnics.png,sí,31,png,560,120,sí,sí,sí,Zervitecnics,no,no,345,676
aires-acondicionados/marcas/samsung-mataro.html,marca/ciudad,Mataró,samsung,,og:image,aires-acondicionados/img/hero_main.jpg,sí,115,jpg,1400,787,no,sí,,,,,41,5
aires-acondicionados/marcas/samsung-mollet-del-valles.html,marca/ciudad,Mollet del Vallès,samsung,,picture,aires-acondicionados/img/logo_zervitecnics.png,sí,31,png,560,120,sí,sí,sí,Zervitecnics,sí,no,140,676
aires-acondicionados/marcas/samsung-mollet-del-valles.html,marca/ciudad,Mollet del Vallès,samsung,,picture,aires-acondicionados/img/hero_split.jpg,sí,91,jpg,1200,900,sí,sí,sí,Samsung en Mollet del Vallès,no,sí,167,621
aires-acondicionados/marcas/samsung-mollet-del-valles.html,marca/ciudad,Mollet del Vallès,samsung,,picture,aires-acondicionados/img/logo_zervitecnics.png,sí,31,png,560,120,sí,sí,sí,Zervitecnics,no,no,345,676
aires-acondicionados/marcas/samsung-mollet-del-valles.html,marca/ciudad,Mollet del Vallès,samsung,,og:image,aires-acondicionados/img/hero_main.jpg,sí,115,jpg,1400,787,no,sí,,,,,41,5
aires-acondicionados/marcas/samsung-parets-del-valles.html,marca/ciudad,Parets del Vallès,samsung,,picture,aires-acondicionados/img/logo_zervitecnics.png,sí,31,png,560,120,sí,sí,sí,Zervitecnics,sí,no,140,676
aires-acondicionados/marcas/samsung-parets-del-valles.html,marca/ciudad,Parets del Vallès,samsung,,picture,aires-acondicionados/img/hero_split.jpg,sí,91,jpg,1200,900,sí,sí,sí,Samsung en Parets del Vallès,no,sí,167,621
aires-acondicionados/marcas/samsung-parets-del-valles.html,marca/ciudad,Parets del Vallès,samsung,,picture,aires-acondicionados/img/logo_zervitecnics.png,sí,31,png,560,120,sí,sí,sí,Zervitecnics,no,no,345,676
aires-acondicionados/marcas/samsung-parets-del-valles.html,marca/ciudad,Parets del Vallès,samsung,,og:image,aires-acondicionados/img/hero_main.jpg,sí,115,jpg,1400,787,no,sí,,,,,41,5
aires-acondicionados/marcas/samsung-pineda-de-mar.html,marca/ciudad,Pineda de Mar,samsung,,picture,aires-acondicionados/img/logo_zervitecnics.png,sí,31,png,560,120,sí,sí,sí,Zervitecnics,sí,no,140,676
aires-acondicionados/marcas/samsung-pineda-de-mar.html,marca/ciudad,Pineda de Mar,samsung,,picture,aires-acondicionados/img/hero_split.jpg,sí,91,jpg,1200,900,sí,sí,sí,Samsung en Pineda de Mar,no,sí,167,621
aires-acondicionados/marcas/samsung-pineda-de-mar.html,marca/ciudad,Pineda de Mar,samsung,,picture,aires-acondicionados/img/logo_zervitecnics.png,sí,31,png,560,120,sí,sí,sí,Zervitecnics,no,no,345,676
aires-acondicionados/marcas/samsung-pineda-de-mar.html,marca/ciudad,Pineda de Mar,samsung,,og:image,aires-acondicionados/img/hero_main.jpg,sí,115,jpg,1400,787,no,sí,,,,,41,5
aires-acondicionados/marcas/samsung-premia-de-mar.html,marca/ciudad,Premià de Mar,samsung,,picture,aires-acondicionados/img/logo_zervitecnics.png,sí,31,png,560,120,sí,sí,sí,Zervitecnics,sí,no,140,676
aires-acondicionados/marcas/samsung-premia-de-mar.html,marca/ciudad,Premià de Mar,samsung,,picture,aires-acondicionados/img/hero_split.jpg,sí,91,jpg,1200,900,sí,sí,sí,Samsung en Premià de Mar,no,sí,167,621
aires-acondicionados/marcas/samsung-premia-de-mar.html,marca/ciudad,Premià de Mar,samsung,,picture,aires-acondicionados/img/logo_zervitecnics.png,sí,31,png,560,120,sí,sí,sí,Zervitecnics,no,no,345,676
aires-acondicionados/marcas/samsung-premia-de-mar.html,marca/ciudad,Premià de Mar,samsung,,og:image,aires-acondicionados/img/hero_main.jpg,sí,115,jpg,1400,787,no,sí,,,,,41,5
aires-acondicionados/marcas/samsung-rubi.html,marca/ciudad,Rubí,samsung,,picture,aires-acondicionados/img/logo_zervitecnics.png,sí,31,png,560,120,sí,sí,sí,Zervitecnics,sí,no,140,676
aires-acondicionados/marcas/samsung-rubi.html,marca/ciudad,Rubí,samsung,,picture,aires-acondicionados/img/hero_split.jpg,sí,91,jpg,1200,900,sí,sí,sí,Samsung en Rubí,no,sí,167,621
aires-acondicionados/marcas/samsung-rubi.html,marca/ciudad,Rubí,samsung,,picture,aires-acondicionados/img/logo_zervitecnics.png,sí,31,png,560,120,sí,sí,sí,Zervitecnics,no,no,345,676
aires-acondicionados/marcas/samsung-rubi.html,marca/ciudad,Rubí,samsung,,og:image,aires-acondicionados/img/hero_main.jpg,sí,115,jpg,1400,787,no,sí,,,,,41,5
aires-acondicionados/marcas/samsung-sabadell.html,marca/ciudad,Sabadell,samsung,,picture,aires-acondicionados/img/logo_zervitecnics.png,sí,31,png,560,120,sí,sí,sí,Zervitecnics,sí,no,140,676
aires-acondicionados/marcas/samsung-sabadell.html,marca/ciudad,Sabadell,samsung,,picture,aires-acondicionados/img/hero_split.jpg,sí,91,jpg,1200,900,sí,sí,sí,Samsung en Sabadell,no,sí,167,621
aires-acondicionados/marcas/samsung-sabadell.html,marca/ciudad,Sabadell,samsung,,picture,aires-acondicionados/img/logo_zervitecnics.png,sí,31,png,560,120,sí,sí,sí,Zervitecnics,no,no,376,676
aires-acondicionados/marcas/samsung-sabadell.html,marca/ciudad,Sabadell,samsung,,og:image,aires-acondicionados/img/hero_main.jpg,sí,115,jpg,1400,787,no,sí,,,,,41,5
aires-acondicionados/marcas/samsung-sant-adria-de-besos.html,marca/ciudad,Sant Adrià de Besòs,samsung,,picture,aires-acondicionados/img/logo_zervitecnics.png,sí,31,png,560,120,sí,sí,sí,Zervitecnics,sí,no,140,676
aires-acondicionados/marcas/samsung-sant-adria-de-besos.html,marca/ciudad,Sant Adrià de Besòs,samsung,,picture,aires-acondicionados/img/hero_split.jpg,sí,91,jpg,1200,900,sí,sí,sí,Samsung en Sant Adrià de Besòs,no,sí,167,621
aires-acondicionados/marcas/samsung-sant-adria-de-besos.html,marca/ciudad,Sant Adrià de Besòs,samsung,,picture,aires-acondicionados/img/logo_zervitecnics.png,sí,31,png,560,120,sí,sí,sí,Zervitecnics,no,no,375,676
aires-acondicionados/marcas/samsung-sant-adria-de-besos.html,marca/ciudad,Sant Adrià de Besòs,samsung,,og:image,aires-acondicionados/img/hero_main.jpg,sí,115,jpg,1400,787,no,sí,,,,,41,5
aires-acondicionados/marcas/samsung-sant-boi-de-llobregat.html,marca/ciudad,Sant Boi de Llobregat,samsung,,picture,aires-acondicionados/img/logo_zervitecnics.png,sí,31,png,560,120,sí,sí,sí,Zervitecnics,sí,no,140,676
aires-acondicionados/marcas/samsung-sant-boi-de-llobregat.html,marca/ciudad,Sant Boi de Llobregat,samsung,,picture,aires-acondicionados/img/hero_split.jpg,sí,91,jpg,1200,900,sí,sí,sí,Samsung en Sant Boi de Llobregat,no,sí,167,621
aires-acondicionados/marcas/samsung-sant-boi-de-llobregat.html,marca/ciudad,Sant Boi de Llobregat,samsung,,picture,aires-acondicionados/img/logo_zervitecnics.png,sí,31,png,560,120,sí,sí,sí,Zervitecnics,no,no,375,676
aires-acondicionados/marcas/samsung-sant-boi-de-llobregat.html,marca/ciudad,Sant Boi de Llobregat,samsung,,og:image,aires-acondicionados/img/hero_main.jpg,sí,115,jpg,1400,787,no,sí,,,,,41,5
aires-acondicionados/marcas/samsung-sant-celoni.html,marca/ciudad,Sant Celoni,samsung,,picture,aires-acondicionados/img/logo_zervitecnics.png,sí,31,png,560,120,sí,sí,sí,Zervitecnics,sí,no,140,676
aires-acondicionados/marcas/samsung-sant-celoni.html,marca/ciudad,Sant Celoni,samsung,,picture,aires-acondicionados/img/hero_split.jpg,sí,91,jpg,1200,900,sí,sí,sí,Samsung en Sant Celoni,no,sí,167,621
aires-acondicionados/marcas/samsung-sant-celoni.html,marca/ciudad,Sant Celoni,samsung,,picture,aires-acondicionados/img/logo_zervitecnics.png,sí,31,png,560,120,sí,sí,sí,Zervitecnics,no,no,345,676
aires-acondicionados/marcas/samsung-sant-celoni.html,marca/ciudad,Sant Celoni,samsung,,og:image,aires-acondicionados/img/hero_main.jpg,sí,115,jpg,1400,787,no,sí,,,,,41,5
aires-acondicionados/marcas/samsung-sant-cugat-del-valles.html,marca/ciudad,Sant Cugat del Vallès,samsung,,picture,aires-acondicionados/img/logo_zervitecnics.png,sí,31,png,560,120,sí,sí,sí,Zervitecnics,sí,no,140,676
aires-acondicionados/marcas/samsung-sant-cugat-del-valles.html,marca/ciudad,Sant Cugat del Vallès,samsung,,picture,aires-acondicionados/img/hero_split.jpg,sí,91,jpg,1200,900,sí,sí,sí,Samsung en Sant Cugat del Vallès,no,sí,167,621
aires-acondicionados/marcas/samsung-sant-cugat-del-valles.html,marca/ciudad,Sant Cugat del Vallès,samsung,,picture,aires-acondicionados/img/logo_zervitecnics.png,sí,31,png,560,120,sí,sí,sí,Zervitecnics,no,no,376,676
aires-acondicionados/marcas/samsung-sant-cugat-del-valles.html,marca/ciudad,Sant Cugat del Vallès,samsung,,og:image,aires-acondicionados/img/hero_main.jpg,sí,115,jpg,1400,787,no,sí,,,,,41,5
aires-acondicionados/marcas/samsung-sant-joan-despi.html,marca/ciudad,Sant Joan Despí,samsung,,picture,aires-acondicionados/img/logo_zervitecnics.png,sí,31,png,560,120,sí,sí,sí,Zervitecnics,sí,no,140,676
aires-acondicionados/marcas/samsung-sant-joan-despi.html,marca/ciudad,Sant Joan Despí,samsung,,picture,aires-acondicionados/img/hero_split.jpg,sí,91,jpg,1200,900,sí,sí,sí,Samsung en Sant Joan Despí,no,sí,167,621
aires-acondicionados/marcas/samsung-sant-joan-despi.html,marca/ciudad,Sant Joan Despí,samsung,,picture,aires-acondicionados/img/logo_zervitecnics.png,sí,31,png,560,120,sí,sí,sí,Zervitecnics,no,no,375,676
aires-acondicionados/marcas/samsung-sant-joan-despi.html,marca/ciudad,Sant Joan Despí,samsung,,og:image,aires-acondicionados/img/hero_main.jpg,sí,115,jpg,1400,787,no,sí,,,,,41,5
aires-acondicionados/marcas/samsung-sant-just-desvern.html,marca/ciudad,Sant Just Desvern,samsung,,picture,aires-acondicionados/img/logo_zervitecnics.png,sí,31,png,560,120,sí,sí,sí,Zervitecnics,sí,no,140,676
aires-acondicionados/marcas/samsung-sant-just-desvern.html,marca/ciudad,Sant Just Desvern,samsung,,picture,aires-acondicionados/img/hero_split.jpg,sí,91,jpg,1200,900,sí,sí,sí,Samsung en Sant Just Desvern,no,sí,167,621
aires-acondicionados/marcas/samsung-sant-just-desvern.html,marca/ciudad,Sant Just Desvern,samsung,,picture,aires-acondicionados/img/logo_zervitecnics.png,sí,31,png,560,120,sí,sí,sí,Zervitecnics,no,no,375,676
aires-acondicionados/marcas/samsung-sant-just-desvern.html,marca/ciudad,Sant Just Desvern,samsung,,og:image,aires-acondicionados/img/hero_main.jpg,sí,115,jpg,1400,787,no,sí,,,,,41,5
aires-acondicionados/marcas/samsung-sant-quirze-del-valles.html,marca/ciudad,Sant Quirze del Vallès,samsung,,picture,aires-acondicionados/img/logo_zervitecnics.png,sí,31,png,560,120,sí,sí,sí,Zervitecnics,sí,no,140,676
aires-acondicionados/marcas/samsung-sant-quirze-del-valles.html,marca/ciudad,Sant Quirze del Vallès,samsung,,picture,aires-acondicionados/img/hero_split.jpg,sí,91,jpg,1200,900,sí,sí,sí,Samsung en Sant Quirze del Vallès,no,sí,167,621
aires-acondicionados/marcas/samsung-sant-quirze-del-valles.html,marca/ciudad,Sant Quirze del Vallès,samsung,,picture,aires-acondicionados/img/logo_zervitecnics.png,sí,31,png,560,120,sí,sí,sí,Zervitecnics,no,no,345,676
aires-acondicionados/marcas/samsung-sant-quirze-del-valles.html,marca/ciudad,Sant Quirze del Vallès,samsung,,og:image,aires-acondicionados/img/hero_main.jpg,sí,115,jpg,1400,787,no,sí,,,,,41,5
aires-acondicionados/marcas/samsung-santa-coloma-de-gramenet.html,marca/ciudad,Santa Coloma de Gramenet,samsung,,picture,aires-acondicionados/img/logo_zervitecnics.png,sí,31,png,560,120,sí,sí,sí,Zervitecnics,sí,no,140,676
aires-acondicionados/marcas/samsung-santa-coloma-de-gramenet.html,marca/ciudad,Santa Coloma de Gramenet,samsung,,picture,aires-acondicionados/img/hero_split.jpg,sí,91,jpg,1200,900,sí,sí,sí,Samsung en Santa Coloma de Gramenet,no,sí,167,621
aires-acondicionados/marcas/samsung-santa-coloma-de-gramenet.html,marca/ciudad,Santa Coloma de Gramenet,samsung,,picture,aires-acondicionados/img/logo_zervitecnics.png,sí,31,png,560,120,sí,sí,sí,Zervitecnics,no,no,375,676
aires-acondicionados/marcas/samsung-santa-coloma-de-gramenet.html,marca/ciudad,Santa Coloma de Gramenet,samsung,,og:image,aires-acondicionados/img/hero_main.jpg,sí,115,jpg,1400,787,no,sí,,,,,41,5
aires-acondicionados/marcas/samsung-sitges.html,marca/ciudad,Sitges,samsung,,picture,aires-acondicionados/img/logo_zervitecnics.png,sí,31,png,560,120,sí,sí,sí,Zervitecnics,sí,no,140,676
aires-acondicionados/marcas/samsung-sitges.html,marca/ciudad,Sitges,samsung,,picture,aires-acondicionados/img/hero_split.jpg,sí,91,jpg,1200,900,sí,sí,sí,Samsung en Sitges,no,sí,167,621
aires-acondicionados/marcas/samsung-sitges.html,marca/ciudad,Sitges,samsung,,picture,aires-acondicionados/img/logo_zervitecnics.png,sí,31,png,560,120,sí,sí,sí,Zervitecnics,no,no,345,676
aires-acondicionados/marcas/samsung-sitges.html,marca/ciudad,Sitges,samsung,,og:image,aires-acondicionados/img/hero_main.jpg,sí,115,jpg,1400,787,no,sí,,,,,41,5
aires-acondicionados/marcas/samsung-terrassa.html,marca/ciudad,Terrassa,samsung,,picture,aires-acondicionados/img/logo_zervitecnics.png,sí,31,png,560,120,sí,sí,sí,Zervitecnics,sí,no,140,676
aires-acondicionados/marcas/samsung-terrassa.html,marca/ciudad,Terrassa,samsung,,picture,aires-acondicionados/img/hero_split.jpg,sí,91,jpg,1200,900,sí,sí,sí,Samsung en Terrassa,no,sí,167,621
aires-acondicionados/marcas/samsung-terrassa.html,marca/ciudad,Terrassa,samsung,,picture,aires-acondicionados/img/logo_zervitecnics.png,sí,31,png,560,120,sí,sí,sí,Zervitecnics,no,no,376,676
aires-acondicionados/marcas/samsung-terrassa.html,marca/ciudad,Terrassa,samsung,,og:image,aires-acondicionados/img/hero_main.jpg,sí,115,jpg,1400,787,no,sí,,,,,41,5
aires-acondicionados/marcas/samsung-viladecans.html,marca/ciudad,Viladecans,samsung,,picture,aires-acondicionados/img/logo_zervitecnics.png,sí,31,png,560,120,sí,sí,sí,Zervitecnics,sí,no,140,676
aires-acondicionados/marcas/samsung-viladecans.html,marca/ciudad,Viladecans,samsung,,picture,aires-acondicionados/img/hero_split.jpg,sí,91,jpg,1200,900,sí,sí,sí,Samsung en Viladecans,no,sí,167,621
aires-acondicionados/marcas/samsung-viladecans.html,marca/ciudad,Viladecans,samsung,,picture,aires-acondicionados/img/logo_zervitecnics.png,sí,31,png,560,120,sí,sí,sí,Zervitecnics,no,no,375,676
aires-acondicionados/marcas/samsung-viladecans.html,marca/ciudad,Viladecans,samsung,,og:image,aires-acondicionados/img/hero_main.jpg,sí,115,jpg,1400,787,no,sí,,,,,41,5
aires-acondicionados/marcas/samsung-vilassar-de-mar.html,marca/ciudad,Vilassar de Mar,samsung,,picture,aires-acondicionados/img/logo_zervitecnics.png,sí,31,png,560,120,sí,sí,sí,Zervitecnics,sí,no,140,676
aires-acondicionados/marcas/samsung-vilassar-de-mar.html,marca/ciudad,Vilassar de Mar,samsung,,picture,aires-acondicionados/img/hero_split.jpg,sí,91,jpg,1200,900,sí,sí,sí,Samsung en Vilassar de Mar,no,sí,167,621
aires-acondicionados/marcas/samsung-vilassar-de-mar.html,marca/ciudad,Vilassar de Mar,samsung,,picture,aires-acondicionados/img/logo_zervitecnics.png,sí,31,png,560,120,sí,sí,sí,Zervitecnics,no,no,345,676
aires-acondicionados/marcas/samsung-vilassar-de-mar.html,marca/ciudad,Vilassar de Mar,samsung,,og:image,aires-acondicionados/img/hero_main.jpg,sí,115,jpg,1400,787,no,sí,,,,,41,5
aires-acondicionados/marcas/samsung.html,marca/raiz,,samsung,,picture,aires-acondicionados/img/logo_zervitecnics.png,sí,31,png,560,120,sí,sí,sí,Zervitecnics,sí,no,112,676
aires-acondicionados/marcas/samsung.html,marca/raiz,,samsung,,picture,aires-acondicionados/img/multisplit_service.jpg,sí,102,jpg,1200,675,sí,sí,sí,Instalación Samsung en Barcelona,no,sí,139,21
aires-acondicionados/marcas/samsung.html,marca/raiz,,samsung,,picture,aires-acondicionados/img/logo_zervitecnics.png,sí,31,png,560,120,sí,sí,sí,Zervitecnics,no,no,342,676
aires-acondicionados/marcas/samsung.html,marca/raiz,,samsung,,og:image,aires-acondicionados/img/hero_main.jpg,sí,115,jpg,1400,787,no,sí,,,,,45,5
aires-acondicionados/marcas/toshiba-2000-frigorias.html,marca/capacidad,,toshiba,2000,picture,aires-acondicionados/img/logo_zervitecnics.png,sí,31,png,560,120,sí,sí,sí,Zervitecnics,sí,no,99,676
aires-acondicionados/marcas/toshiba-2000-frigorias.html,marca/capacidad,,toshiba,2000,picture,aires-acondicionados/img/hero_split.jpg,sí,91,jpg,1200,900,sí,sí,sí,Instalación Toshiba 2000 frigorías Barcelona,no,sí,126,621
aires-acondicionados/marcas/toshiba-2000-frigorias.html,marca/capacidad,,toshiba,2000,picture,aires-acondicionados/img/logo_zervitecnics.png,sí,31,png,560,120,sí,sí,sí,Zervitecnics,no,no,271,676
aires-acondicionados/marcas/toshiba-2000-frigorias.html,marca/capacidad,,toshiba,2000,og:image,aires-acondicionados/img/hero_main.jpg,sí,115,jpg,1400,787,no,sí,,,,,41,5
aires-acondicionados/marcas/toshiba-2500-frigorias.html,marca/capacidad,,toshiba,2500,picture,aires-acondicionados/img/logo_zervitecnics.png,sí,31,png,560,120,sí,sí,sí,Zervitecnics,sí,no,99,676
aires-acondicionados/marcas/toshiba-2500-frigorias.html,marca/capacidad,,toshiba,2500,picture,aires-acondicionados/img/hero_split.jpg,sí,91,jpg,1200,900,sí,sí,sí,Instalación Toshiba 2500 frigorías Barcelona,no,sí,126,621
aires-acondicionados/marcas/toshiba-2500-frigorias.html,marca/capacidad,,toshiba,2500,picture,aires-acondicionados/img/logo_zervitecnics.png,sí,31,png,560,120,sí,sí,sí,Zervitecnics,no,no,271,676
aires-acondicionados/marcas/toshiba-2500-frigorias.html,marca/capacidad,,toshiba,2500,og:image,aires-acondicionados/img/hero_main.jpg,sí,115,jpg,1400,787,no,sí,,,,,41,5
aires-acondicionados/marcas/toshiba-4500-frigorias.html,marca/capacidad,,toshiba,4500,picture,aires-acondicionados/img/logo_zervitecnics.png,sí,31,png,560,120,sí,sí,sí,Zervitecnics,sí,no,99,676
aires-acondicionados/marcas/toshiba-4500-frigorias.html,marca/capacidad,,toshiba,4500,picture,aires-acondicionados/img/hero_split.jpg,sí,91,jpg,1200,900,sí,sí,sí,Instalación Toshiba 4500 frigorías Barcelona,no,sí,126,621
aires-acondicionados/marcas/toshiba-4500-frigorias.html,marca/capacidad,,toshiba,4500,picture,aires-acondicionados/img/logo_zervitecnics.png,sí,31,png,560,120,sí,sí,sí,Zervitecnics,no,no,271,676
aires-acondicionados/marcas/toshiba-4500-frigorias.html,marca/capacidad,,toshiba,4500,og:image,aires-acondicionados/img/hero_main.jpg,sí,115,jpg,1400,787,no,sí,,,,,41,5
aires-acondicionados/marcas/toshiba-6000-frigorias.html,marca/capacidad,,toshiba,6000,picture,aires-acondicionados/img/logo_zervitecnics.png,sí,31,png,560,120,sí,sí,sí,Zervitecnics,sí,no,99,676
aires-acondicionados/marcas/toshiba-6000-frigorias.html,marca/capacidad,,toshiba,6000,picture,aires-acondicionados/img/hero_split.jpg,sí,91,jpg,1200,900,sí,sí,sí,Instalación Toshiba 6000 frigorías Barcelona,no,sí,126,621
aires-acondicionados/marcas/toshiba-6000-frigorias.html,marca/capacidad,,toshiba,6000,picture,aires-acondicionados/img/logo_zervitecnics.png,sí,31,png,560,120,sí,sí,sí,Zervitecnics,no,no,271,676
aires-acondicionados/marcas/toshiba-6000-frigorias.html,marca/capacidad,,toshiba,6000,og:image,aires-acondicionados/img/hero_main.jpg,sí,115,jpg,1400,787,no,sí,,,,,41,5
aires-acondicionados/marcas/toshiba-arenys-de-mar.html,marca/ciudad,Arenys de Mar,toshiba,,picture,aires-acondicionados/img/logo_zervitecnics.png,sí,31,png,560,120,sí,sí,sí,Zervitecnics,sí,no,140,676
aires-acondicionados/marcas/toshiba-arenys-de-mar.html,marca/ciudad,Arenys de Mar,toshiba,,picture,aires-acondicionados/img/hero_split.jpg,sí,91,jpg,1200,900,sí,sí,sí,Toshiba en Arenys de Mar,no,sí,167,621
aires-acondicionados/marcas/toshiba-arenys-de-mar.html,marca/ciudad,Arenys de Mar,toshiba,,picture,aires-acondicionados/img/logo_zervitecnics.png,sí,31,png,560,120,sí,sí,sí,Zervitecnics,no,no,345,676
aires-acondicionados/marcas/toshiba-arenys-de-mar.html,marca/ciudad,Arenys de Mar,toshiba,,og:image,aires-acondicionados/img/hero_main.jpg,sí,115,jpg,1400,787,no,sí,,,,,41,5
aires-acondicionados/marcas/toshiba-argentona.html,marca/ciudad,Argentona,toshiba,,picture,aires-acondicionados/img/logo_zervitecnics.png,sí,31,png,560,120,sí,sí,sí,Zervitecnics,sí,no,140,676
aires-acondicionados/marcas/toshiba-argentona.html,marca/ciudad,Argentona,toshiba,,picture,aires-acondicionados/img/hero_split.jpg,sí,91,jpg,1200,900,sí,sí,sí,Toshiba en Argentona,no,sí,167,621
aires-acondicionados/marcas/toshiba-argentona.html,marca/ciudad,Argentona,toshiba,,picture,aires-acondicionados/img/logo_zervitecnics.png,sí,31,png,560,120,sí,sí,sí,Zervitecnics,no,no,345,676
aires-acondicionados/marcas/toshiba-argentona.html,marca/ciudad,Argentona,toshiba,,og:image,aires-acondicionados/img/hero_main.jpg,sí,115,jpg,1400,787,no,sí,,,,,41,5
aires-acondicionados/marcas/toshiba-badalona.html,marca/ciudad,Badalona,toshiba,,picture,aires-acondicionados/img/logo_zervitecnics.png,sí,31,png,560,120,sí,sí,sí,Zervitecnics,sí,no,140,676
aires-acondicionados/marcas/toshiba-badalona.html,marca/ciudad,Badalona,toshiba,,picture,aires-acondicionados/img/hero_split.jpg,sí,91,jpg,1200,900,sí,sí,sí,Toshiba en Badalona,no,sí,167,621
aires-acondicionados/marcas/toshiba-badalona.html,marca/ciudad,Badalona,toshiba,,picture,aires-acondicionados/img/logo_zervitecnics.png,sí,31,png,560,120,sí,sí,sí,Zervitecnics,no,no,376,676
aires-acondicionados/marcas/toshiba-badalona.html,marca/ciudad,Badalona,toshiba,,og:image,aires-acondicionados/img/hero_main.jpg,sí,115,jpg,1400,787,no,sí,,,,,41,5
aires-acondicionados/marcas/toshiba-barbera-del-valles.html,marca/ciudad,Barberà del Vallès,toshiba,,picture,aires-acondicionados/img/logo_zervitecnics.png,sí,31,png,560,120,sí,sí,sí,Zervitecnics,sí,no,140,676
aires-acondicionados/marcas/toshiba-barbera-del-valles.html,marca/ciudad,Barberà del Vallès,toshiba,,picture,aires-acondicionados/img/hero_split.jpg,sí,91,jpg,1200,900,sí,sí,sí,Toshiba en Barberà del Vallès,no,sí,167,621
aires-acondicionados/marcas/toshiba-barbera-del-valles.html,marca/ciudad,Barberà del Vallès,toshiba,,picture,aires-acondicionados/img/logo_zervitecnics.png,sí,31,png,560,120,sí,sí,sí,Zervitecnics,no,no,345,676
aires-acondicionados/marcas/toshiba-barbera-del-valles.html,marca/ciudad,Barberà del Vallès,toshiba,,og:image,aires-acondicionados/img/hero_main.jpg,sí,115,jpg,1400,787,no,sí,,,,,41,5
aires-acondicionados/marcas/toshiba-barcelona.html,marca/ciudad,Barcelona,toshiba,,picture,aires-acondicionados/img/logo_zervitecnics.png,sí,31,png,560,120,sí,sí,sí,Zervitecnics,sí,no,140,676
aires-acondicionados/marcas/toshiba-barcelona.html,marca/ciudad,Barcelona,toshiba,,picture,aires-acondicionados/img/hero_split.jpg,sí,91,jpg,1200,900,sí,sí,sí,Toshiba en Barcelona,no,sí,167,621
aires-acondicionados/marcas/toshiba-barcelona.html,marca/ciudad,Barcelona,toshiba,,picture,aires-acondicionados/img/logo_zervitecnics.png,sí,31,png,560,120,sí,sí,sí,Zervitecnics,no,no,375,676
aires-acondicionados/marcas/toshiba-barcelona.html,marca/ciudad,Barcelona,toshiba,,og:image,aires-acondicionados/img/hero_main.jpg,sí,115,jpg,1400,787,no,sí,,,,,41,5
aires-acondicionados/marcas/toshiba-cabrils.html,marca/ciudad,Cabrils,toshiba,,picture,aires-acondicionados/img/logo_zervitecnics.png,sí,31,png,560,120,sí,sí,sí,Zervitecnics,sí,no,140,676
aires-acondicionados/marcas/toshiba-cabrils.html,marca/ciudad,Cabrils,toshiba,,picture,aires-acondicionados/img/hero_split.jpg,sí,91,jpg,1200,900,sí,sí,sí,Toshiba en Cabrils,no,sí,167,621
aires-acondicionados/marcas/toshiba-cabrils.html,marca/ciudad,Cabrils,toshiba,,picture,aires-acondicionados/img/logo_zervitecnics.png,sí,31,png,560,120,sí,sí,sí,Zervitecnics,no,no,345,676
aires-acondicionados/marcas/toshiba-cabrils.html,marca/ciudad,Cabrils,toshiba,,og:image,aires-acondicionados/img/hero_main.jpg,sí,115,jpg,1400,787,no,sí,,,,,41,5
aires-acondicionados/marcas/toshiba-caldes-de-montbui.html,marca/ciudad,Caldes de Montbui,toshiba,,picture,aires-acondicionados/img/logo_zervitecnics.png,sí,31,png,560,120,sí,sí,sí,Zervitecnics,sí,no,140,676
aires-acondicionados/marcas/toshiba-caldes-de-montbui.html,marca/ciudad,Caldes de Montbui,toshiba,,picture,aires-acondicionados/img/hero_split.jpg,sí,91,jpg,1200,900,sí,sí,sí,Toshiba en Caldes de Montbui,no,sí,167,621
aires-acondicionados/marcas/toshiba-caldes-de-montbui.html,marca/ciudad,Caldes de Montbui,toshiba,,picture,aires-acondicionados/img/logo_zervitecnics.png,sí,31,png,560,120,sí,sí,sí,Zervitecnics,no,no,345,676
aires-acondicionados/marcas/toshiba-caldes-de-montbui.html,marca/ciudad,Caldes de Montbui,toshiba,,og:image,aires-acondicionados/img/hero_main.jpg,sí,115,jpg,1400,787,no,sí,,,,,41,5
aires-acondicionados/marcas/toshiba-calella.html,marca/ciudad,Calella,toshiba,,picture,aires-acondicionados/img/logo_zervitecnics.png,sí,31,png,560,120,sí,sí,sí,Zervitecnics,sí,no,140,676
aires-acondicionados/marcas/toshiba-calella.html,marca/ciudad,Calella,toshiba,,picture,aires-acondicionados/img/hero_split.jpg,sí,91,jpg,1200,900,sí,sí,sí,Toshiba en Calella,no,sí,167,621
aires-acondicionados/marcas/toshiba-calella.html,marca/ciudad,Calella,toshiba,,picture,aires-acondicionados/img/logo_zervitecnics.png,sí,31,png,560,120,sí,sí,sí,Zervitecnics,no,no,345,676
aires-acondicionados/marcas/toshiba-calella.html,marca/ciudad,Calella,toshiba,,og:image,aires-acondicionados/img/hero_main.jpg,sí,115,jpg,1400,787,no,sí,,,,,41,5
aires-acondicionados/marcas/toshiba-canet-de-mar.html,marca/ciudad,Canet de Mar,toshiba,,picture,aires-acondicionados/img/logo_zervitecnics.png,sí,31,png,560,120,sí,sí,sí,Zervitecnics,sí,no,140,676
aires-acondicionados/marcas/toshiba-canet-de-mar.html,marca/ciudad,Canet de Mar,toshiba,,picture,aires-acondicionados/img/hero_split.jpg,sí,91,jpg,1200,900,sí,sí,sí,Toshiba en Canet de Mar,no,sí,167,621
aires-acondicionados/marcas/toshiba-canet-de-mar.html,marca/ciudad,Canet de Mar,toshiba,,picture,aires-acondicionados/img/logo_zervitecnics.png,sí,31,png,560,120,sí,sí,sí,Zervitecnics,no,no,345,676
aires-acondicionados/marcas/toshiba-canet-de-mar.html,marca/ciudad,Canet de Mar,toshiba,,og:image,aires-acondicionados/img/hero_main.jpg,sí,115,jpg,1400,787,no,sí,,,,,41,5
aires-acondicionados/marcas/toshiba-cardedeu.html,marca/ciudad,Cardedeu,toshiba,,picture,aires-acondicionados/img/logo_zervitecnics.png,sí,31,png,560,120,sí,sí,sí,Zervitecnics,sí,no,140,676
aires-acondicionados/marcas/toshiba-cardedeu.html,marca/ciudad,Cardedeu,toshiba,,picture,aires-acondicionados/img/hero_split.jpg,sí,91,jpg,1200,900,sí,sí,sí,Toshiba en Cardedeu,no,sí,167,621
aires-acondicionados/marcas/toshiba-cardedeu.html,marca/ciudad,Cardedeu,toshiba,,picture,aires-acondicionados/img/logo_zervitecnics.png,sí,31,png,560,120,sí,sí,sí,Zervitecnics,no,no,345,676
aires-acondicionados/marcas/toshiba-cardedeu.html,marca/ciudad,Cardedeu,toshiba,,og:image,aires-acondicionados/img/hero_main.jpg,sí,115,jpg,1400,787,no,sí,,,,,41,5
aires-acondicionados/marcas/toshiba-castellar-del-valles.html,marca/ciudad,Castellar del Vallès,toshiba,,picture,aires-acondicionados/img/logo_zervitecnics.png,sí,31,png,560,120,sí,sí,sí,Zervitecnics,sí,no,140,676
aires-acondicionados/marcas/toshiba-castellar-del-valles.html,marca/ciudad,Castellar del Vallès,toshiba,,picture,aires-acondicionados/img/hero_split.jpg,sí,91,jpg,1200,900,sí,sí,sí,Toshiba en Castellar del Vallès,no,sí,167,621
aires-acondicionados/marcas/toshiba-castellar-del-valles.html,marca/ciudad,Castellar del Vallès,toshiba,,picture,aires-acondicionados/img/logo_zervitecnics.png,sí,31,png,560,120,sí,sí,sí,Zervitecnics,no,no,345,676
aires-acondicionados/marcas/toshiba-castellar-del-valles.html,marca/ciudad,Castellar del Vallès,toshiba,,og:image,aires-acondicionados/img/hero_main.jpg,sí,115,jpg,1400,787,no,sí,,,,,41,5
aires-acondicionados/marcas/toshiba-castelldefels.html,marca/ciudad,Castelldefels,toshiba,,picture,aires-acondicionados/img/logo_zervitecnics.png,sí,31,png,560,120,sí,sí,sí,Zervitecnics,sí,no,140,676
aires-acondicionados/marcas/toshiba-castelldefels.html,marca/ciudad,Castelldefels,toshiba,,picture,aires-acondicionados/img/hero_split.jpg,sí,91,jpg,1200,900,sí,sí,sí,Toshiba en Castelldefels,no,sí,167,621
aires-acondicionados/marcas/toshiba-castelldefels.html,marca/ciudad,Castelldefels,toshiba,,picture,aires-acondicionados/img/logo_zervitecnics.png,sí,31,png,560,120,sí,sí,sí,Zervitecnics,no,no,376,676
aires-acondicionados/marcas/toshiba-castelldefels.html,marca/ciudad,Castelldefels,toshiba,,og:image,aires-acondicionados/img/hero_main.jpg,sí,115,jpg,1400,787,no,sí,,,,,41,5
aires-acondicionados/marcas/toshiba-cerdanyola-del-valles.html,marca/ciudad,Cerdanyola del Vallès,toshiba,,picture,aires-acondicionados/img/logo_zervitecnics.png,sí,31,png,560,120,sí,sí,sí,Zervitecnics,sí,no,140,676
aires-acondicionados/marcas/toshiba-cerdanyola-del-valles.html,marca/ciudad,Cerdanyola del Vallès,toshiba,,picture,aires-acondicionados/img/hero_split.jpg,sí,91,jpg,1200,900,sí,sí,sí,Toshiba en Cerdanyola del Vallès,no,sí,167,621
aires-acondicionados/marcas/toshiba-cerdanyola-del-valles.html,marca/ciudad,Cerdanyola del Vallès,toshiba,,picture,aires-acondicionados/img/logo_zervitecnics.png,sí,31,png,560,120,sí,sí,sí,Zervitecnics,no,no,345,676
aires-acondicionados/marcas/toshiba-cerdanyola-del-valles.html,marca/ciudad,Cerdanyola del Vallès,toshiba,,og:image,aires-acondicionados/img/hero_main.jpg,sí,115,jpg,1400,787,no,sí,,,,,41,5
aires-acondicionados/marcas/toshiba-cornella-de-llobregat.html,marca/ciudad,Cornellà de Llobregat,toshiba,,picture,aires-acondicionados/img/logo_zervitecnics.png,sí,31,png,560,120,sí,sí,sí,Zervitecnics,sí,no,140,676
aires-acondicionados/marcas/toshiba-cornella-de-llobregat.html,marca/ciudad,Cornellà de Llobregat,toshiba,,picture,aires-acondicionados/img/hero_split.jpg,sí,91,jpg,1200,900,sí,sí,sí,Toshiba en Cornellà de Llobregat,no,sí,167,621
aires-acondicionados/marcas/toshiba-cornella-de-llobregat.html,marca/ciudad,Cornellà de Llobregat,toshiba,,picture,aires-acondicionados/img/logo_zervitecnics.png,sí,31,png,560,120,sí,sí,sí,Zervitecnics,no,no,376,676
aires-acondicionados/marcas/toshiba-cornella-de-llobregat.html,marca/ciudad,Cornellà de Llobregat,toshiba,,og:image,aires-acondicionados/img/hero_main.jpg,sí,115,jpg,1400,787,no,sí,,,,,41,5
aires-acondicionados/marcas/toshiba-el-masnou.html,marca/ciudad,El Masnou,toshiba,,picture,aires-acondicionados/img/logo_zervitecnics.png,sí,31,png,560,120,sí,sí,sí,Zervitecnics,sí,no,140,676
aires-acondicionados/marcas/toshiba-el-masnou.html,marca/ciudad,El Masnou,toshiba,,picture,aires-acondicionados/img/hero_split.jpg,sí,91,jpg,1200,900,sí,sí,sí,Toshiba en El Masnou,no,sí,167,621
aires-acondicionados/marcas/toshiba-el-masnou.html,marca/ciudad,El Masnou,toshiba,,picture,aires-acondicionados/img/logo_zervitecnics.png,sí,31,png,560,120,sí,sí,sí,Zervitecnics,no,no,345,676
aires-acondicionados/marcas/toshiba-el-masnou.html,marca/ciudad,El Masnou,toshiba,,og:image,aires-acondicionados/img/hero_main.jpg,sí,115,jpg,1400,787,no,sí,,,,,41,5
aires-acondicionados/marcas/toshiba-el-prat-de-llobregat.html,marca/ciudad,El Prat de Llobregat,toshiba,,picture,aires-acondicionados/img/logo_zervitecnics.png,sí,31,png,560,120,sí,sí,sí,Zervitecnics,sí,no,140,676
aires-acondicionados/marcas/toshiba-el-prat-de-llobregat.html,marca/ciudad,El Prat de Llobregat,toshiba,,picture,aires-acondicionados/img/hero_split.jpg,sí,91,jpg,1200,900,sí,sí,sí,Toshiba en El Prat de Llobregat,no,sí,167,621
aires-acondicionados/marcas/toshiba-el-prat-de-llobregat.html,marca/ciudad,El Prat de Llobregat,toshiba,,picture,aires-acondicionados/img/logo_zervitecnics.png,sí,31,png,560,120,sí,sí,sí,Zervitecnics,no,no,375,676
aires-acondicionados/marcas/toshiba-el-prat-de-llobregat.html,marca/ciudad,El Prat de Llobregat,toshiba,,og:image,aires-acondicionados/img/hero_main.jpg,sí,115,jpg,1400,787,no,sí,,,,,41,5
aires-acondicionados/marcas/toshiba-esplugues-de-llobregat.html,marca/ciudad,Esplugues de Llobregat,toshiba,,picture,aires-acondicionados/img/logo_zervitecnics.png,sí,31,png,560,120,sí,sí,sí,Zervitecnics,sí,no,140,676
aires-acondicionados/marcas/toshiba-esplugues-de-llobregat.html,marca/ciudad,Esplugues de Llobregat,toshiba,,picture,aires-acondicionados/img/hero_split.jpg,sí,91,jpg,1200,900,sí,sí,sí,Toshiba en Esplugues de Llobregat,no,sí,167,621
aires-acondicionados/marcas/toshiba-esplugues-de-llobregat.html,marca/ciudad,Esplugues de Llobregat,toshiba,,picture,aires-acondicionados/img/logo_zervitecnics.png,sí,31,png,560,120,sí,sí,sí,Zervitecnics,no,no,375,676
aires-acondicionados/marcas/toshiba-esplugues-de-llobregat.html,marca/ciudad,Esplugues de Llobregat,toshiba,,og:image,aires-acondicionados/img/hero_main.jpg,sí,115,jpg,1400,787,no,sí,,,,,41,5
aires-acondicionados/marcas/toshiba-gava.html,marca/ciudad,Gavà,toshiba,,picture,aires-acondicionados/img/logo_zervitecnics.png,sí,31,png,560,120,sí,sí,sí,Zervitecnics,sí,no,140,676
aires-acondicionados/marcas/toshiba-gava.html,marca/ciudad,Gavà,toshiba,,picture,aires-acondicionados/img/hero_split.jpg,sí,91,jpg,1200,900,sí,sí,sí,Toshiba en Gavà,no,sí,167,621
aires-acondicionados/marcas/toshiba-gava.html,marca/ciudad,Gavà,toshiba,,picture,aires-acondicionados/img/logo_zervitecnics.png,sí,31,png,560,120,sí,sí,sí,Zervitecnics,no,no,375,676
aires-acondicionados/marcas/toshiba-gava.html,marca/ciudad,Gavà,toshiba,,og:image,aires-acondicionados/img/hero_main.jpg,sí,115,jpg,1400,787,no,sí,,,,,41,5
aires-acondicionados/marcas/toshiba-granollers.html,marca/ciudad,Granollers,toshiba,,picture,aires-acondicionados/img/logo_zervitecnics.png,sí,31,png,560,120,sí,sí,sí,Zervitecnics,sí,no,140,676
aires-acondicionados/marcas/toshiba-granollers.html,marca/ciudad,Granollers,toshiba,,picture,aires-acondicionados/img/hero_split.jpg,sí,91,jpg,1200,900,sí,sí,sí,Toshiba en Granollers,no,sí,167,621
aires-acondicionados/marcas/toshiba-granollers.html,marca/ciudad,Granollers,toshiba,,picture,aires-acondicionados/img/logo_zervitecnics.png,sí,31,png,560,120,sí,sí,sí,Zervitecnics,no,no,345,676
aires-acondicionados/marcas/toshiba-granollers.html,marca/ciudad,Granollers,toshiba,,og:image,aires-acondicionados/img/hero_main.jpg,sí,115,jpg,1400,787,no,sí,,,,,41,5
aires-acondicionados/marcas/toshiba-hospitalet-de-llobregat.html,marca/ciudad,L'Hospitalet de Llobregat,toshiba,,picture,aires-acondicionados/img/logo_zervitecnics.png,sí,31,png,560,120,sí,sí,sí,Zervitecnics,sí,no,140,676
aires-acondicionados/marcas/toshiba-hospitalet-de-llobregat.html,marca/ciudad,L'Hospitalet de Llobregat,toshiba,,picture,aires-acondicionados/img/hero_split.jpg,sí,91,jpg,1200,900,sí,sí,sí,Toshiba en L'Hospitalet de Llobregat,no,sí,167,621
aires-acondicionados/marcas/toshiba-hospitalet-de-llobregat.html,marca/ciudad,L'Hospitalet de Llobregat,toshiba,,picture,aires-acondicionados/img/logo_zervitecnics.png,sí,31,png,560,120,sí,sí,sí,Zervitecnics,no,no,376,676
aires-acondicionados/marcas/toshiba-hospitalet-de-llobregat.html,marca/ciudad,L'Hospitalet de Llobregat,toshiba,,og:image,aires-acondicionados/img/hero_main.jpg,sí,115,jpg,1400,787,no,sí,,,,,41,5
aires-acondicionados/marcas/toshiba-la-garriga.html,marca/ciudad,La Garriga,toshiba,,picture,aires-acondicionados/img/logo_zervitecnics.png,sí,31,png,560,120,sí,sí,sí,Zervitecnics,sí,no,140,676
aires-acondicionados/marcas/toshiba-la-garriga.html,marca/ciudad,La Garriga,toshiba,,picture,aires-acondicionados/img/hero_split.jpg,sí,91,jpg,1200,900,sí,sí,sí,Toshiba en La Garriga,no,sí,167,621
aires-acondicionados/marcas/toshiba-la-garriga.html,marca/ciudad,La Garriga,toshiba,,picture,aires-acondicionados/img/logo_zervitecnics.png,sí,31,png,560,120,sí,sí,sí,Zervitecnics,no,no,345,676
aires-acondicionados/marcas/toshiba-la-garriga.html,marca/ciudad,La Garriga,toshiba,,og:image,aires-acondicionados/img/hero_main.jpg,sí,115,jpg,1400,787,no,sí,,,,,41,5
aires-acondicionados/marcas/toshiba-mataro.html,marca/ciudad,Mataró,toshiba,,picture,aires-acondicionados/img/logo_zervitecnics.png,sí,31,png,560,120,sí,sí,sí,Zervitecnics,sí,no,140,676
aires-acondicionados/marcas/toshiba-mataro.html,marca/ciudad,Mataró,toshiba,,picture,aires-acondicionados/img/hero_split.jpg,sí,91,jpg,1200,900,sí,sí,sí,Toshiba en Mataró,no,sí,167,621
aires-acondicionados/marcas/toshiba-mataro.html,marca/ciudad,Mataró,toshiba,,picture,aires-acondicionados/img/logo_zervitecnics.png,sí,31,png,560,120,sí,sí,sí,Zervitecnics,no,no,345,676
aires-acondicionados/marcas/toshiba-mataro.html,marca/ciudad,Mataró,toshiba,,og:image,aires-acondicionados/img/hero_main.jpg,sí,115,jpg,1400,787,no,sí,,,,,41,5
aires-acondicionados/marcas/toshiba-mollet-del-valles.html,marca/ciudad,Mollet del Vallès,toshiba,,picture,aires-acondicionados/img/logo_zervitecnics.png,sí,31,png,560,120,sí,sí,sí,Zervitecnics,sí,no,140,676
aires-acondicionados/marcas/toshiba-mollet-del-valles.html,marca/ciudad,Mollet del Vallès,toshiba,,picture,aires-acondicionados/img/hero_split.jpg,sí,91,jpg,1200,900,sí,sí,sí,Toshiba en Mollet del Vallès,no,sí,167,621
aires-acondicionados/marcas/toshiba-mollet-del-valles.html,marca/ciudad,Mollet del Vallès,toshiba,,picture,aires-acondicionados/img/logo_zervitecnics.png,sí,31,png,560,120,sí,sí,sí,Zervitecnics,no,no,345,676
aires-acondicionados/marcas/toshiba-mollet-del-valles.html,marca/ciudad,Mollet del Vallès,toshiba,,og:image,aires-acondicionados/img/hero_main.jpg,sí,115,jpg,1400,787,no,sí,,,,,41,5
aires-acondicionados/marcas/toshiba-parets-del-valles.html,marca/ciudad,Parets del Vallès,toshiba,,picture,aires-acondicionados/img/logo_zervitecnics.png,sí,31,png,560,120,sí,sí,sí,Zervitecnics,sí,no,140,676
aires-acondicionados/marcas/toshiba-parets-del-valles.html,marca/ciudad,Parets del Vallès,toshiba,,picture,aires-acondicionados/img/hero_split.jpg,sí,91,jpg,1200,900,sí,sí,sí,Toshiba en Parets del Vallès,no,sí,167,621
aires-acondicionados/marcas/toshiba-parets-del-valles.html,marca/ciudad,Parets del Vallès,toshiba,,picture,aires-acondicionados/img/logo_zervitecnics.png,sí,31,png,560,120,sí,sí,sí,Zervitecnics,no,no,345,676
aires-acondicionados/marcas/toshiba-parets-del-valles.html,marca/ciudad,Parets del Vallès,toshiba,,og:image,aires-acondicionados/img/hero_main.jpg,sí,115,jpg,1400,787,no,sí,,,,,41,5
aires-acondicionados/marcas/toshiba-pineda-de-mar.html,marca/ciudad,Pineda de Mar,toshiba,,picture,aires-acondicionados/img/logo_zervitecnics.png,sí,31,png,560,120,sí,sí,sí,Zervitecnics,sí,no,140,676
aires-acondicionados/marcas/toshiba-pineda-de-mar.html,marca/ciudad,Pineda de Mar,toshiba,,picture,aires-acondicionados/img/hero_split.jpg,sí,91,jpg,1200,900,sí,sí,sí,Toshiba en Pineda de Mar,no,sí,167,621
aires-acondicionados/marcas/toshiba-pineda-de-mar.html,marca/ciudad,Pineda de Mar,toshiba,,picture,aires-acondicionados/img/logo_zervitecnics.png,sí,31,png,560,120,sí,sí,sí,Zervitecnics,no,no,345,676
aires-acondicionados/marcas/toshiba-pineda-de-mar.html,marca/ciudad,Pineda de Mar,toshiba,,og:image,aires-acondicionados/img/hero_main.jpg,sí,115,jpg,1400,787,no,sí,,,,,41,5
aires-acondicionados/marcas/toshiba-premia-de-mar.html,marca/ciudad,Premià de Mar,toshiba,,picture,aires-acondicionados/img/logo_zervitecnics.png,sí,31,png,560,120,sí,sí,sí,Zervitecnics,sí,no,140,676
aires-acondicionados/marcas/toshiba-premia-de-mar.html,marca/ciudad,Premià de Mar,toshiba,,picture,aires-acondicionados/img/hero_split.jpg,sí,91,jpg,1200,900,sí,sí,sí,Toshiba en Premià de Mar,no,sí,167,621
aires-acondicionados/marcas/toshiba-premia-de-mar.html,marca/ciudad,Premià de Mar,toshiba,,picture,aires-acondicionados/img/logo_zervitecnics.png,sí,31,png,560,120,sí,sí,sí,Zervitecnics,no,no,345,676
aires-acondicionados/marcas/toshiba-premia-de-mar.html,marca/ciudad,Premià de Mar,toshiba,,og:image,aires-acondicionados/img/hero_main.jpg,sí,115,jpg,1400,787,no,sí,,,,,41,5
aires-acondicionados/marcas/toshiba-rubi.html,marca/ciudad,Rubí,toshiba,,picture,aires-acondicionados/img/logo_zervitecnics.png,sí,31,png,560,120,sí,sí,sí,Zervitecnics,sí,no,140,676
aires-acondicionados/marcas/toshiba-rubi.html,marca/ciudad,Rubí,toshiba,,picture,aires-acondicionados/img/hero_split.jpg,sí,91,jpg,1200,900,sí,sí,sí,Toshiba en Rubí,no,sí,167,621
aires-acondicionados/marcas/toshiba-rubi.html,marca/ciudad,Rubí,toshiba,,picture,aires-acondicionados/img/logo_zervitecnics.png,sí,31,png,560,120,sí,sí,sí,Zervitecnics,no,no,345,676
aires-acondicionados/marcas/toshiba-rubi.html,marca/ciudad,Rubí,toshiba,,og:image,aires-acondicionados/img/hero_main.jpg,sí,115,jpg,1400,787,no,sí,,,,,41,5
aires-acondicionados/marcas/toshiba-sabadell.html,marca/ciudad,Sabadell,toshiba,,picture,aires-acondicionados/img/logo_zervitecnics.png,sí,31,png,560,120,sí,sí,sí,Zervitecnics,sí,no,140,676
aires-acondicionados/marcas/toshiba-sabadell.html,marca/ciudad,Sabadell,toshiba,,picture,aires-acondicionados/img/hero_split.jpg,sí,91,jpg,1200,900,sí,sí,sí,Toshiba en Sabadell,no,sí,167,621
aires-acondicionados/marcas/toshiba-sabadell.html,marca/ciudad,Sabadell,toshiba,,picture,aires-acondicionados/img/logo_zervitecnics.png,sí,31,png,560,120,sí,sí,sí,Zervitecnics,no,no,376,676
aires-acondicionados/marcas/toshiba-sabadell.html,marca/ciudad,Sabadell,toshiba,,og:image,aires-acondicionados/img/hero_main.jpg,sí,115,jpg,1400,787,no,sí,,,,,41,5
aires-acondicionados/marcas/toshiba-sant-adria-de-besos.html,marca/ciudad,Sant Adrià de Besòs,toshiba,,picture,aires-acondicionados/img/logo_zervitecnics.png,sí,31,png,560,120,sí,sí,sí,Zervitecnics,sí,no,140,676
aires-acondicionados/marcas/toshiba-sant-adria-de-besos.html,marca/ciudad,Sant Adrià de Besòs,toshiba,,picture,aires-acondicionados/img/hero_split.jpg,sí,91,jpg,1200,900,sí,sí,sí,Toshiba en Sant Adrià de Besòs,no,sí,167,621
aires-acondicionados/marcas/toshiba-sant-adria-de-besos.html,marca/ciudad,Sant Adrià de Besòs,toshiba,,picture,aires-acondicionados/img/logo_zervitecnics.png,sí,31,png,560,120,sí,sí,sí,Zervitecnics,no,no,375,676
aires-acondicionados/marcas/toshiba-sant-adria-de-besos.html,marca/ciudad,Sant Adrià de Besòs,toshiba,,og:image,aires-acondicionados/img/hero_main.jpg,sí,115,jpg,1400,787,no,sí,,,,,41,5
aires-acondicionados/marcas/toshiba-sant-boi-de-llobregat.html,marca/ciudad,Sant Boi de Llobregat,toshiba,,picture,aires-acondicionados/img/logo_zervitecnics.png,sí,31,png,560,120,sí,sí,sí,Zervitecnics,sí,no,140,676
aires-acondicionados/marcas/toshiba-sant-boi-de-llobregat.html,marca/ciudad,Sant Boi de Llobregat,toshiba,,picture,aires-acondicionados/img/hero_split.jpg,sí,91,jpg,1200,900,sí,sí,sí,Toshiba en Sant Boi de Llobregat,no,sí,167,621
aires-acondicionados/marcas/toshiba-sant-boi-de-llobregat.html,marca/ciudad,Sant Boi de Llobregat,toshiba,,picture,aires-acondicionados/img/logo_zervitecnics.png,sí,31,png,560,120,sí,sí,sí,Zervitecnics,no,no,375,676
aires-acondicionados/marcas/toshiba-sant-boi-de-llobregat.html,marca/ciudad,Sant Boi de Llobregat,toshiba,,og:image,aires-acondicionados/img/hero_main.jpg,sí,115,jpg,1400,787,no,sí,,,,,41,5
aires-acondicionados/marcas/toshiba-sant-celoni.html,marca/ciudad,Sant Celoni,toshiba,,picture,aires-acondicionados/img/logo_zervitecnics.png,sí,31,png,560,120,sí,sí,sí,Zervitecnics,sí,no,140,676
aires-acondicionados/marcas/toshiba-sant-celoni.html,marca/ciudad,Sant Celoni,toshiba,,picture,aires-acondicionados/img/hero_split.jpg,sí,91,jpg,1200,900,sí,sí,sí,Toshiba en Sant Celoni,no,sí,167,621
aires-acondicionados/marcas/toshiba-sant-celoni.html,marca/ciudad,Sant Celoni,toshiba,,picture,aires-acondicionados/img/logo_zervitecnics.png,sí,31,png,560,120,sí,sí,sí,Zervitecnics,no,no,345,676
aires-acondicionados/marcas/toshiba-sant-celoni.html,marca/ciudad,Sant Celoni,toshiba,,og:image,aires-acondicionados/img/hero_main.jpg,sí,115,jpg,1400,787,no,sí,,,,,41,5
aires-acondicionados/marcas/toshiba-sant-cugat-del-valles.html,marca/ciudad,Sant Cugat del Vallès,toshiba,,picture,aires-acondicionados/img/logo_zervitecnics.png,sí,31,png,560,120,sí,sí,sí,Zervitecnics,sí,no,140,676
aires-acondicionados/marcas/toshiba-sant-cugat-del-valles.html,marca/ciudad,Sant Cugat del Vallès,toshiba,,picture,aires-acondicionados/img/hero_split.jpg,sí,91,jpg,1200,900,sí,sí,sí,Toshiba en Sant Cugat del Vallès,no,sí,167,621
aires-acondicionados/marcas/toshiba-sant-cugat-del-valles.html,marca/ciudad,Sant Cugat del Vallès,toshiba,,picture,aires-acondicionados/img/logo_zervitecnics.png,sí,31,png,560,120,sí,sí,sí,Zervitecnics,no,no,376,676
aires-acondicionados/marcas/toshiba-sant-cugat-del-valles.html,marca/ciudad,Sant Cugat del Vallès,toshiba,,og:image,aires-acondicionados/img/hero_main.jpg,sí,115,jpg,1400,787,no,sí,,,,,41,5
aires-acondicionados/marcas/toshiba-sant-joan-despi.html,marca/ciudad,Sant Joan Despí,toshiba,,picture,aires-acondicionados/img/logo_zervitecnics.png,sí,31,png,560,120,sí,sí,sí,Zervitecnics,sí,no,140,676
aires-acondicionados/marcas/toshiba-sant-joan-despi.html,marca/ciudad,Sant Joan Despí,toshiba,,picture,aires-acondicionados/img/hero_split.jpg,sí,91,jpg,1200,900,sí,sí,sí,Toshiba en Sant Joan Despí,no,sí,167,621
aires-acondicionados/marcas/toshiba-sant-joan-despi.html,marca/ciudad,Sant Joan Despí,toshiba,,picture,aires-acondicionados/img/logo_zervitecnics.png,sí,31,png,560,120,sí,sí,sí,Zervitecnics,no,no,375,676
aires-acondicionados/marcas/toshiba-sant-joan-despi.html,marca/ciudad,Sant Joan Despí,toshiba,,og:image,aires-acondicionados/img/hero_main.jpg,sí,115,jpg,1400,787,no,sí,,,,,41,5
aires-acondicionados/marcas/toshiba-sant-just-desvern.html,marca/ciudad,Sant Just Desvern,toshiba,,picture,aires-acondicionados/img/logo_zervitecnics.png,sí,31,png,560,120,sí,sí,sí,Zervitecnics,sí,no,140,676
aires-acondicionados/marcas/toshiba-sant-just-desvern.html,marca/ciudad,Sant Just Desvern,toshiba,,picture,aires-acondicionados/img/hero_split.jpg,sí,91,jpg,1200,900,sí,sí,sí,Toshiba en Sant Just Desvern,no,sí,167,621
aires-acondicionados/marcas/toshiba-sant-just-desvern.html,marca/ciudad,Sant Just Desvern,toshiba,,picture,aires-acondicionados/img/logo_zervitecnics.png,sí,31,png,560,120,sí,sí,sí,Zervitecnics,no,no,375,676
aires-acondicionados/marcas/toshiba-sant-just-desvern.html,marca/ciudad,Sant Just Desvern,toshiba,,og:image,aires-acondicionados/img/hero_main.jpg,sí,115,jpg,1400,787,no,sí,,,,,41,5
aires-acondicionados/marcas/toshiba-sant-quirze-del-valles.html,marca/ciudad,Sant Quirze del Vallès,toshiba,,picture,aires-acondicionados/img/logo_zervitecnics.png,sí,31,png,560,120,sí,sí,sí,Zervitecnics,sí,no,140,676
aires-acondicionados/marcas/toshiba-sant-quirze-del-valles.html,marca/ciudad,Sant Quirze del Vallès,toshiba,,picture,aires-acondicionados/img/hero_split.jpg,sí,91,jpg,1200,900,sí,sí,sí,Toshiba en Sant Quirze del Vallès,no,sí,167,621
aires-acondicionados/marcas/toshiba-sant-quirze-del-valles.html,marca/ciudad,Sant Quirze del Vallès,toshiba,,picture,aires-acondicionados/img/logo_zervitecnics.png,sí,31,png,560,120,sí,sí,sí,Zervitecnics,no,no,345,676
aires-acondicionados/marcas/toshiba-sant-quirze-del-valles.html,marca/ciudad,Sant Quirze del Vallès,toshiba,,og:image,aires-acondicionados/img/hero_main.jpg,sí,115,jpg,1400,787,no,sí,,,,,41,5
aires-acondicionados/marcas/toshiba-santa-coloma-de-gramenet.html,marca/ciudad,Santa Coloma de Gramenet,toshiba,,picture,aires-acondicionados/img/logo_zervitecnics.png,sí,31,png,560,120,sí,sí,sí,Zervitecnics,sí,no,140,676
aires-acondicionados/marcas/toshiba-santa-coloma-de-gramenet.html,marca/ciudad,Santa Coloma de Gramenet,toshiba,,picture,aires-acondicionados/img/hero_split.jpg,sí,91,jpg,1200,900,sí,sí,sí,Toshiba en Santa Coloma de Gramenet,no,sí,167,621
aires-acondicionados/marcas/toshiba-santa-coloma-de-gramenet.html,marca/ciudad,Santa Coloma de Gramenet,toshiba,,picture,aires-acondicionados/img/logo_zervitecnics.png,sí,31,png,560,120,sí,sí,sí,Zervitecnics,no,no,375,676
aires-acondicionados/marcas/toshiba-santa-coloma-de-gramenet.html,marca/ciudad,Santa Coloma de Gramenet,toshiba,,og:image,aires-acondicionados/img/hero_main.jpg,sí,115,jpg,1400,787,no,sí,,,,,41,5
aires-acondicionados/marcas/toshiba-sitges.html,marca/ciudad,Sitges,toshiba,,picture,aires-acondicionados/img/logo_zervitecnics.png,sí,31,png,560,120,sí,sí,sí,Zervitecnics,sí,no,140,676
aires-acondicionados/marcas/toshiba-sitges.html,marca/ciudad,Sitges,toshiba,,picture,aires-acondicionados/img/hero_split.jpg,sí,91,jpg,1200,900,sí,sí,sí,Toshiba en Sitges,no,sí,167,621
aires-acondicionados/marcas/toshiba-sitges.html,marca/ciudad,Sitges,toshiba,,picture,aires-acondicionados/img/logo_zervitecnics.png,sí,31,png,560,120,sí,sí,sí,Zervitecnics,no,no,345,676
aires-acondicionados/marcas/toshiba-sitges.html,marca/ciudad,Sitges,toshiba,,og:image,aires-acondicionados/img/hero_main.jpg,sí,115,jpg,1400,787,no,sí,,,,,41,5
aires-acondicionados/marcas/toshiba-terrassa.html,marca/ciudad,Terrassa,toshiba,,picture,aires-acondicionados/img/logo_zervitecnics.png,sí,31,png,560,120,sí,sí,sí,Zervitecnics,sí,no,140,676
aires-acondicionados/marcas/toshiba-terrassa.html,marca/ciudad,Terrassa,toshiba,,picture,aires-acondicionados/img/hero_split.jpg,sí,91,jpg,1200,900,sí,sí,sí,Toshiba en Terrassa,no,sí,167,621
aires-acondicionados/marcas/toshiba-terrassa.html,marca/ciudad,Terrassa,toshiba,,picture,aires-acondicionados/img/logo_zervitecnics.png,sí,31,png,560,120,sí,sí,sí,Zervitecnics,no,no,376,676
aires-acondicionados/marcas/toshiba-terrassa.html,marca/ciudad,Terrassa,toshiba,,og:image,aires-acondicionados/img/hero_main.jpg,sí,115,jpg,1400,787,no,sí,,,,,41,5
aires-acondicionados/marcas/toshiba-viladecans.html,marca/ciudad,Viladecans,toshiba,,picture,aires-acondicionados/img/logo_zervitecnics.png,sí,31,png,560,120,sí,sí,sí,Zervitecnics,sí,no,140,676
aires-acondicionados/marcas/toshiba-viladecans.html,marca/ciudad,Viladecans,toshiba,,picture,aires-acondicionados/img/hero_split.jpg,sí,91,jpg,1200,900,sí,sí,sí,Toshiba en Viladecans,no,sí,167,621
aires-acondicionados/marcas/toshiba-viladecans.html,marca/ciudad,Viladecans,toshiba,,picture,aires-acondicionados/img/logo_zervitecnics.png,sí,31,png,560,120,sí,sí,sí,Zervitecnics,no,no,375,676
aires-acondicionados/marcas/toshiba-viladecans.html,marca/ciudad,Viladecans,toshiba,,og:image,aires-acondicionados/img/hero_main.jpg,sí,115,jpg,1400,787,no,sí,,,,,41,5
aires-acondicionados/marcas/toshiba-vilassar-de-mar.html,marca/ciudad,Vilassar de Mar,toshiba,,picture,aires-acondicionados/img/logo_zervitecnics.png,sí,31,png,560,120,sí,sí,sí,Zervitecnics,sí,no,140,676
aires-acondicionados/marcas/toshiba-vilassar-de-mar.html,marca/ciudad,Vilassar de Mar,toshiba,,picture,aires-acondicionados/img/hero_split.jpg,sí,91,jpg,1200,900,sí,sí,sí,Toshiba en Vilassar de Mar,no,sí,167,621
aires-acondicionados/marcas/toshiba-vilassar-de-mar.html,marca/ciudad,Vilassar de Mar,toshiba,,picture,aires-acondicionados/img/logo_zervitecnics.png,sí,31,png,560,120,sí,sí,sí,Zervitecnics,no,no,345,676
aires-acondicionados/marcas/toshiba-vilassar-de-mar.html,marca/ciudad,Vilassar de Mar,toshiba,,og:image,aires-acondicionados/img/hero_main.jpg,sí,115,jpg,1400,787,no,sí,,,,,41,5
aires-acondicionados/marcas/toshiba.html,marca/raiz,,toshiba,,picture,aires-acondicionados/img/logo_zervitecnics.png,sí,31,png,560,120,sí,sí,sí,Zervitecnics,sí,no,127,676
aires-acondicionados/marcas/toshiba.html,marca/raiz,,toshiba,,picture,aires-acondicionados/img/hero_split.jpg,sí,91,jpg,1200,900,sí,sí,sí,Instalación Toshiba en Barcelona,no,sí,154,621
aires-acondicionados/marcas/toshiba.html,marca/raiz,,toshiba,,picture,aires-acondicionados/img/logo_zervitecnics.png,sí,31,png,560,120,sí,sí,sí,Zervitecnics,no,no,358,676
aires-acondicionados/marcas/toshiba.html,marca/raiz,,toshiba,,og:image,aires-acondicionados/img/hero_main.jpg,sí,115,jpg,1400,787,no,sí,,,,,45,5
aires-acondicionados/ofertas.html,servicio,,,,picture,aires-acondicionados/img/logo_zervitecnics.png,sí,31,png,560,120,sí,sí,sí,Zervitecnics,sí,no,121,676
aires-acondicionados/ofertas.html,servicio,,,,picture,aires-acondicionados/img/oferta-split-3000.jpg,sí,105,jpg,900,675,sí,sí,sí,Split Inverter 3000 frigorías R32 instalado en salón de Barcelona,sí,sí,157,1
aires-acondicionados/ofertas.html,servicio,,,,picture,aires-acondicionados/img/oferta-2x1-3000-2100.jpg,sí,96,jpg,900,675,sí,sí,sí,Sistema 2x1 con splits de 3000 y 2100 frigorías en piso de Barcelona,sí,sí,183,1
aires-acondicionados/ofertas.html,servicio,,,,picture,aires-acondicionados/img/oferta-haier-tider35.jpg,sí,101,jpg,900,675,sí,sí,sí,Aire acondicionado Haier TIDER 35 instalado en habitación de Barcelona,sí,sí,209,1
aires-acondicionados/ofertas.html,servicio,,,,picture,aires-acondicionados/img/oferta-mitsubishi-3400w.jpg,sí,98,jpg,900,675,sí,sí,sí,Mitsubishi Electric Inverter 3.4 kW instalado en piso de Barcelona,sí,sí,235,1
aires-acondicionados/ofertas.html,servicio,,,,picture,aires-acondicionados/img/oferta-2x1-mitsubishi-4kw.jpg,sí,106,jpg,900,675,sí,sí,sí,Sistema 2x1 Mitsubishi 4 kW instalado en dos habitaciones de Barcelona,sí,sí,261,1
aires-acondicionados/ofertas.html,servicio,,,,picture,aires-acondicionados/img/oferta-2x1-haier-wifi.jpg,sí,121,jpg,900,675,sí,sí,sí,Sistema 2x1 Haier TIDER con control WiFi instalado en Barcelona,sí,sí,287,1
aires-acondicionados/ofertas.html,servicio,,,,picture,aires-acondicionados/img/logo_zervitecnics.png,sí,31,png,560,120,sí,sí,sí,Zervitecnics,no,no,382,676
aires-acondicionados/ofertas.html,servicio,,,,og:image,aires-acondicionados/img/oferta-mitsubishi-3400w.jpg,sí,98,jpg,900,675,no,sí,,,,,46,1
aires-acondicionados/precios.html,servicio,,,,picture,aires-acondicionados/img/logo_zervitecnics.png,sí,31,png,560,120,sí,sí,sí,Zervitecnics,sí,no,82,676
aires-acondicionados/precios.html,servicio,,,,picture,aires-acondicionados/img/logo_zervitecnics.png,sí,31,png,560,120,sí,sí,sí,Zervitecnics,no,no,288,676
aires-acondicionados/subvenciones.html,servicio,,,,picture,aires-acondicionados/img/logo_zervitecnics.png,sí,31,png,560,120,sí,sí,sí,Zervitecnics,sí,no,100,676
aires-acondicionados/subvenciones.html,servicio,,,,picture,aires-acondicionados/img/logo_zervitecnics.png,sí,31,png,560,120,sí,sí,sí,Zervitecnics,no,no,308,676
aires-acondicionados/subvenciones.html,servicio,,,,og:image,aires-acondicionados/img/hero_main.jpg,sí,115,jpg,1400,787,no,sí,,,,,45,5
aires-acondicionados/zonas/badalona.html,zona,Badalona,,,picture,aires-acondicionados/img/logo_zervitecnics.png,sí,31,png,560,120,sí,sí,sí,Zervitecnics,sí,no,135,676
aires-acondicionados/zonas/badalona.html,zona,Badalona,,,img,aires-acondicionados/img/barcelona_aerial.jpg,sí,218,jpg,1200,674,no,no,sí,Vista de Badalona,no,sí,162,15
aires-acondicionados/zonas/badalona.html,zona,Badalona,,,picture,aires-acondicionados/img/hero_split.jpg,sí,91,jpg,1200,900,sí,sí,sí,Split 1x1 en Badalona,no,sí,192,621
aires-acondicionados/zonas/badalona.html,zona,Badalona,,,picture,aires-acondicionados/img/multisplit_service.jpg,sí,102,jpg,1200,675,sí,sí,sí,Multisplit en Badalona,no,sí,196,21
aires-acondicionados/zonas/badalona.html,zona,Badalona,,,picture,aires-acondicionados/img/conductos_service.jpg,sí,84,jpg,1200,675,sí,sí,sí,Conductos en Badalona,no,sí,200,17
aires-acondicionados/zonas/badalona.html,zona,Badalona,,,picture,aires-acondicionados/img/logo_zervitecnics.png,sí,31,png,560,120,sí,sí,sí,Zervitecnics,no,no,300,676
aires-acondicionados/zonas/badalona.html,zona,Badalona,,,og:image,aires-acondicionados/img/barcelona_aerial.jpg,sí,218,jpg,1200,674,no,no,,,,,45,15
aires-acondicionados/zonas/castelldefels.html,zona,Castelldefels,,,picture,aires-acondicionados/img/logo_zervitecnics.png,sí,31,png,560,120,sí,sí,sí,Zervitecnics,sí,no,135,676
aires-acondicionados/zonas/castelldefels.html,zona,Castelldefels,,,img,aires-acondicionados/img/barcelona_aerial.jpg,sí,218,jpg,1200,674,no,no,sí,Vista de Castelldefels,no,sí,162,15
aires-acondicionados/zonas/castelldefels.html,zona,Castelldefels,,,picture,aires-acondicionados/img/hero_split.jpg,sí,91,jpg,1200,900,sí,sí,sí,Split 1x1 en Castelldefels,no,sí,193,621
aires-acondicionados/zonas/castelldefels.html,zona,Castelldefels,,,picture,aires-acondicionados/img/multisplit_service.jpg,sí,102,jpg,1200,675,sí,sí,sí,Multisplit en Castelldefels,no,sí,197,21
aires-acondicionados/zonas/castelldefels.html,zona,Castelldefels,,,picture,aires-acondicionados/img/conductos_service.jpg,sí,84,jpg,1200,675,sí,sí,sí,Conductos en Castelldefels,no,sí,201,17
aires-acondicionados/zonas/castelldefels.html,zona,Castelldefels,,,picture,aires-acondicionados/img/logo_zervitecnics.png,sí,31,png,560,120,sí,sí,sí,Zervitecnics,no,no,309,676
aires-acondicionados/zonas/castelldefels.html,zona,Castelldefels,,,og:image,aires-acondicionados/img/barcelona_aerial.jpg,sí,218,jpg,1200,674,no,no,,,,,45,15
aires-acondicionados/zonas/cornella.html,zona,cornella,,,picture,aires-acondicionados/img/logo_zervitecnics.png,sí,31,png,560,120,sí,sí,sí,Zervitecnics,sí,no,135,676
aires-acondicionados/zonas/cornella.html,zona,cornella,,,img,aires-acondicionados/img/barcelona_aerial.jpg,sí,218,jpg,1200,674,no,no,sí,Vista de Cornellà de Llobregat,no,sí,162,15
aires-acondicionados/zonas/cornella.html,zona,cornella,,,picture,aires-acondicionados/img/hero_split.jpg,sí,91,jpg,1200,900,sí,sí,sí,Split 1x1 en Cornellà,no,sí,192,621
aires-acondicionados/zonas/cornella.html,zona,cornella,,,picture,aires-acondicionados/img/multisplit_service.jpg,sí,102,jpg,1200,675,sí,sí,sí,Multisplit en Cornellà,no,sí,196,21
aires-acondicionados/zonas/cornella.html,zona,cornella,,,picture,aires-acondicionados/img/conductos_service.jpg,sí,84,jpg,1200,675,sí,sí,sí,Conductos en Cornellà,no,sí,200,17
aires-acondicionados/zonas/cornella.html,zona,cornella,,,picture,aires-acondicionados/img/logo_zervitecnics.png,sí,31,png,560,120,sí,sí,sí,Zervitecnics,no,no,296,676
aires-acondicionados/zonas/cornella.html,zona,cornella,,,og:image,aires-acondicionados/img/barcelona_aerial.jpg,sí,218,jpg,1200,674,no,no,,,,,45,15
aires-acondicionados/zonas/eixample.html,zona,eixample,,,picture,aires-acondicionados/img/logo_zervitecnics.png,sí,31,png,560,120,sí,sí,sí,Zervitecnics,sí,no,135,676
aires-acondicionados/zonas/eixample.html,zona,eixample,,,img,aires-acondicionados/img/barcelona_aerial.jpg,sí,218,jpg,1200,674,no,no,sí,Vista de L'Eixample,no,sí,162,15
aires-acondicionados/zonas/eixample.html,zona,eixample,,,picture,aires-acondicionados/img/hero_split.jpg,sí,91,jpg,1200,900,sí,sí,sí,Split 1x1 en Eixample,no,sí,193,621
aires-acondicionados/zonas/eixample.html,zona,eixample,,,picture,aires-acondicionados/img/multisplit_service.jpg,sí,102,jpg,1200,675,sí,sí,sí,Multisplit en Eixample,no,sí,197,21
aires-acondicionados/zonas/eixample.html,zona,eixample,,,picture,aires-acondicionados/img/conductos_service.jpg,sí,84,jpg,1200,675,sí,sí,sí,Conductos en Eixample,no,sí,201,17
aires-acondicionados/zonas/eixample.html,zona,eixample,,,picture,aires-acondicionados/img/logo_zervitecnics.png,sí,31,png,560,120,sí,sí,sí,Zervitecnics,no,no,310,676
aires-acondicionados/zonas/eixample.html,zona,eixample,,,og:image,aires-acondicionados/img/barcelona_aerial.jpg,sí,218,jpg,1200,674,no,no,,,,,45,15
aires-acondicionados/zonas/gracia.html,zona,gracia,,,picture,aires-acondicionados/img/logo_zervitecnics.png,sí,31,png,560,120,sí,sí,sí,Zervitecnics,sí,no,135,676
aires-acondicionados/zonas/gracia.html,zona,gracia,,,img,aires-acondicionados/img/barcelona_aerial.jpg,sí,218,jpg,1200,674,no,no,sí,Vista de Gràcia,no,sí,162,15
aires-acondicionados/zonas/gracia.html,zona,gracia,,,picture,aires-acondicionados/img/hero_split.jpg,sí,91,jpg,1200,900,sí,sí,sí,Split 1x1 en Gràcia,no,sí,193,621
aires-acondicionados/zonas/gracia.html,zona,gracia,,,picture,aires-acondicionados/img/multisplit_service.jpg,sí,102,jpg,1200,675,sí,sí,sí,Multisplit en Gràcia,no,sí,197,21
aires-acondicionados/zonas/gracia.html,zona,gracia,,,picture,aires-acondicionados/img/conductos_service.jpg,sí,84,jpg,1200,675,sí,sí,sí,Conductos en Gràcia,no,sí,201,17
aires-acondicionados/zonas/gracia.html,zona,gracia,,,picture,aires-acondicionados/img/logo_zervitecnics.png,sí,31,png,560,120,sí,sí,sí,Zervitecnics,no,no,310,676
aires-acondicionados/zonas/gracia.html,zona,gracia,,,og:image,aires-acondicionados/img/barcelona_aerial.jpg,sí,218,jpg,1200,674,no,no,,,,,45,15
aires-acondicionados/zonas/hospitalet.html,zona,hospitalet,,,picture,aires-acondicionados/img/logo_zervitecnics.png,sí,31,png,560,120,sí,sí,sí,Zervitecnics,sí,no,135,676
aires-acondicionados/zonas/hospitalet.html,zona,hospitalet,,,img,aires-acondicionados/img/barcelona_aerial.jpg,sí,218,jpg,1200,674,no,no,sí,Vista de L'Hospitalet de Llobregat,no,sí,162,15
aires-acondicionados/zonas/hospitalet.html,zona,hospitalet,,,picture,aires-acondicionados/img/hero_split.jpg,sí,91,jpg,1200,900,sí,sí,sí,Split 1x1 en L'Hospitalet,no,sí,192,621
aires-acondicionados/zonas/hospitalet.html,zona,hospitalet,,,picture,aires-acondicionados/img/multisplit_service.jpg,sí,102,jpg,1200,675,sí,sí,sí,Multisplit en L'Hospitalet,no,sí,196,21
aires-acondicionados/zonas/hospitalet.html,zona,hospitalet,,,picture,aires-acondicionados/img/conductos_service.jpg,sí,84,jpg,1200,675,sí,sí,sí,Conductos en L'Hospitalet,no,sí,200,17
aires-acondicionados/zonas/hospitalet.html,zona,hospitalet,,,picture,aires-acondicionados/img/logo_zervitecnics.png,sí,31,png,560,120,sí,sí,sí,Zervitecnics,no,no,296,676
aires-acondicionados/zonas/hospitalet.html,zona,hospitalet,,,og:image,aires-acondicionados/img/barcelona_aerial.jpg,sí,218,jpg,1200,674,no,no,,,,,45,15
aires-acondicionados/zonas/les-corts.html,zona,les-corts,,,picture,aires-acondicionados/img/logo_zervitecnics.png,sí,31,png,560,120,sí,sí,sí,Zervitecnics,sí,no,135,676
aires-acondicionados/zonas/les-corts.html,zona,les-corts,,,img,aires-acondicionados/img/barcelona_aerial.jpg,sí,218,jpg,1200,674,no,no,sí,Vista de Les Corts,no,sí,162,15
aires-acondicionados/zonas/les-corts.html,zona,les-corts,,,picture,aires-acondicionados/img/hero_split.jpg,sí,91,jpg,1200,900,sí,sí,sí,Split 1x1 en Les Corts,no,sí,194,621
aires-acondicionados/zonas/les-corts.html,zona,les-corts,,,picture,aires-acondicionados/img/multisplit_service.jpg,sí,102,jpg,1200,675,sí,sí,sí,Multisplit en Les Corts,no,sí,198,21
aires-acondicionados/zonas/les-corts.html,zona,les-corts,,,picture,aires-acondicionados/img/conductos_service.jpg,sí,84,jpg,1200,675,sí,sí,sí,Conductos en Les Corts,no,sí,202,17
aires-acondicionados/zonas/les-corts.html,zona,les-corts,,,picture,aires-acondicionados/img/logo_zervitecnics.png,sí,31,png,560,120,sí,sí,sí,Zervitecnics,no,no,311,676
aires-acondicionados/zonas/les-corts.html,zona,les-corts,,,og:image,aires-acondicionados/img/barcelona_aerial.jpg,sí,218,jpg,1200,674,no,no,,,,,45,15
aires-acondicionados/zonas/nou-barris.html,zona,nou-barris,,,picture,aires-acondicionados/img/logo_zervitecnics.png,sí,31,png,560,120,sí,sí,sí,Zervitecnics,sí,no,135,676
aires-acondicionados/zonas/nou-barris.html,zona,nou-barris,,,img,aires-acondicionados/img/barcelona_aerial.jpg,sí,218,jpg,1200,674,no,no,sí,Vista de Nou Barris,no,sí,162,15
aires-acondicionados/zonas/nou-barris.html,zona,nou-barris,,,picture,aires-acondicionados/img/hero_split.jpg,sí,91,jpg,1200,900,sí,sí,sí,Split 1x1 en Nou Barris,no,sí,194,621
aires-acondicionados/zonas/nou-barris.html,zona,nou-barris,,,picture,aires-acondicionados/img/multisplit_service.jpg,sí,102,jpg,1200,675,sí,sí,sí,Multisplit en Nou Barris,no,sí,198,21
aires-acondicionados/zonas/nou-barris.html,zona,nou-barris,,,picture,aires-acondicionados/img/conductos_service.jpg,sí,84,jpg,1200,675,sí,sí,sí,Conductos en Nou Barris,no,sí,202,17
aires-acondicionados/zonas/nou-barris.html,zona,nou-barris,,,picture,aires-acondicionados/img/logo_zervitecnics.png,sí,31,png,560,120,sí,sí,sí,Zervitecnics,no,no,311,676
aires-acondicionados/zonas/nou-barris.html,zona,nou-barris,,,og:image,aires-acondicionados/img/barcelona_aerial.jpg,sí,218,jpg,1200,674,no,no,,,,,45,15
aires-acondicionados/zonas/sabadell.html,zona,Sabadell,,,picture,aires-acondicionados/img/logo_zervitecnics.png,sí,31,png,560,120,sí,sí,sí,Zervitecnics,sí,no,135,676
aires-acondicionados/zonas/sabadell.html,zona,Sabadell,,,img,aires-acondicionados/img/barcelona_aerial.jpg,sí,218,jpg,1200,674,no,no,sí,Vista de Sabadell,no,sí,162,15
aires-acondicionados/zonas/sabadell.html,zona,Sabadell,,,picture,aires-acondicionados/img/hero_split.jpg,sí,91,jpg,1200,900,sí,sí,sí,Split 1x1 en Sabadell,no,sí,192,621
aires-acondicionados/zonas/sabadell.html,zona,Sabadell,,,picture,aires-acondicionados/img/multisplit_service.jpg,sí,102,jpg,1200,675,sí,sí,sí,Multisplit en Sabadell,no,sí,196,21
aires-acondicionados/zonas/sabadell.html,zona,Sabadell,,,picture,aires-acondicionados/img/conductos_service.jpg,sí,84,jpg,1200,675,sí,sí,sí,Conductos en Sabadell,no,sí,200,17
aires-acondicionados/zonas/sabadell.html,zona,Sabadell,,,picture,aires-acondicionados/img/logo_zervitecnics.png,sí,31,png,560,120,sí,sí,sí,Zervitecnics,no,no,300,676
aires-acondicionados/zonas/sabadell.html,zona,Sabadell,,,og:image,aires-acondicionados/img/barcelona_aerial.jpg,sí,218,jpg,1200,674,no,no,,,,,45,15
aires-acondicionados/zonas/sant-andreu.html,zona,sant-andreu,,,picture,aires-acondicionados/img/logo_zervitecnics.png,sí,31,png,560,120,sí,sí,sí,Zervitecnics,sí,no,135,676
aires-acondicionados/zonas/sant-andreu.html,zona,sant-andreu,,,img,aires-acondicionados/img/barcelona_aerial.jpg,sí,218,jpg,1200,674,no,no,sí,Vista de Sant Andreu,no,sí,162,15
aires-acondicionados/zonas/sant-andreu.html,zona,sant-andreu,,,picture,aires-acondicionados/img/hero_split.jpg,sí,91,jpg,1200,900,sí,sí,sí,Split 1x1 en Sant Andreu,no,sí,194,621
aires-acondicionados/zonas/sant-andreu.html,zona,sant-andreu,,,picture,aires-acondicionados/img/multisplit_service.jpg,sí,102,jpg,1200,675,sí,sí,sí,Multisplit en Sant Andreu,no,sí,198,21
aires-acondicionados/zonas/sant-andreu.html,zona,sant-andreu,,,picture,aires-acondicionados/img/conductos_service.jpg,sí,84,jpg,1200,675,sí,sí,sí,Conductos en Sant Andreu,no,sí,202,17
aires-acondicionados/zonas/sant-andreu.html,zona,sant-andreu,,,picture,aires-acondicionados/img/logo_zervitecnics.png,sí,31,png,560,120,sí,sí,sí,Zervitecnics,no,no,311,676
aires-acondicionados/zonas/sant-andreu.html,zona,sant-andreu,,,og:image,aires-acondicionados/img/barcelona_aerial.jpg,sí,218,jpg,1200,674,no,no,,,,,45,15
aires-acondicionados/zonas/sant-cugat.html,zona,sant-cugat,,,picture,aires-acondicionados/img/logo_zervitecnics.png,sí,31,png,560,120,sí,sí,sí,Zervitecnics,sí,no,135,676
aires-acondicionados/zonas/sant-cugat.html,zona,sant-cugat,,,img,aires-acondicionados/img/barcelona_aerial.jpg,sí,218,jpg,1200,674,no,no,sí,Vista de Sant Cugat del Vallès,no,sí,162,15
aires-acondicionados/zonas/sant-cugat.html,zona,sant-cugat,,,picture,aires-acondicionados/img/hero_split.jpg,sí,91,jpg,1200,900,sí,sí,sí,Split 1x1 en Sant Cugat,no,sí,192,621
aires-acondicionados/zonas/sant-cugat.html,zona,sant-cugat,,,picture,aires-acondicionados/img/multisplit_service.jpg,sí,102,jpg,1200,675,sí,sí,sí,Multisplit en Sant Cugat,no,sí,196,21
aires-acondicionados/zonas/sant-cugat.html,zona,sant-cugat,,,picture,aires-acondicionados/img/conductos_service.jpg,sí,84,jpg,1200,675,sí,sí,sí,Conductos en Sant Cugat,no,sí,200,17
aires-acondicionados/zonas/sant-cugat.html,zona,sant-cugat,,,picture,aires-acondicionados/img/logo_zervitecnics.png,sí,31,png,560,120,sí,sí,sí,Zervitecnics,no,no,304,676
aires-acondicionados/zonas/sant-cugat.html,zona,sant-cugat,,,og:image,aires-acondicionados/img/barcelona_aerial.jpg,sí,218,jpg,1200,674,no,no,,,,,45,15
aires-acondicionados/zonas/sant-marti.html,zona,sant-marti,,,picture,aires-acondicionados/img/logo_zervitecnics.png,sí,31,png,560,120,sí,sí,sí,Zervitecnics,sí,no,135,676
aires-acondicionados/zonas/sant-marti.html,zona,sant-marti,,,img,aires-acondicionados/img/barcelona_aerial.jpg,sí,218,jpg,1200,674,no,no,sí,Vista de Sant Martí,no,sí,162,15
aires-acondicionados/zonas/sant-marti.html,zona,sant-marti,,,picture,aires-acondicionados/img/hero_split.jpg,sí,91,jpg,1200,900,sí,sí,sí,Split 1x1 en Sant Martí,no,sí,194,621
aires-acondicionados/zonas/sant-marti.html,zona,sant-marti,,,picture,aires-acondicionados/img/multisplit_service.jpg,sí,102,jpg,1200,675,sí,sí,sí,Multisplit en Sant Martí,no,sí,198,21
aires-acondicionados/zonas/sant-marti.html,zona,sant-marti,,,picture,aires-acondicionados/img/conductos_service.jpg,sí,84,jpg,1200,675,sí,sí,sí,Conductos en Sant Martí,no,sí,202,17
aires-acondicionados/zonas/sant-marti.html,zona,sant-marti,,,picture,aires-acondicionados/img/logo_zervitecnics.png,sí,31,png,560,120,sí,sí,sí,Zervitecnics,no,no,311,676
aires-acondicionados/zonas/sant-marti.html,zona,sant-marti,,,og:image,aires-acondicionados/img/barcelona_aerial.jpg,sí,218,jpg,1200,674,no,no,,,,,45,15
aires-acondicionados/zonas/sants.html,zona,sants,,,picture,aires-acondicionados/img/logo_zervitecnics.png,sí,31,png,560,120,sí,sí,sí,Zervitecnics,sí,no,135,676
aires-acondicionados/zonas/sants.html,zona,sants,,,img,aires-acondicionados/img/barcelona_aerial.jpg,sí,218,jpg,1200,674,no,no,sí,Vista de Sants,no,sí,162,15
aires-acondicionados/zonas/sants.html,zona,sants,,,picture,aires-acondicionados/img/hero_split.jpg,sí,91,jpg,1200,900,sí,sí,sí,Split 1x1 en Sants,no,sí,194,621
aires-acondicionados/zonas/sants.html,zona,sants,,,picture,aires-acondicionados/img/multisplit_service.jpg,sí,102,jpg,1200,675,sí,sí,sí,Multisplit en Sants,no,sí,198,21
aires-acondicionados/zonas/sants.html,zona,sants,,,picture,aires-acondicionados/img/conductos_service.jpg,sí,84,jpg,1200,675,sí,sí,sí,Conductos en Sants,no,sí,202,17
aires-acondicionados/zonas/sants.html,zona,sants,,,picture,aires-acondicionados/img/logo_zervitecnics.png,sí,31,png,560,120,sí,sí,sí,Zervitecnics,no,no,311,676
aires-acondicionados/zonas/sants.html,zona,sants,,,og:image,aires-acondicionados/img/barcelona_aerial.jpg,sí,218,jpg,1200,674,no,no,,,,,45,15
aires-acondicionados/zonas/sarria.html,zona,sarria,,,picture,aires-acondicionados/img/logo_zervitecnics.png,sí,31,png,560,120,sí,sí,sí,Zervitecnics,sí,no,135,676
aires-acondicionados/zonas/sarria.html,zona,sarria,,,img,aires-acondicionados/img/barcelona_aerial.jpg,sí,218,jpg,1200,674,no,no,sí,Vista de Sarrià-Sant Gervasi,no,sí,162,15
aires-acondicionados/zonas/sarria.html,zona,sarria,,,picture,aires-acondicionados/img/hero_split.jpg,sí,91,jpg,1200,900,sí,sí,sí,Split 1x1 en Sarrià-Sant Gervasi,no,sí,194,621
aires-acondicionados/zonas/sarria.html,zona,sarria,,,picture,aires-acondicionados/img/multisplit_service.jpg,sí,102,jpg,1200,675,sí,sí,sí,Multisplit en Sarrià-Sant Gervasi,no,sí,198,21
aires-acondicionados/zonas/sarria.html,zona,sarria,,,picture,aires-acondicionados/img/conductos_service.jpg,sí,84,jpg,1200,675,sí,sí,sí,Conductos en Sarrià-Sant Gervasi,no,sí,202,17
aires-acondicionados/zonas/sarria.html,zona,sarria,,,picture,aires-acondicionados/img/logo_zervitecnics.png,sí,31,png,560,120,sí,sí,sí,Zervitecnics,no,no,311,676
aires-acondicionados/zonas/sarria.html,zona,sarria,,,og:image,aires-acondicionados/img/barcelona_aerial.jpg,sí,218,jpg,1200,674,no,no,,,,,45,15
aires-acondicionados/zonas/terrassa.html,zona,Terrassa,,,picture,aires-acondicionados/img/logo_zervitecnics.png,sí,31,png,560,120,sí,sí,sí,Zervitecnics,sí,no,135,676
aires-acondicionados/zonas/terrassa.html,zona,Terrassa,,,img,aires-acondicionados/img/barcelona_aerial.jpg,sí,218,jpg,1200,674,no,no,sí,Vista de Terrassa,no,sí,162,15
aires-acondicionados/zonas/terrassa.html,zona,Terrassa,,,picture,aires-acondicionados/img/hero_split.jpg,sí,91,jpg,1200,900,sí,sí,sí,Split 1x1 en Terrassa,no,sí,192,621
aires-acondicionados/zonas/terrassa.html,zona,Terrassa,,,picture,aires-acondicionados/img/multisplit_service.jpg,sí,102,jpg,1200,675,sí,sí,sí,Multisplit en Terrassa,no,sí,196,21
aires-acondicionados/zonas/terrassa.html,zona,Terrassa,,,picture,aires-acondicionados/img/conductos_service.jpg,sí,84,jpg,1200,675,sí,sí,sí,Conductos en Terrassa,no,sí,200,17
aires-acondicionados/zonas/terrassa.html,zona,Terrassa,,,picture,aires-acondicionados/img/logo_zervitecnics.png,sí,31,png,560,120,sí,sí,sí,Zervitecnics,no,no,304,676
aires-acondicionados/zonas/terrassa.html,zona,Terrassa,,,og:image,aires-acondicionados/img/barcelona_aerial.jpg,sí,218,jpg,1200,674,no,no,,,,,45,15
index.html,portada-dominio,,,,og:image,aires-acondicionados/img/hero_main.jpg,sí,115,jpg,1400,787,no,sí,,,,,44,5
